Workbook

Sheet READ_ME
B2: Tabs | C2: Details | D2: Notes | F2: Abbreviations
B3: HAWC2 | C3: Raw data of noFPM & FPM structural models of HAWC2 | D3: Compare them to map matrix elements with structural properties | F3: FPM | G3: Fully Populated Matrix
B4: HAWC2_2_hGAST_noFPM | C4: Process noFPM data to use as input in hGAST | D4: HAWC2 in airfoil LOCAL system, tranformation to hGAST blade GLOBAL system | F4: 2 | G4: to
B5: HAWC2_2_hGAST_FPM | C5: Process FPM data to use as input in hGAST | D5: HAWC2 in airfoil LOCAL system, tranformation to hGAST blade GLOBAL system
B6: hGAST_comparison | C6: Comparison of noFPM & FPM hGAST models | D6: Plots of "HAWC2_2_hGAST_***" tabs
B7: hGAST_vs_BeamDyn | C7: Raw IEA data compared with noFPM & FPM hGAST models | D7: IEA data given in BeamDyn format | F7: vs | G7: versus
B8: BeamDyn_2_hGAST | C8: Process BeamDyn FPM data to use as input in hGAST | D8: BeamDyn in airfoil LOCAL system, tranformation to hGAST blade GLOBAL system
B9: machi_frm_BeamDyn | C9: Model in machi.inp format | D9: "BeamDyn_2_hGAST" model | F9: frm | G9: from
B10: machi_frm_HAWC2 | C10: Model in machi.inp format | D10: "HAWC2_2_hGAST_FPM" model
B11: EXI_BeamDyn_diff | C11: Comparison of "BeamDyn_2_hGAST" & "EXI_machi" models | D11: plots, [%] differences | F11: diff | G11: differences
B12: EXI_HAWC2_diff | C12: Comparison of "HAWC2_2_hGAST_FPM" & "EXI_machi" models | D12: plots, [%] differences
B13: tower+shaft | C13: Process tower & shaft structural properties | D13: HAWC2 data
B14: output | C14: TXT format of machi.inp | D14: "machi_frm_BeamDyn"
B15: EXI_machi | C15: Existing machi.inp | D15: Manolo's machi.inp | F15: EXI | G15: existing

Sheet HAWC2
A1: HAWC_2 | V1: HAWC_2 | AJ1: HAWC_2
A2: File Name: | B2: https://github.com/IEAWindSystems/IEA-15-240-RWT/blob/master/HAWC2/IEA-15-240-RWT/IEA_15MW_RWT_Blade_st_noFPM.st | AJ2: File Name: | AK2: https://github.com/IEAWindSystems/IEA-15-240-RWT/blob/master/HAWC2/IEA-15-240-RWT/IEA_15MW_RWT_Blade_st_FPM.st
A3: Details: | B3: RAW | C3: DATA | D3: Structural properties for blade model: standard Timoshenko beam | V3: Details: | W3: PROCESS | X3: noFPM.st data to compare with FPM data (stiffness matrix elements) | AJ3: Details: | AK3: RAW | AL3: DATA | AM3: Structural properties for blade model: fully-populated matrix (FPM) | AS3: Shr_edg | AT3: Shr_flp-edg | AX3: Shr_edg + Trs | AY3: Shr_flp | BC3: Shr_flp + Trs | BD3: Ten | BE3: Ten + Bnd_flp | BF3: Ten + Bnd_edg | BH3: Bnd_flp | BI3: Bnd_flp-edg | BK3: Bnd_edg | BM3: Trs
V4: Notes: | W4: shear - torsion coupling | X4: principal | Y4: principal | AA4: principal | AB4: principal | AC4: principal | AD4: principal | AF4: principal | AG4: @ elastic center | AH4: @ elastic center | AJ4: Notes: | AS4: GAx | AT4: GΑxy | AX4: - GAxX | AY4: GAy | BC4: GAyY | BD4: EA | BE4: EAx | BF4: - EAy | BH4: EIxx | BI4: - EIxy | BK4: EIyy | BM4: GJ
A5: r_[m] | B5: m_[kg/m] | C5: x_cg_[m] | D5: y_cg_[m] | E5: ri_x_[m] | F5: ri_y_[m] | G5: x_sh_[m] | H5: y_sh_[m] | I5: E_[N/m^2] | J5: G_[N/m^2] | K5: I_x_[m^4] | L5: I_y_[m^4] | M5: I_p_[m^4] | N5: k_x_[-] | O5: k_y_[-] | P5: A_[m^2] | Q5: pitch_[deg] | R5: x_e_[m] | S5: y_e_[m] | T5: $ 26 | V5: c2_GAxX_[Nm] | W5: c2_GAyY_[Nm] | X5: GAx_[N] | Y5: GAy_[N] | Z5: EA_[N] | AA5: - GAxX_[Nm] | AB5: GAyY_[Nm] | AC5: EIxx_[Nm2] | AD5: EIyy_[Nm2] | AE5: GJ_[Nm2] | AF5: EIxy_[Nm2] | AG5: EAx_[Nm] | AH5: EAy_[Nm] | AJ5: r | AK5: m_[kg/m] | AL5: x_cg_[m] | AM5: y_cg_[m] | AN5: ri_x_[m] | AO5: ri_y_[m] | AP5: pitch_[deg] | AQ5: x_e_[m] | AR5: y_e_[m] | AS5: K11 | AT5: K12 | AU5: K13 | AV5: K14 | AW5: K15 | AX5: K16 | AY5: K22 | AZ5: K23 | BA5: K24 | BB5: K25 | BC5: K26 | BD5: K33 | BE5: K34 | BF5: K35 | BG5: K36 | BH5: K44 | BI5: K45 | BJ5: K46 | BK5: K55 | BL5: K56 | BM5: K66
A6: 0 | B6: 3126.5244 | C6: 0.00011619906 | D6: -0.00014234568 | E6: 1.8027984 | F6: 1.8021313 | G6: -0.001501774 | H6: 0.005716245 | I6: 1.8877163e+10 | J6: 3.9142658e+09 | K6: 7.9258187 | L6: 7.9176781 | M6: 22.331655 | N6: 0.71414345 | O6: 0.71547347 | P6: 2.4063482 | Q6: -6.0000871 | R6: 0.00019957381 | S6: -0.0004766766 | T6: 1 | V6: =V67*(H6-S6) -> 41657262 | W6: =W67*(G6-R6) -> -11465540 | X6: =N6*$J6*$P6 -> 6.7265789e+09 | Y6: =O6*$J6*$P6 -> 6.7391065e+09 | Z6: =I6*P6 -> 4.5425027e+10 | AA6: =- V6*COS(Q6*PI()/180) + W6*SIN(Q6*PI()/180) -> -40230560 | AB6: =V6*SIN($Q6*PI()/180) + W6*COS($Q6*PI()/180) -> -15757162 | AC6: =$I6*K6 -> 1.4961697e+11 | AD6: =$I6*L6 -> 1.494633e+11 | AE6: =J6*M6 -> 8.7412032e+10 | AF6: 0 | AG6: =$Z6*(R6-R6) -> 0 | AH6: =$Z6*(S6-S6) -> 0 | AJ6: 0 | AK6: 3126.5244 | AL6: 0.00011619906 | AM6: -0.00014234568 | AN6: 1.8027984 | AO6: 1.8021313 | AP6: -6.000087 | AQ6: 0.00019957381 | AR6: -0.0004766766 | AS6: 6.7269806e+09 | AT6: -2207086.4 | AU6: 0 | AV6: 0 | AW6: 0 | AX6: -40229939 | AY6: 6.7387047e+09 | AZ6: 0 | BA6: 0 | BB6: 0 | BC6: -15751145 | BD6: 4.6038157e+10 | BE6: 0 | BF6: 0 | BG6: 0 | BH6: 1.4961697e+11 | BI6: 0.0037733711 | BJ6: 0 | BK6: 1.494633e+11 | BL6: 0 | BM6: 8.7412309e+10
A7: 1.1717945 | B7: 2963.782 | C7: 1.6504997e-05 | D7: -3.0532716e-05 | E7: 1.8062497 | F7: 1.8053424 | G7: -0.0012883452 | H7: 0.0026252488 | I7: 1.8584497e+10 | J7: 3.8423282e+09 | K7: 7.6975357 | L7: 7.6477503 | M7: 21.654596 | N7: 0.71552541 | O7: 0.71494667 | P7: 2.3231772 | Q7: 12.238819 | R7: 8.7271317e-05 | S7: -4.9605487e-05 | T7: 2 | V7: =V68*(H7-S7) -> 17084425 | W7: =W68*(G7-R7) -> -8779089.2 | X7: =N7*$J7*$P7 -> 6.3870727e+09 | Y7: =O7*$J7*$P7 -> 6.3819066e+09 | Z7: =I7*P7 -> 4.317508e+10 | AA7: =- V7*COS(Q7*PI()/180) + W7*SIN(Q7*PI()/180) -> -18557191 | AB7: =V7*SIN($Q7*PI()/180) + W7*COS($Q7*PI()/180) -> -4957887.1 | AC7: =$I7*K7 -> 1.4305483e+11 | AD7: =$I7*L7 -> 1.4212959e+11 | AE7: =J7*M7 -> 8.3204064e+10 | AF7: 0 | AG7: =$Z7*(R7-R7) -> 0 | AH7: =$Z7*(S7-S7) -> 0 | AJ7: 1.1717945 | AK7: 2963.782 | AL7: 1.6504997e-05 | AM7: -3.0532716e-05 | AN7: 1.8062497 | AO7: 1.8053424 | AP7: 12.238819 | AQ7: 8.7271317e-05 | AR7: -4.9605487e-05 | AS7: 6.3866374e+09 | AT7: 1434921.8 | AU7: 0 | AV7: 0 | AW7: 0 | AX7: -18558603 | AY7: 6.3823418e+09 | AZ7: 0 | BA7: 0 | BB7: 0 | BC7: -4965278.6 | BD7: 4.3737323e+10 | BE7: 0 | BF7: 0 | BG7: 0 | BH7: 1.4305483e+11 | BI7: 0.0014962521 | BJ7: 0 | BK7: 1.4212959e+11 | BL7: 0 | BM7: 8.3204122e+10
A8: 2.343589 | B8: 2803.2194 | C8: -0.00041240989 | D8: 0.0021601408 | E8: 1.8084173 | F8: 1.8078245 | G8: -0.00033057121 | H8: 0.0021861867 | I8: 1.8291831e+10 | J8: 3.7703907e+09 | K8: 7.4777003 | L8: 7.3682492 | M8: 20.934016 | N8: 0.71729255 | O8: 0.71309084 | P8: 2.2400061 | Q8: 14.368451 | R8: -7.1633937e-05 | S8: 0.002263701 | T8: 3 | V8: =V69*(H8-S8) -> -469566.98 | W8: =W69*(G8-R8) -> -1559521.1 | X8: =N8*$J8*$P8 -> 6.0580365e+09 | Y8: =O8*$J8*$P8 -> 6.0225501e+09 | Z8: =I8*P8 -> 4.0973815e+10 | AA8: =- V8*COS(Q8*PI()/180) + W8*SIN(Q8*PI()/180) -> 67873.58 | AB8: =V8*SIN($Q8*PI()/180) + W8*COS($Q8*PI()/180) -> -1627265.4 | AC8: =$I8*K8 -> 1.3678083e+11 | AD8: =$I8*L8 -> 1.3477877e+11 | AE8: =J8*M8 -> 7.8929419e+10 | AF8: 0 | AG8: =$Z8*(R8-R8) -> 0 | AH8: =$Z8*(S8-S8) -> 0 | AJ8: 2.343589 | AK8: 2803.2194 | AL8: -0.00041240989 | AM8: 0.0021601408 | AN8: 1.8084173 | AO8: 1.8078245 | AP8: 14.368451 | AQ8: -7.1633937e-05 | AR8: 0.002263701 | AS8: 6.0578285e+09 | AT8: 2708485.6 | AU8: 0 | AV8: 0 | AW8: 0 | AX8: 64891.037 | AY8: 6.0227581e+09 | AZ8: 0 | BA8: 0 | BB8: 0 | BC8: -1626557.3 | BD8: 4.1541388e+10 | BE8: -1.4550609e-08 | BF8: 3.2467247e-09 | BG8: 0 | BH8: 1.3678083e+11 | BI8: 0.00024676218 | BJ8: 0 | BK8: 1.3477877e+11 | BL8: 0 | BM8: 7.8929419e+10
A9: 3.5153835 | B9: 2590.6426 | C9: 0.020387902 | D9: 0.006677439 | E9: 1.7470076 | F9: 1.7954732 | G9: 0.022315105 | H9: 0.0067721136 | I9: 1.7999166e+10 | J9: 3.6984531e+09 | K9: 6.6112419 | L9: 6.860285 | M9: 18.90384 | N9: 0.72180968 | O9: 0.67678235 | P9: 2.1568351 | Q9: -18.270906 | R9: 0.021511267 | S9: 0.0068865104 | T9: 4 | V9: =V70*(H9-S9) -> -658257.02 | W9: =W70*(G9-R9) -> 4342613.8 | X9: =N9*$J9*$P9 -> 5.7578424e+09 | Y9: =O9*$J9*$P9 -> 5.3986614e+09 | Z9: =I9*P9 -> 3.8821233e+10 | AA9: =- V9*COS(Q9*PI()/180) + W9*SIN(Q9*PI()/180) -> -736383.35 | AB9: =V9*SIN($Q9*PI()/180) + W9*COS($Q9*PI()/180) -> 4330050.4 | AC9: =$I9*K9 -> 1.1899684e+11 | AD9: =$I9*L9 -> 1.2347941e+11 | AE9: =J9*M9 -> 6.9914965e+10 | AF9: 0 | AG9: =$Z9*(R9-R9) -> 0 | AH9: =$Z9*(S9-S9) -> 0 | AJ9: 3.5153835 | AK9: 2590.6426 | AL9: 0.020387902 | AM9: 0.006677439 | AN9: 1.7470076 | AO9: 1.7954732 | AP9: -18.270906 | AQ9: 0.021511267 | AR9: 0.0068865104 | AS9: 5.723816e+09 | AT9: 1.0518475e+08 | AU9: 0 | AV9: 0 | AW9: 0 | AX9: -736631.02 | AY9: 5.4326878e+09 | AZ9: 0 | BA9: 0 | BB9: 0 | BC9: 4326597.2 | BD9: 3.8662608e+10 | BE9: 0 | BF9: 0 | BG9: 0 | BH9: 1.1899684e+11 | BI9: -0.00037510227 | BJ9: 0 | BK9: 1.2347941e+11 | BL9: 0 | BM9: 6.9914969e+10
A10: 4.6871779 | B10: 2388.5133 | C10: 0.042572706 | D10: 0.0085154764 | E10: 1.6836286 | F10: 1.78186 | G10: 0.05084388 | H10: 0.008616737 | I10: 1.7778652e+10 | J10: 3.6329925e+09 | K10: 5.8347272 | L10: 6.3227219 | M10: 16.919384 | N10: 0.72922423 | O10: 0.64000623 | P10: 2.0641301 | Q10: -14.547717 | R10: 0.045156431 | S10: 0.0088398777 | T10: 5 | V10: =V71*(H10-S10) -> -1219256.2 | W10: =W71*(G10-R10) -> 27321071 | X10: =N10*$J10*$P10 -> 5.4684302e+09 | Y10: =O10*$J10*$P10 -> 4.7993871e+09 | Z10: =I10*P10 -> 3.669745e+10 | AA10: =- V10*COS(Q10*PI()/180) + W10*SIN(Q10*PI()/180) -> -5682511.1 | AB10: =V10*SIN($Q10*PI()/180) + W10*COS($Q10*PI()/180) -> 26751385 | AC10: =$I10*K10 -> 1.0373358e+11 | AD10: =$I10*L10 -> 1.1240947e+11 | AE10: =J10*M10 -> 6.1467995e+10 | AF10: 0 | AG10: =$Z10*(R10-R10) -> 0 | AH10: =$Z10*(S10-S10) -> 0 | AJ10: 4.6871779 | AK10: 2388.5133 | AL10: 0.042572706 | AM10: 0.0085154764 | AN10: 1.6836286 | AO10: 1.78186 | AP10: -14.547717 | AQ10: 0.045156431 | AR10: 0.0088398777 | AS10: 5.4290704e+09 | AT10: 1.5742995e+08 | AU10: 0 | AV10: 0 | AW10: 0 | AX10: -5707919.9 | AY10: 4.8387469e+09 | AZ10: 0 | BA10: 0 | BB10: 0 | BC10: 26718106 | BD10: 3.6029912e+10 | BE10: 0 | BF10: 0 | BG10: 0 | BH10: 1.0373358e+11 | BI10: 0.0011268719 | BJ10: 0 | BK10: 1.1240947e+11 | BL10: 0 | BM10: 6.1468151e+10
A11: 5.8589724 | B11: 2202.7745 | C11: 0.065015869 | D11: 0.010016937 | E11: 1.6236674 | F11: 1.7716164 | G11: 0.085038131 | H11: 0.010073143 | I11: 1.7558138e+10 | J11: 3.567532e+09 | K11: 5.1896091 | L11: 5.861944 | M11: 15.154369 | N11: 0.73871737 | O11: 0.60349432 | P11: 1.9714251 | Q11: -14.738774 | R11: 0.069820297 | S11: 0.010313881 | T11: 6 | V11: =V72*(H11-S11) -> -1249220.6 | W11: =W72*(G11-R11) -> 64688144 | X11: =N11*$J11*$P11 -> 5.1954894e+09 | Y11: =O11*$J11*$P11 -> 4.2444492e+09 | Z11: =I11*P11 -> 3.4614553e+10 | AA11: =- V11*COS(Q11*PI()/180) + W11*SIN(Q11*PI()/180) -> -15249355 | AB11: =V11*SIN($Q11*PI()/180) + W11*COS($Q11*PI()/180) -> 62877450 | AC11: =$I11*K11 -> 9.1119871e+10 | AD11: =$I11*L11 -> 1.0292482e+11 | AE11: =J11*M11 -> 5.4063694e+10 | AF11: 0 | AG11: =$Z11*(R11-R11) -> 0 | AH11: =$Z11*(S11-S11) -> 0 | AJ11: 5.8589724 | AK11: 2202.7745 | AL11: 0.065015869 | AM11: 0.010016937 | AN11: 1.6236674 | AO11: 1.7716164 | AP11: -14.738774 | AQ11: 0.069820297 | AR11: 0.010313881 | AS11: 5.136725e+09 | AT11: 2.2898473e+08 | AU11: 0 | AV11: 0 | AW11: 0 | AX11: -15307448 | AY11: 4.3032135e+09 | AZ11: 0 | BA11: 0 | BB11: 0 | BC11: 62761172 | BD11: 3.3734996e+10 | BE11: -5.7643402e-08 | BF11: -1.5164165e-08 | BG11: 0 | BH11: 9.1119871e+10 | BI11: -0.0014816443 | BJ11: 0 | BK11: 1.0292482e+11 | BL11: 0 | BM11: 5.4064678e+10
A12: 8.7884587 | B12: 1792.6097 | C12: 0.11917137 | D12: 0.014182574 | E12: 1.4756546 | F12: 1.7474949 | G12: 0.19966693 | H12: 0.014293299 | I12: 1.6453754e+10 | J12: 3.2682486e+09 | K12: 4.0728047 | L12: 5.0453439 | M12: 11.738782 | N12: 0.75251043 | O12: 0.49841292 | P12: 1.8506405 | Q12: -18.27504 | R12: 0.13519899 | S12: 0.013344766 | T12: 7 | V12: =V73*(H12-S12) -> 4302225.1 | W12: =W73*(G12-R12) -> 1.953614e+08 | X12: =N12*$J12*$P12 -> 4.5514489e+09 | Y12: =O12*$J12*$P12 -> 3.0145774e+09 | Z12: =I12*P12 -> 3.0449985e+10 | AA12: =- V12*COS(Q12*PI()/180) + W12*SIN(Q12*PI()/180) -> -65346427 | AB12: =V12*SIN($Q12*PI()/180) + W12*COS($Q12*PI()/180) -> 1.841587e+08 | AC12: =$I12*K12 -> 6.7012929e+10 | AD12: =$I12*L12 -> 8.3014849e+10 | AE12: =J12*M12 -> 3.836526e+10 | AF12: 0 | AG12: =$Z12*(R12-R12) -> 0 | AH12: =$Z12*(S12-S12) -> 0 | AJ12: 8.7884587 | AK12: 1792.6097 | AL12: 0.11917137 | AM12: 0.014182574 | AN12: 1.4756546 | AO12: 1.7474949 | AP12: -18.27504 | AQ12: 0.13519899 | AR12: 0.013344766 | AS12: 4.3960504e+09 | AT12: 4.6333447e+08 | AU12: 0 | AV12: 0 | AW12: 0 | AX12: -64603262 | AY12: 3.1699759e+09 | AZ12: 0 | BA12: 0 | BB12: 0 | BC12: 1.8332739e+08 | BD12: 2.9196543e+10 | BE12: 0 | BF12: 0 | BG12: 0 | BH12: 6.7012929e+10 | BI12: -1.6729147e-05 | BJ12: 0 | BK12: 8.3014849e+10 | BL12: 0 | BM12: 3.8377792e+10
A13: 11.717945 | B13: 1693.2124 | C13: 0.13808749 | D13: 0.021494918 | E13: 1.2790562 | F13: 1.6704356 | G13: 0.34375471 | H13: 0.027219286 | I13: 1.5349371e+10 | J13: 2.9689652e+09 | K13: 3.2803526 | L13: 4.6798435 | M13: 8.5590491 | N13: 0.77741891 | O13: 0.46952287 | P13: 1.729856 | Q13: -16.870368 | R13: 0.13663255 | S13: 0.02077681 | T13: 8 | V13: =V74*(H13-S13) -> 25633852 | W13: =W74*(G13-R13) -> 5.0232598e+08 | X13: =N13*$J13*$P13 -> 3.9927321e+09 | Y13: =O13*$J13*$P13 -> 2.4114142e+09 | Z13: =I13*P13 -> 2.6552201e+10 | AA13: =- V13*COS(Q13*PI()/180) + W13*SIN(Q13*PI()/180) -> -1.7030934e+08 | AB13: =V13*SIN($Q13*PI()/180) + W13*COS($Q13*PI()/180) -> 4.7326865e+08 | AC13: =$I13*K13 -> 5.0351348e+10 | AD13: =$I13*L13 -> 7.1832653e+10 | AE13: =J13*M13 -> 2.5411519e+10 | AF13: 0 | AG13: =$Z13*(R13-R13) -> 0 | AH13: =$Z13*(S13-S13) -> 0 | AJ13: 11.717945 | AK13: 1693.2124 | AL13: 0.13808749 | AM13: 0.021494918 | AN13: 1.2790562 | AO13: 1.6704356 | AP13: -16.870368 | AQ13: 0.13663255 | AR13: 0.02077681 | AS13: 3.9153541e+09 | AT13: 3.4113318e+08 | AU13: 0 | AV13: 0 | AW13: 0 | AX13: -1.9250688e+08 | AY13: 2.4887922e+09 | AZ13: 0 | BA13: 0 | BB13: 0 | BC13: 4.6603826e+08 | BD13: 2.7318853e+10 | BE13: 0 | BF13: 0 | BG13: 0 | BH13: 5.0351348e+10 | BI13: -0.00096213958 | BJ13: 0 | BK13: 7.1832653e+10 | BL13: 0 | BM13: 2.5515779e+10
A14: 17.576917 | B14: 1050.5803 | C14: 0.11848604 | D14: 0.022979524 | E14: 0.95109579 | F14: 1.6822735 | G14: 0.80909661 | H14: 0.042160514 | I14: 1.7434447e+10 | J14: 2.599168e+09 | K14: 1.5423875 | L14: 2.8782925 | M14: 3.1069015 | N14: 0.71844763 | O14: 0.28851894 | P14: 1.2418107 | Q14: -12.148812 | R14: 0.22787449 | S14: 0.010923026 | T14: 9 | V14: =V75*(H14-S14) -> 72239924 | W14: =W75*(G14-R14) -> 5.4492887e+08 | X14: =N14*$J14*$P14 -> 2.3189152e+09 | Y14: =O14*$J14*$P14 -> 9.3124527e+08 | Z14: =I14*P14 -> 2.1650283e+10 | AA14: =- V14*COS(Q14*PI()/180) + W14*SIN(Q14*PI()/180) -> -1.8530316e+08 | AB14: =V14*SIN($Q14*PI()/180) + W14*COS($Q14*PI()/180) -> 5.175218e+08 | AC14: =$I14*K14 -> 2.6890673e+10 | AD14: =$I14*L14 -> 5.0181438e+10 | AE14: =J14*M14 -> 8.0753589e+09 | AF14: 0 | AG14: =$Z14*(R14-R14) -> 0 | AH14: =$Z14*(S14-S14) -> 0 | AJ14: 17.576917 | AK14: 1050.5803 | AL14: 0.11848604 | AM14: 0.022979524 | AN14: 0.95109579 | AO14: 1.6822735 | AP14: -12.148812 | AQ14: 0.22787449 | AR14: 0.010923026 | AS14: 2.2867203e+09 | AT14: 2.0890038e+08 | AU14: 0 | AV14: 0 | AW14: 0 | AX14: -2.3221615e+08 | AY14: 9.6344015e+08 | AZ14: 0 | BA14: 0 | BB14: 0 | BC14: 5.0916623e+08 | BD14: 2.26589e+10 | BE14: 2.2983707e-07 | BF14: -9.2604417e-07 | BG14: 0 | BH14: 2.6890673e+10 | BI14: 0.24626657 | BJ14: 0 | BK14: 5.0181438e+10 | BL14: 0 | BM14: 8.3968184e+09
A15: 23.43589 | B15: 668.16759 | C15: 0.1325207 | D15: 0.029877098 | E15: 0.84089545 | F15: 1.6630133 | G15: 0.99647378 | H15: 0.061322628 | I15: 2.0627464e+10 | J15: 2.0389726e+09 | K15: 1.0184901 | L15: 1.7319464 | M15: 1.3531493 | N15: 0.48898323 | O15: 0.22937211 | P15: 0.97074181 | Q15: -13.15361 | R15: 0.45997933 | S15: 0.015249504 | T15: 10 | V15: =V76*(H15-S15) -> 44465779 | W15: =W76*(G15-R15) -> 2.4503794e+08 | X15: =N15*$J15*$P15 -> 9.678523e+08 | Y15: =O15*$J15*$P15 -> 4.5399988e+08 | Z15: =I15*P15 -> 2.0023942e+10 | AA15: =- V15*COS(Q15*PI()/180) + W15*SIN(Q15*PI()/180) -> -99060605 | AB15: =V15*SIN($Q15*PI()/180) + W15*COS($Q15*PI()/180) -> 2.2849025e+08 | AC15: =$I15*K15 -> 2.1008868e+10 | AD15: =$I15*L15 -> 3.5725662e+10 | AE15: =J15*M15 -> 2.7590343e+09 | AF15: 0 | AG15: =$Z15*(R15-R15) -> 0 | AH15: =$Z15*(S15-S15) -> 0 | AJ15: 23.43589 | AK15: 668.16759 | AL15: 0.1325207 | AM15: 0.029877098 | AN15: 0.84089545 | AO15: 1.6630133 | AP15: -13.15361 | AQ15: 0.45997933 | AR15: 0.015249504 | AS15: 9.5922703e+08 | AT15: 66013025 | AU15: 0 | AV15: 0 | AW15: 0 | AX15: -1.2634898e+08 | AY15: 4.6262515e+08 | AZ15: 0 | BA15: 0 | BB15: 0 | BC15: 2.2581273e+08 | BD15: 2.043079e+10 | BE15: 0 | BF15: 0 | BG15: 0 | BH15: 2.1008868e+10 | BI15: -0.00078043474 | BJ15: 0 | BK15: 3.5725662e+10 | BL15: 0 | BM15: 2.8957296e+09
A16: 29.294862 | B16: 530.9955 | C16: 0.12241835 | D16: 0.034538377 | E16: 0.70879916 | F16: 1.6437341 | G16: 1.1424782 | H16: 0.068895423 | I16: 2.4446843e+10 | J16: 1.9266794e+09 | K16: 0.63341055 | L16: 1.2862599 | M16: 0.52830648 | N16: 0.29857549 | O16: 0.17316622 | P16: 0.83766198 | Q16: -4.909548 | R16: 0.56604333 | S16: 0.017980336 | T16: 11 | V16: =V77*(H16-S16) -> 24526931 | W16: =W77*(G16-R16) -> 1.6118535e+08 | X16: =N16*$J16*$P16 -> 4.818728e+08 | Y16: =O16*$J16*$P16 -> 2.7947402e+08 | Z16: =I16*P16 -> 2.0478191e+10 | AA16: =- V16*COS(Q16*PI()/180) + W16*SIN(Q16*PI()/180) -> -38231662 | AB16: =V16*SIN($Q16*PI()/180) + W16*COS($Q16*PI()/180) -> 1.5849488e+08 | AC16: =$I16*K16 -> 1.5484889e+10 | AD16: =$I16*L16 -> 3.1444995e+10 | AE16: =J16*M16 -> 1.0178772e+09 | AF16: 0 | AG16: =$Z16*(R16-R16) -> 0 | AH16: =$Z16*(S16-S16) -> 0 | AJ16: 29.294862 | AK16: 530.9955 | AL16: 0.12241835 | AM16: 0.034538377 | AN16: 0.70879916 | AO16: 1.6437341 | AP16: -4.909548 | AQ16: 0.56604333 | AR16: 0.017980336 | AS16: 4.8185624e+08 | AT16: -1830605.4 | AU16: 0 | AV16: 0 | AW16: 0 | AX16: -49258531 | AY16: 2.7949058e+08 | AZ16: 0 | BA16: 0 | BB16: 0 | BC16: 1.5948233e+08 | BD16: 2.0472143e+10 | BE16: 5.9385958e-08 | BF16: 5.1011418e-09 | BG16: 0 | BH16: 1.5484889e+10 | BI16: 0.0027511445 | BJ16: 0 | BK16: 3.1444995e+10 | BL16: 0 | BM16: 1.113705e+09
A17: 35.153835 | B17: 483.98493 | C17: 0.11952283 | D17: 0.031485917 | E17: 0.64792493 | F17: 1.5640176 | G17: 1.1071872 | H17: 0.076334026 | I17: 2.91801e+10 | J17: 2.0610158e+09 | K17: 0.45725295 | L17: 0.95396475 | M17: 0.3021623 | N17: 0.22741959 | O17: 0.1471278 | P17: 0.7404089 | Q17: -1.8974687 | R17: 0.61827407 | S17: 0.016299095 | T17: 12 | V17: =V78*(H17-S17) -> 20833766 | W17: =W78*(G17-R17) -> 1.0977558e+08 | X17: =N17*$J17*$P17 -> 3.4704102e+08 | Y17: =O17*$J17*$P17 -> 2.245162e+08 | Z17: =I17*P17 -> 2.1605205e+10 | AA17: =- V17*COS(Q17*PI()/180) + W17*SIN(Q17*PI()/180) -> -24457124 | AB17: =V17*SIN($Q17*PI()/180) + W17*COS($Q17*PI()/180) -> 1.0902556e+08 | AC17: =$I17*K17 -> 1.3342687e+10 | AD17: =$I17*L17 -> 2.7836787e+10 | AE17: =J17*M17 -> 6.2276126e+08 | AF17: 0 | AG17: =$Z17*(R17-R17) -> 0 | AH17: =$Z17*(S17-S17) -> 0 | AJ17: 35.153835 | AK17: 483.98493 | AL17: 0.11952283 | AM17: 0.031485917 | AN17: 0.64792493 | AO17: 1.5640176 | AP17: -1.8974687 | AQ17: 0.61827407 | AR17: 0.016299095 | AS17: 3.4704092e+08 | AT17: -112440.28 | AU17: 0 | AV17: 0 | AW17: 0 | AX17: -26495916 | AY17: 2.245163e+08 | AZ17: 0 | BA17: 0 | BB17: 0 | BC17: 1.0927106e+08 | BD17: 2.1366359e+10 | BE17: 0 | BF17: 0 | BG17: 0 | BH17: 1.3342687e+10 | BI17: 0.00037919804 | BJ17: 0 | BK17: 2.7836787e+10 | BL17: 0 | BM17: 6.7795755e+08
... A31: 117.17945 | B31: 5.4094111 | C31: 0.045013052 | D31: 0.00678579 | E31: 0.036589114 | F31: 0.12872356 | G31: 0.18272155 | H31: 0.0057927533 | I31: 2.4018099e+10 | J31: 3.901695e+09 | K31: 7.8722274e-06 | L31: 5.7631715e-05 | M31: 1.5921308e-05 | N31: 0.7634796 | O31: 0.045931347 | P31: 0.0053418617 | Q31: -0.85254664 | R31: 0.064477171 | S31: 0.0066633888 | T31: 26 | V31: =V92*(H31-S31) -> -13853.853 | W31: =W92*(G31-R31) -> 113236.86 | X31: =N31*$J31*$P31 -> 15912682 | Y31: =O31*$J31*$P31 -> 957315.6 | Z31: =I31*P31 -> 1.2830136e+08 | AA31: =- V31*COS(Q31*PI()/180) + W31*SIN(Q31*PI()/180) -> 12167.446 | AB31: =V31*SIN($Q31*PI()/180) + W31*COS($Q31*PI()/180) -> 113430.46 | AC31: =$I31*K31 -> 189075.93 | AD31: =$I31*L31 -> 1384204.2 | AE31: =J31*M31 -> 62120.088 | AF31: 0 | AG31: =$Z31*(R31-R31) -> 0 | AH31: =$Z31*(S31-S31) -> 0 | AJ31: 117.17945 | AK31: 5.4094111 | AL31: 0.045013052 | AM31: 0.00678579 | AN31: 0.036589114 | AO31: 0.12872356 | AP31: -0.85254664 | AQ31: 0.064477171 | AR31: 0.0066633888 | AS31: 15912682 | AT31: 107.67626 | AU31: 0 | AV31: 0 | AW31: 0 | AX31: -14131.134 | AY31: 957315.6 | AZ31: 0 | BA31: 0 | BB31: 0 | BC31: 113196.97 | BD31: 1.1865913e+08 | BE31: 1.3857332e-11 | BF31: -9.3121948e-10 | BG31: 0 | BH31: 189075.93 | BI31: 7.7431214e-09 | BJ31: 0 | BK31: 1384204.2 | BL31: 0 | BM31: 75517.538
E34: Trial & Error
E35: PROCESS
M36: direct method | Q36: GA_use
E37: =A5 -> r_[m] | G37: polar_inertia | H37: K_[m4/rad] | J37: X_new (sh-e off) | K37: Y_new (sh-e off) | M37: GAxX_[Nm] | N37: - GAxX_[Nm] | O37: GAyY_[Nm] | Q37: GAxX_alter_[Nm] | R37: - GAxX_alter_[Nm] | S37: GAyY_alter_[Nm]
E38: =A6 -> 0 | G38: =K6+L6 -> 15.843497 | H38: =M6 -> 22.331655 | J38: =($G6-$R6)*COS($Q6*PI()/180) + ($H6-$S6)*SIN($Q6*PI()/180) -> -0.0023393733 | K38: =- ($G6-$R6)*SIN($Q6*PI()/180)+($H6-$S6)*COS($Q6*PI()/180) -> 0.0059811533 | M38: =X6*K38 -> 40232700 | N38: =-M38 -> -40232700 | O38: =Y6*J38 -> -15765286 | Q38: =$J6*$P6*K38 -> 56337000 | R38: =-Q38 -> -56337000 | S38: =$J6*$P6*J38 -> -22034759
E39: =A7 -> 1.1717945 | G39: =K7+L7 -> 15.345286 | H39: =M7 -> 21.654596 | J39: =($G7-$R7)*COS($Q7*PI()/180) + ($H7-$S7)*SIN($Q7*PI()/180) -> -0.000777318 | K39: =- ($G7-$R7)*SIN($Q7*PI()/180)+($H7-$S7)*COS($Q7*PI()/180) -> 0.0029056743 | M39: =X7*K39 -> 18558753 | N39: =-M39 -> -18558753 | O39: =Y7*J39 -> -4960770.9 | Q39: =$J7*$P7*K39 -> 25937238 | R39: =-Q39 -> -25937238 | S39: =$J7*$P7*J39 -> -6938658.6
E40: =A8 -> 2.343589 | G40: =K8+L8 -> 14.84595 | H40: =M8 -> 20.934016 | J40: =($G8-$R8)*COS($Q8*PI()/180) + ($H8-$S8)*SIN($Q8*PI()/180) -> -0.00027007338 | K40: =- ($G8-$R8)*SIN($Q8*PI()/180)+($H8-$S8)*COS($Q8*PI()/180) -> -1.0832681e-05 | M40: =X8*K40 -> -65624.776 | N40: =-M40 -> 65624.776 | O40: =Y8*J40 -> -1626530.5 | Q40: =$J8*$P8*K40 -> -91489.556 | R40: =-Q40 -> 91489.556 | S40: =$J8*$P8*J40 -> -2280958.3
E41: =A9 -> 3.5153835 | G41: =K9+L9 -> 13.471527 | H41: =M9 -> 18.90384 | J41: =($G9-$R9)*COS($Q9*PI()/180) + ($H9-$S9)*SIN($Q9*PI()/180) -> 0.00079917693 | K41: =- ($G9-$R9)*SIN($Q9*PI()/180)+($H9-$S9)*COS($Q9*PI()/180) -> 0.00014338201 | M41: =X9*K41 -> 825571.01 | N41: =-M41 -> -825571.01 | O41: =Y9*J41 -> 4314485.7 | Q41: =$J9*$P9*K41 -> 1143751.6 | R41: =-Q41 -> -1143751.6 | S41: =$J9*$P9*J41 -> 6374997.3
E42: =A10 -> 4.6871779 | G42: =K10+L10 -> 12.157449 | H42: =M10 -> 16.919384 | J42: =($G10-$R10)*COS($Q10*PI()/180) + ($H10-$S10)*SIN($Q10*PI()/180) -> 0.0055611525 | K42: =- ($G10-$R10)*SIN($Q10*PI()/180)+($H10-$S10)*COS($Q10*PI()/180) -> 0.0012126223 | M42: =X10*K42 -> 6631140.3 | N42: =-M42 -> -6631140.3 | O42: =Y10*J42 -> 26690124 | Q42: =$J10*$P10*K42 -> 9093417.5 | R42: =-Q42 -> -9093417.5 | S42: =$J10*$P10*J42 -> 41702912
E43: =A11 -> 5.8589724 | G43: =K11+L11 -> 11.051553 | H43: =M11 -> 15.154369 | J43: =($G11-$R11)*COS($Q11*PI()/180) + ($H11-$S11)*SIN($Q11*PI()/180) -> 0.014778351 | K43: =- ($G11-$R11)*SIN($Q11*PI()/180)+($H11-$S11)*COS($Q11*PI()/180) -> 0.0036387901 | M43: =X11*K43 -> 18905295 | N43: =-M43 -> -18905295 | O43: =Y11*J43 -> 62725959 | Q43: =$J11*$P11*K43 -> 25592055 | R43: =-Q43 -> -25592055 | S43: =$J11*$P11*J43 -> 1.0393794e+08
E44: =A12 -> 8.7884587 | G44: =K12+L12 -> 9.1181486 | H44: =M12 -> 11.738782 | J44: =($G12-$R12)*COS($Q12*PI()/180) + ($H12-$S12)*SIN($Q12*PI()/180) -> 0.060918878 | K44: =- ($G12-$R12)*SIN($Q12*PI()/180)+($H12-$S12)*COS($Q12*PI()/180) -> 0.021116472 | M44: =X12*K44 -> 96110546 | N44: =-M44 -> -96110546 | O44: =Y12*J44 -> 1.8364468e+08 | Q44: =$J12*$P12*K44 -> 1.2771989e+08 | R44: =-Q44 -> -1.2771989e+08 | S44: =$J12*$P12*J44 -> 3.684589e+08
E45: =A13 -> 11.717945 | G45: =K13+L13 -> 7.9601961 | H45: =M13 -> 8.5590491 | J45: =($G13-$R13)*COS($Q13*PI()/180) + ($H13-$S13)*SIN($Q13*PI()/180) -> 0.19633876 | K45: =- ($G13-$R13)*SIN($Q13*PI()/180)+($H13-$S13)*COS($Q13*PI()/180) -> 0.066273583 | M45: =X13*K45 -> 2.6461266e+08 | N45: =-M45 -> -2.6461266e+08 | O45: =Y13*J45 -> 4.7345408e+08 | Q45: =$J13*$P13*K45 -> 3.4037332e+08 | R45: =-Q45 -> -3.4037332e+08 | S45: =$J13*$P13*J45 -> 1.0083728e+09
E46: =A14 -> 17.576917 | G46: =K14+L14 -> 4.42068 | H46: =M14 -> 3.1069015 | J46: =($G14-$R14)*COS($Q14*PI()/180) + ($H14-$S14)*SIN($Q14*PI()/180) -> 0.56163126 | K46: =- ($G14-$R14)*SIN($Q14*PI()/180)+($H14-$S14)*COS($Q14*PI()/180) -> 0.15285697 | M46: =X14*K46 -> 3.5446234e+08 | N46: =-M46 -> -3.5446234e+08 | O46: =Y14*J46 -> 5.2301646e+08 | Q46: =$J14*$P14*K46 -> 4.9337256e+08 | R46: =-Q46 -> -4.9337256e+08 | S46: =$J14*$P14*J46 -> 1.812763e+09
E47: =A15 -> 23.43589 | G47: =K15+L15 -> 2.7504365 | H47: =M15 -> 1.3531493 | J47: =($G15-$R15)*COS($Q15*PI()/180) + ($H15-$S15)*SIN($Q15*PI()/180) -> 0.51193418 | K47: =- ($G15-$R15)*SIN($Q15*PI()/180)+($H15-$S15)*COS($Q15*PI()/180) -> 0.16695036 | M47: =X15*K47 -> 1.6158329e+08 | N47: =-M47 -> -1.6158329e+08 | O47: =Y15*J47 -> 2.3241806e+08 | Q47: =$J15*$P15*K47 -> 3.3044751e+08 | R47: =-Q47 -> -3.3044751e+08 | S47: =$J15*$P15*J47 -> 1.0132795e+09
E48: =A16 -> 29.294862 | G48: =K16+L16 -> 1.9196705 | H48: =M16 -> 0.52830648 | J48: =($G16-$R16)*COS($Q16*PI()/180) + ($H16-$S16)*SIN($Q16*PI()/180) -> 0.56996253 | K48: =- ($G16-$R16)*SIN($Q16*PI()/180)+($H16-$S16)*COS($Q16*PI()/180) -> 0.10006129 | M48: =X16*K48 -> 48216812 | N48: =-M48 -> -48216812 | O48: =Y16*J48 -> 1.5928972e+08 | Q48: =$J16*$P16*K48 -> 1.6148952e+08 | R48: =-Q48 -> -1.6148952e+08 | S48: =$J16*$P16*J48 -> 9.1986598e+08
E49: =A17 -> 35.153835 | G49: =K17+L17 -> 1.4112177 | H49: =M17 -> 0.3021623 | J49: =($G17-$R17)*COS($Q17*PI()/180) + ($H17-$S17)*SIN($Q17*PI()/180) -> 0.48665728 | K49: =- ($G17-$R17)*SIN($Q17*PI()/180)+($H17-$S17)*COS($Q17*PI()/180) -> 0.076190428 | M49: =X17*K49 -> 26441204 | N49: =-M49 -> -26441204 | O49: =Y17*J49 -> 1.0926244e+08 | Q49: =$J17*$P17*K49 -> 1.1626617e+08 | R49: =-Q49 -> -1.1626617e+08 | S49: =$J17*$P17*J49 -> 7.4263628e+08
... E63: =A31 -> 117.17945 | G63: =K31+L31 -> 6.5503943e-05 | H63: =M31 -> 1.5921308e-05 | J63: =($G31-$R31)*COS($Q31*PI()/180) + ($H31-$S31)*SIN($Q31*PI()/180) -> 0.11824425 | K63: =- ($G31-$R31)*SIN($Q31*PI()/180)+($H31-$S31)*COS($Q31*PI()/180) -> 0.00088884233 | M63: =X31*K63 -> 14143.866 | N63: =-M63 -> -14143.866 | O63: =Y31*J63 -> 113197.06 | Q63: =$J31*$P31*K63 -> 18525.532 | R63: =-Q63 -> -18525.532 | S63: =$J31*$P31*J63 -> 2464483.8
V66: c2_GAx | W66: c2_GAy
V67: =0.5*($X6+$Y6) + 0.5*($X6-$Y6)*COS(-2*$Q6/180) -> 6.7265928e+09 | W67: =0.5*($X6+$Y6) - 0.5*($X6-$Y6)*COS(-2*$Q6/180) -> 6.7390926e+09
V68: =0.5*($X7+$Y7) + 0.5*($X7-$Y7)*COS(-2*$Q7/180) -> 6.3870488e+09 | W68: =0.5*($X7+$Y7) - 0.5*($X7-$Y7)*COS(-2*$Q7/180) -> 6.3819305e+09
V69: =0.5*($X8+$Y8) + 0.5*($X8-$Y8)*COS(-2*$Q8/180) -> 6.0578108e+09 | W69: =0.5*($X8+$Y8) - 0.5*($X8-$Y8)*COS(-2*$Q8/180) -> 6.0227757e+09
V70: =0.5*($X9+$Y9) + 0.5*($X9-$Y9)*COS(-2*$Q9/180) -> 5.7541543e+09 | W70: =0.5*($X9+$Y9) - 0.5*($X9-$Y9)*COS(-2*$Q9/180) -> 5.4023495e+09
V71: =0.5*($X10+$Y10) + 0.5*($X10-$Y10)*COS(-2*$Q10/180) -> 5.4640695e+09 | W71: =0.5*($X10+$Y10) - 0.5*($X10-$Y10)*COS(-2*$Q10/180) -> 4.8037478e+09
V72: =0.5*($X11+$Y11) + 0.5*($X11-$Y11)*COS(-2*$Q11/180) -> 5.1891272e+09 | W72: =0.5*($X11+$Y11) - 0.5*($X11-$Y11)*COS(-2*$Q11/180) -> 4.2508114e+09
V73: =0.5*($X12+$Y12) + 0.5*($X12-$Y12)*COS(-2*$Q12/180) -> 4.5356613e+09 | W73: =0.5*($X12+$Y12) - 0.5*($X12-$Y12)*COS(-2*$Q12/180) -> 3.0303651e+09
V74: =0.5*($X13+$Y13) + 0.5*($X13-$Y13)*COS(-2*$Q13/180) -> 3.978882e+09 | W74: =0.5*($X13+$Y13) - 0.5*($X13-$Y13)*COS(-2*$Q13/180) -> 2.4252642e+09
V75: =0.5*($X14+$Y14) + 0.5*($X14-$Y14)*COS(-2*$Q14/180) -> 2.3126034e+09 | W75: =0.5*($X14+$Y14) - 0.5*($X14-$Y14)*COS(-2*$Q14/180) -> 9.3755701e+08
V76: =0.5*($X15+$Y15) + 0.5*($X15-$Y15)*COS(-2*$Q15/180) -> 9.6511318e+08 | W76: =0.5*($X15+$Y15) - 0.5*($X15-$Y15)*COS(-2*$Q15/180) -> 4.5673899e+08
V77: =0.5*($X16+$Y16) + 0.5*($X16-$Y16)*COS(-2*$Q16/180) -> 4.8172226e+08 | W77: =0.5*($X16+$Y16) - 0.5*($X16-$Y16)*COS(-2*$Q16/180) -> 2.7962455e+08
V78: =0.5*($X17+$Y17) + 0.5*($X17-$Y17)*COS(-2*$Q17/180) -> 3.4702741e+08 | W78: =0.5*($X17+$Y17) - 0.5*($X17-$Y17)*COS(-2*$Q17/180) -> 2.2452981e+08
... V92: =0.5*($X31+$Y31) + 0.5*($X31-$Y31)*COS(-2*$Q31/180) -> 15912347 | W92: =0.5*($X31+$Y31) - 0.5*($X31-$Y31)*COS(-2*$Q31/180) -> 957651.09

Sheet HAWC2_2_hGAST_noFPM
A1: IEA-15-240-RWT | K1: HAWC2 | P1: HAWC2 | W1: HAWC2 | AK1: HAWC_2 | BF1: HAWC2 | BN1: hGAST | CE1: HAWC2 | DA1: hGAST | DI1: hGAST | EJ1: HAWC2 | EO1: hGAST | FH1: hGAST | FM1: hGAST
A2: File Name: | B2: https://github.com/IEAWindSystems/IEA-15-240-RWT/tree/master/Documentation | K2: File Name: | L2: https://github.com/IEAWindSystems/IEA-15-240-RWT/blob/master/HAWC2/IEA-15-240-RWT/IEA_15MW_RWT_ae.dat | P2: File Name: | Q2: https://github.com/IEAWindSystems/IEA-15-240-RWT/blob/master/HAWC2/IEA-15-240-RWT/IEA_15MW_RWT_WTG_bodies_noFPM.htc | W2: Details: | X2: PROCESS | AK2: File Name: | AL2: https://github.com/IEAWindSystems/IEA-15-240-RWT/blob/master/HAWC2/IEA-15-240-RWT/IEA_15MW_RWT_Blade_st_noFPM.st | BN2: Details: | BO2: PROCESS | BP2: reference = pitch axis | BV2: Express in BLADE | BW2: FIXED COO | BX2: negative twist angle about y axis - traditional notation | CE2: PROCESS | CF2: intermediate steps for final hGAST data | CL2: Process description report | CN2: github | CO2: notebook | CU2: Apply Steiner? | CV2: 1 | CW2: 1=yes / 0=no | DA2: Method 1 | DI2: Express in BLADE | DJ2: FIXED COO | DK2: Details: | DL2: PROCESS | DM2: processed data to be used as input in machi.inp (in span stations of HAWC2) | DS2: no_FPM | DZ2: Method 1 | EJ2: Method 2 | EO2: Method 2 | FH2: Direct method | FM2: Details: | FN2: Interpolated properties @ user-determined radial (R) stations, to be used as input in machi.inp of hGAST | FX2: format:
A3: Details: | B3: RAW | C3: DATA | D3: Profile of blade geometry ("Blade Geometry" sheet in excel file | H3: IEA_blade_geo; | K3: Details: | L3: RAW | M3: DATA | N3: ae.dat; | P3: Details: | Q3: RAW | R3: DATA | S3: c2_def; | U3: process | W3: Notes: | Y3: directions | AK3: Details: | AL3: RAW | AM3: DATA | AN3: Structural properties for blade model: standard Timoshenko beam | BF3: Details: | BG3: PROCESS | BH3: reference = pitch axis | BN3: Notes: | BO3: Local Pitch Axis coo | BV3: 1 | BW3: 1=yes / 0=no | BX3: Blade Fixed Pitch Axis coo | CE3: @ principal bending axes --- local coo | CL3: @ ea, axes parallel to local c2_def axes | CU3: Steiner theorem @ pitch axis --- local pitch axis coo | DA3: @ pitch axis --- local pitch axis coo | DD3: @ pitch axis --- local pitch axis coo | DI3: =$BV$3 -> 1 | DJ3: check BV3 1=yes / 0=no | DK3: Notes: | DQ3: Blade fixed pitch axis coo | DW3: Blade fixed pitch axis coo | EC3: Blade fixed pitch axis coo | EJ3: @ pitch axis --- local pitch axis coo | EO3: Details: | EP3: Method 2 for calculating and rotating structural properties | ET3: * 1st, the rotation of HAWC2 x-y axes is performed | EX3: * 2nd, the transformed system if mapped to hGAST coordinate system | FH3: @ pitch axis --- Blade fixed coo | FM3: Notes: | FO3: PROCESS | FR3: Interpolation | FX3: iread = | FY3: 0
A4: Spanwise position [r/R] | B4: Chord [m] | C4: Twist [rad] | D4: Twist [deg] | E4: Pitch axis [x/c] | F4: Span [m] | G4: Prebend [m] | H4: Sweep [m] | I4: #53 | K4: r [m] | L4: c [m] | M4: t/c [%] | N4: $30 | P4: x_c2 [m] | Q4: y_c2 [m] | R4: z_c2 [m] | S4: θt_c2 [deg] | T4: $ 34 | U4: r_c2 [m] | W4: LOOKUP | X4: c2_def | Y4: chord/edge | Z4: flap/prebend | AA4: span | AB4: twist | AD4: LOOKUP | AE4: ae.dat | AF4: chord | AG4: LOOKUP | AH4: IEA_blade_geo | AI4: x/c | BE4: check | BF4: Notes: | BG4: Local Pitch Axis coo | BN4: half chord | BO4: cm_chord | BP4: cm_thick | BQ4: sh_chord | BR4: sh_thick | BS4: e_chord | BT4: e_thick | BV4: twist | BW4: twist | BX4: cm_edg | BY4: cm_flp | BZ4: sh_edg | CA4: sh_flp | CB4: e_edg | CC4: e_flp | CE4: Details: | CJ4: shear_x | CK4: shear_y | CL4: chord | CM4: thickness | CN4: cross | CO4: flap | CP4: edge | CQ4: flap-edge | CR4: shear_x | CS4: shear_y | CT4: cross | CU4: chord | CV4: thickness | CW4: cross | CX4: flap | CY4: edge | CZ4: flap-edge | DA4: sign change for cross products | DD4: coupling terms | DI4: twist | DJ4: twist | DL4: curve | DM4: span | DN4: sweep | DO4: prebend | DP4: linear mass | DQ4: cg_edge | DR4: cg_flap | DS4: flap | DT4: edge | DU4: flap-edge | DV4: tension | DW4: tension - flap | DX4: tension - edge | DY4: flap | DZ4: edge | EA4: flap-edge | EB4: torsion | EC4: shear chord | ED4: shear thickness | EF4: torsion - shear thick | EG4: torsion - shear chord | EH4: diameter | EJ4: coupling terms | EO4: both | EP4: both | EQ4: HAWC2 | ER4: hGAST | ES4: both | ET4: HAWC2 | EU4: hGAST | EV4: both | EW4: both | EX4: HAWC2 | EY4: hGAST | EZ4: both | FA4: both | FB4: HAWC2 | FC4: hGAST | FD4: both | FE4: HAWC2 | FF4: hGAST | FH4: coupling terms | FM4: LOOKUP | FN4: machi | FQ4: RAW
A5: 0 | B5: 5.2 | C5: 0.2721763 | D5: =C5*180/PI() -> 15.594553 | E5: 0.50454545 | F5: 0 | G5: 0 | H5: 0 | I5: 1 | K5: 0 | L5: 5.2 | M5: 100 | N5: 1 | P5: 0.0227663 | Q5: -0.00635412 | R5: 0 | S5: -15.5946 | T5: 1 | U5: 0 | W5: pre | X5: next | Y5: x_[m] | Z5: y_[m] | AA5: z_[m] | AB5: θt_[deg] | AD5: pre | AE5: next | AF5: c_ [m] | AG5: pre | AH5: next | AI5: pitch_axis_[%] | AK5: r_[m] | AL5: m_[kg/m] | AM5: x_cg_[m] | AN5: y_cg_[m] | AO5: ri_x_[m] | AP5: ri_y_[m] | AQ5: x_sh_[m] | AR5: y_sh_[m] | AS5: E_[N/m^2] | AT5: G_[N/m^2] | AU5: I_x_[m^4] | AV5: I_y_[m^4] | AW5: I_p_[m^4] | AX5: k_x_[-] | AY5: k_y_[-] | AZ5: A_[m^2] | BA5: pitch_[deg] | BB5: x_e_[m] | BC5: y_e_[m] | BD5: $26 | BE5: x_c/2_[m] | BF5: x_c/2_[m] | BG5: x_cg_[m] | BH5: y_cg_[m] | BI5: x_sh_[m] | BJ5: y_sh_[m] | BK5: x_e_[m] | BL5: y_e_[m] | BN5: x_c/2_[m] | BO5: x_cg_[m] | BP5: z_cg_[m] | BQ5: x_sh_[m] | BR5: z_sh_[m] | BS5: x_e_[m] | BT5: z_e_[m] | BV5: θ_t [deg] | BW5: θ_t [rad] | BX5: x_cg_[m] | BY5: z_cg_[m] | BZ5: x_sh_[m] | CA5: z_sh_[m] | CB5: x_e_[m] | CC5: z_e_[m] | CE5: pri_ρIxx [kg*m] | CF5: pri_ρIyy [kg*m] | CG5: pri_EIxx [N*m^2] | CH5: pri_EIyy [N*m^2] | CI5: GJ [N*m^2] | CJ5: pri_GAx [N] | CK5: pri_GAy [N] | CL5: c2_ρΙxx | CM5: c2_ρΙyy | CN5: c2_ρΙxy | CO5: c2_EΙxx | CP5: c2_EΙyy | CQ5: c2_EΙxy | CR5: c2_GAx [N] | CS5: c2_GAy [N] | CT5: c2_GAxy [N] | CU5: st_ρΙxx | CV5: st_ρΙyy | CW5: st_ρΙxy | CX5: st_EΙxx | CY5: st_EΙyy | CZ5: st_EΙxy | DA5: st_ρΙxz | DB5: st_EIxz | DC5: GAxz | DD5: pa_EAx | DE5: pa_EAz | DF5: pa_GAxX | DG5: pa_GAzZ | DI5: rotate by - θ_t [deg] | DJ5: - θ_t [rad] | DK5: **num | DL5: R [curv] | DM5: Y [span] | DN5: X [swe] | DO5: Z [ben] | DP5: m [kg/m] | DQ5: x_cg [m] | DR5: z_cg [m] | DS5: ρIxx [kg*m] | DT5: ρIzz [kg*m] | DU5: ρIxz [kg*m] | DV5: EA [N] | DW5: + EAx [Nm] | DX5: EAz [Nm] | DY5: Eixx [Nm^2] | DZ5: Eizz [Nm^2] | EA5: + Eixz [Nm^2] | EB5: Git [Nm^2] | EC5: GxA [N] | ED5: GzA [N] | EE5: GxzA [N] | EF5: GxAX [Nm] | EG5: + GzAZ [Nm] | EH5: D [m] | EJ5: pa_EAx | EK5: pa_EAy | EL5: pa_GAxX | EM5: pa_GAyY | EO5: ρIxx [kg*m] | EP5: ρIyy,zz [kg*m] | EQ5: ρIxy [kg*m] | ER5: ρIxz [kg*m] | ES5: + EAx [Nm] | ET5: EAy [Nm] | EU5: EAz [Nm] | EV5: EIxx [Nm^2] | EW5: EIyy,zz [Nm^2] | EX5: + EIxy [Nm^2] | EY5: + EIxz [Nm^2] | EZ5: GxA [N] | FA5: Gy,zA [N] | FB5: GxyA [N] | FC5: GxzA [N] | FD5: GxAX [Nm] | FE5: + GyAY [Nm] | FF5: + GzAZ [Nm] | FH5: EAx | FI5: EAz | FJ5: GAxX | FK5: GAzZ | FM5: pre | FN5: next | FP5: **num | FQ5: Y [span] | FR5: X [swe] | FS5: Z [ben] | FT5: m [kg/m] | FU5: x_cg [m] | FV5: z_cg [m] | FW5: ρIxx [kg*m] | FX5: ρIzz [kg*m] | FY5: ρIxz [kg*m] | FZ5: EA [N] | GA5: + EAx [Nm] | GB5: EAz [Nm] | GC5: Eixx [Nm^2] | GD5: Eizz [Nm^2] | GE5: + Eixz [Nm^2] | GF5: Git [Nm^2] | GG5: GxA [N] | GH5: GzA [N] | GI5: GxAX [Nm] | GJ5: + GzAZ [Nm] | GK5: D [m]
A6: 0.020408163 | B6: 5.2088399 | C6: 0.27205736 | D6: =C6*180/PI() -> 15.587739 | E6: 0.49001868 | F6: 2.3877551 | G6: -0.018400065 | H6: 0 | I6: 2 | K6: 4.1284356 | L6: 5.2269516 | M6: 98.341624 | N6: 2 | P6: -0.01293848 | Q6: 0.01261945 | R6: 1.171132 | S6: -15.59122 | T6: 2 | U6: =SQRT( (P6-P5)^2 + (Q6-Q5)^2 + (R6-R5)^2 ) + U5 -> 1.1718298 | W6: =_xlfn.XLOOKUP(AK6, $U$5:$U$200, $T$5:$T$200, ,-1) -> 1 | X6: =W6+1 -> 2 | Y6: =_xlfn.LET( _xlpm.r, $AK6, _xlpm.rp, _xlfn.XLOOKUP($W6, $T$5:$T$200, $U$5:$U$200, , -1), _xlpm.rn, _xlfn.XLOOKUP($X6, $T$5:$T$200, $U$5:$U$200, , -1), _xlpm.xp, _xlfn.XLOOKUP($W6, $T$5:$T$200, P$5:P$200, , -1), _xlpm.xn, _xlfn.XLOOKUP($X6, $T$5:$T$200, P$5:P$200, , -1), (_xlpm.r - _xlpm.rp)/(_xlpm.rn - _xlpm.rp)*(_xlpm.xn - _xlpm.xp) + _xlpm.xp ) -> 0.0227663 | Z6: =_xlfn.LET( _xlpm.r, $AK6, _xlpm.rp, _xlfn.XLOOKUP($W6, $T$5:$T$200, $U$5:$U$200, , -1), _xlpm.rn, _xlfn.XLOOKUP($X6, $T$5:$T$200, $U$5:$U$200, , -1), _xlpm.xp, _xlfn.XLOOKUP($W6, $T$5:$T$200, Q$5:Q$200, , -1), _xlpm.xn, _xlfn.XLOOKUP($X6, $T$5:$T$200, Q$5:Q$200, , -1), (_xlpm.r - _xlpm.rp)/(_xlpm.rn - _xlpm.rp)*(_xlpm.xn - _xlpm.xp) + _xlpm.xp ) -> -0.00635412 | AA6: =_xlfn.LET( _xlpm.r, $AK6, _xlpm.rp, _xlfn.XLOOKUP($W6, $T$5:$T$200, $U$5:$U$200, , -1), _xlpm.rn, _xlfn.XLOOKUP($X6, $T$5:$T$200, $U$5:$U$200, , -1), _xlpm.xp, _xlfn.XLOOKUP($W6, $T$5:$T$200, R$5:R$200, , -1), _xlpm.xn, _xlfn.XLOOKUP($X6, $T$5:$T$200, R$5:R$200, , -1), (_xlpm.r - _xlpm.rp)/(_xlpm.rn - _xlpm.rp)*(_xlpm.xn - _xlpm.xp) + _xlpm.xp ) -> 0 | AB6: =_xlfn.LET( _xlpm.r, $AK6, _xlpm.rp, _xlfn.XLOOKUP($W6, $T$5:$T$200, $U$5:$U$200, , -1), _xlpm.rn, _xlfn.XLOOKUP($X6, $T$5:$T$200, $U$5:$U$200, , -1), _xlpm.xp, _xlfn.XLOOKUP($W6, $T$5:$T$200, S$5:S$200, , -1), _xlpm.xn, _xlfn.XLOOKUP($X6, $T$5:$T$200, S$5:S$200, , -1), (_xlpm.r - _xlpm.rp)/(_xlpm.rn - _xlpm.rp)*(_xlpm.xn - _xlpm.xp) + _xlpm.xp ) -> -15.5946 | AD6: =_xlfn.XLOOKUP(AK6, $K$5:$K$200, $N$5:$N$200, ,-1) -> 1 | AE6: =AD6+1 -> 2 | AF6: =_xlfn.LET( _xlpm.r, $AK6, _xlpm.rp, _xlfn.XLOOKUP($AD6, $N$5:$N$200, $K$5:$K$200, , -1), _xlpm.rn, _xlfn.XLOOKUP($AE6, $N$5:$N$200, $K$5:$K$200, , -1), _xlpm.xp, _xlfn.XLOOKUP($AD6, $N$5:$N$200, L$5:L$200, , -1), _xlpm.xn, _xlfn.XLOOKUP($AE6, $N$5:$N$200, L$5:L$200, , -1), (_xlpm.r - _xlpm.rp)/(_xlpm.rn - _xlpm.rp)*(_xlpm.xn - _xlpm.xp) + _xlpm.xp ) -> 5.2 | AG6: =_xlfn.XLOOKUP(AA6, $F$5:$F$200, $I$5:$I$200, ,-1) -> 1 | AH6: =AG6+1 -> 2 | AI6: =_xlfn.LET( _xlpm.r, $AA6, _xlpm.rp, _xlfn.XLOOKUP($AG6, $I$5:$I$200, $F$5:$F$200, , -1), _xlpm.rn, _xlfn.XLOOKUP($AH6, $I$5:$I$200, $F$5:$F$200, , -1), _xlpm.xp, _xlfn.XLOOKUP($AG6, $I$5:$I$200, E$5:E$200, , -1), _xlpm.xn, _xlfn.XLOOKUP($AH6, $I$5:$I$200, E$5:E$200, , -1), (_xlpm.r - _xlpm.rp)/(_xlpm.rn - _xlpm.rp)*(_xlpm.xn - _xlpm.xp) + _xlpm.xp ) -> 0.50454545 | AK6: 0 | AL6: 3126.5244 | AM6: 0.00011619906 | AN6: -0.00014234568 | AO6: 1.8027984 | AP6: 1.8021313 | AQ6: -0.001501774 | AR6: 0.005716245 | AS6: 1.8877163e+10 | AT6: 3.9142658e+09 | AU6: 7.9258187 | AV6: 7.9176781 | AW6: 22.331655 | AX6: 0.71414345 | AY6: 0.71547347 | AZ6: 2.4063482 | BA6: -6.0000871 | BB6: 0.00019957381 | BC6: -0.0004766766 | BD6: 1 | BE6: =AI6*AF6 - AF6/2 -> 0.023636364 | BF6: =Y6 -> 0.0227663 | BG6: =$BF6+AM6 -> 0.022882499 | BH6: =AN6 -> -0.00014234568 | BI6: =$BF6+AQ6 -> 0.021264526 | BJ6: =AR6 -> 0.005716245 | BK6: =$BF6+BB6 -> 0.022965874 | BL6: =BC6 -> -0.0004766766 | BN6: =-BF6 -> -0.0227663 | BO6: =-BG6 -> -0.022882499 | BP6: =BH6 -> -0.00014234568 | BQ6: =-BI6 -> -0.021264526 | BR6: =BJ6 -> 0.005716245 | BS6: =-BK6 -> -0.022965874 | BT6: =BL6 -> -0.0004766766 | BV6: =IF($BV$3=1, - AB6, 0) -> 15.5946 | BW6: =RADIANS(BV6) -> 0.27217712 | BX6: =BO6*COS($BW6) - BP6*SIN($BW6) -> -0.02200188 | BY6: =BO6*SIN($BW6) + BP6*COS($BW6) -> -0.006288586 | BZ6: =BQ6*COS($BW6) - BR6*SIN($BW6) -> -0.022018427 | CA6: =BQ6*SIN($BW6) + BR6*COS($BW6) -> -0.0002107041 | CB6: =BS6*COS($BW6) - BT6*SIN($BW6) -> -0.021992307 | CC6: =BS6*SIN($BW6) + BT6*COS($BW6) -> -0.006633023 | CE6: =AO6^2 * $AL6 -> 10161.461 | CF6: =AP6^2 * $AL6 -> 10153.942 | CG6: =$AS6*AU6 -> 1.4961697e+11 | CH6: =$AS6*AV6 -> 1.494633e+11 | CI6: =AT6*AW6 -> 8.7412032e+10 | CJ6: =$AT6*$AZ6*AX6 -> 6.7265789e+09 | CK6: =$AT6*$AZ6*AY6 -> 6.7391065e+09 | CL6: =0.5*($CE6+$CF6)+0.5*($CE6-$CF6)*COS(-2*$BA6*PI()/180) - 0 -> 10161.379 | CM6: =0.5*($CE6+$CF6)-0.5*($CE6-$CF6)*COS(-2*$BA6*PI()/180) + 0 -> 10154.024 | CN6: =0.5*($CE6-$CF6)*SIN(-2*$BA6*PI()/180) + 0 -> 0.78164695 | CO6: =0.5*($CG6+$CH6)+0.5*($CG6-$CH6)*COS(-2*$BA6*PI()/180) - 0 -> 1.4961529e+11 | CP6: =0.5*($CG6+$CH6)-0.5*($CG6-$CH6)*COS(-2*$BA6*PI()/180) + 0 -> 1.4946498e+11 | CQ6: =0.5*($CG6-$CH6)*SIN(-2*$BA6*PI()/180) + 0 -> 15975329 | CR6: =0.5*($CJ6+$CK6) + 0.5*($CJ6-$CK6)*COS(-2*$BA6*PI()/180) +0 -> 6.7267158e+09 | CS6: =0.5*($CJ6+$CK6) - 0.5*($CJ6-$CK6)*COS(-2*$BA6*PI()/180) -0 -> 6.7389696e+09 | CT6: =- 0.5*($CJ6-$CK6)*SIN(-2*$BA6*PI()/180) + 0 -> 1302331.7 | CU6: =CL6 + $AL6*$BL6^2 * $CV$2 -> 10161.38 | CV6: =CM6 + $AL6*$BK6^2 * $CV$2 -> 10155.674 | CW6: =CN6 + $AL6*$BK6*$BL6 * $CV$2 -> 0.74741996 | CX6: =CO6 + $DV6*$BL6^2 * $CV$2 -> 1.496153e+11 | CY6: =CP6 + $DV6*$BK6^2 * $CV$2 -> 1.4948894e+11 | CZ6: =CQ6 + $DV6*$BK6*$BL6 * $CV$2 -> 15478048 | DA6: =-CW6 -> -0.74741996 | DB6: =-CZ6 -> -15478048 | DC6: =-CT6 -> -1302331.7 | DD6: =$DV6*BT6 -> -21653047 | DE6: =$DV6*BS6 -> -1.0432254e+09 | DF6: =CR6*BR6 -> 38451556 | DG6: =CS6*BQ6 -> -1.4330099e+08 | DI6: =IF($DI$3=1,-AB6, 0) -> 15.5946 | DJ6: =RADIANS(DI6) -> 0.27217712 | DK6: 1 | DL6: 0 | DM6: =AA6 -> 0 | DN6: 0 | DO6: 0 | DP6: =AL6 -> 3126.5244 | DQ6: =BX6 -> -0.02200188 | DR6: =BY6 -> -0.006288586 | DS6: =0.5*($CU6+$CV6)+0.5*($CU6-$CV6)*COS(2*$DJ6) + $DA6*SIN(2*$DJ6) -> 10160.58 | DT6: =0.5*($CU6+$CV6)-0.5*($CU6-$CV6)*COS(2*$DJ6) - $DA6*SIN(2*$DJ6) -> 10156.473 | DU6: =- 0.5*($CU6-$CV6)*SIN(2*$DJ6) + $DA6*COS(2*$DJ6) -> -2.1169362 | DV6: =AS6*AZ6 -> 4.5425027e+10 | DW6: =$DD6*COS($DJ6) + $DE6*SIN($DJ6) -> -3.0130525e+08 | DX6: =- $DD6*SIN($DJ6) + $DE6*COS($DJ6) -> -9.9900116e+08 | DY6: =0.5*($CX6+$CY6)+0.5*($CX6-$CY6)*COS(2*$DJ6) + $DB6*SIN(2*$DJ6) -> 1.4959816e+11 | DZ6: =0.5*($CX6+$CY6)-0.5*($CX6-$CY6)*COS(2*$DJ6) - $DB6*SIN(2*$DJ6) -> 1.4950609e+11 | EA6: =- 0.5*($CX6-$CY6)*SIN(2*$DJ6) + $DB6*COS(2*$DJ6) -> -45961067 | EB6: =CI6 -> 8.7412032e+10 | EC6: =0.5*($CR6+$CS6)+0.5*($CR6-$CS6)*COS(2*$DJ6) - $DC6*SIN(2*$DJ6) -> 6.7282758e+09 | ED6: =0.5*($CR6+$CS6)-0.5*($CR6-$CS6)*COS(2*$DJ6) + $DC6*SIN(2*$DJ6) -> 6.7374096e+09 | EE6: =0.5*($CR6-$CS6)*SIN(2*$DJ6) + $DC6*COS(2*$DJ6) -> -4287005.4 | EF6: =$DF6*COS($DJ6) + $DG6*SIN($DJ6) -> -1487395.7 | EG6: =- $DF6*SIN($DJ6) + $DG6*COS($DJ6) -> -1.4836268e+08 | EH6: 0 | EJ6: =$DV6*BL6 -> -21653047 | EK6: =$DV6*BK6 -> 1.0432254e+09 | EL6: =CR6*BJ6 -> 38451556 | EM6: =CS6*BI6 -> 1.4330099e+08 | EO6: =0.5*($CU6+$CV6)+0.5*($CU6-$CV6)*COS(2*$DJ6) - $CW6*SIN(2*$DJ6) -> 10160.58 | EP6: =0.5*($CU6+$CV6)-0.5*($CU6-$CV6)*COS(2*$DJ6) + $CW6*SIN(2*$DJ6) -> 10156.473 | EQ6: =0.5*($CU6-$CV6)*SIN(2*$DJ6) + $CW6*COS(2*$DJ6) -> 2.1169362 | ER6: =-EQ6 -> -2.1169362 | ES6: =$EJ6*COS($DJ6) - $EK6*SIN($DJ6) -> -3.0130525e+08 | ET6: =$EJ6*SIN($DJ6) + $EK6*COS($DJ6) -> 9.9900116e+08 | EU6: =-ET6 -> -9.9900116e+08 | EV6: =0.5*($CX6+$CY6)+0.5*($CX6-$CY6)*COS(2*$DJ6) - $CZ6*SIN(2*$DJ6) -> 1.4959816e+11 | EW6: =0.5*($CX6+$CY6)-0.5*($CX6-$CY6)*COS(2*$DJ6) + $CZ6*SIN(2*$DJ6) -> 1.4950609e+11 | EX6: =0.5*($CX6-$CY6)*SIN(2*$DJ6) + $CZ6*COS(2*$DJ6) -> 45961067 | EY6: =-EX6 -> -45961067 | EZ6: =0.5*($CR6+$CS6)+0.5*($CR6-$CS6)*COS(2*$DJ6) + $CT6*SIN(2*$DJ6) -> 6.7282758e+09 | FA6: =0.5*($CR6+$CS6)-0.5*($CR6-$CS6)*COS(2*$DJ6) - $CT6*SIN(2*$DJ6) -> 6.7374096e+09 | FB6: =- 0.5*($CR6-$CS6)*SIN(2*$DJ6) + $CT6*COS(2*$DJ6) -> 4287005.4 | FC6: =-FB6 -> -4287005.4 | FD6: =$EL6*COS($DJ6) - $EM6*SIN($DJ6) -> -1487395.7 | FE6: =$EL6*SIN($DJ6) + $EM6*COS($DJ6) -> 1.4836268e+08 | FF6: =-FE6 -> -1.4836268e+08 | FH6: =$DV6*CC6 -> -3.0130525e+08 | FI6: =$DV6*CB6 -> -9.9900116e+08 | FJ6: =EZ6*CA6 -> -1417675.3 | FK6: =FA6*BZ6 -> -1.4834716e+08 | FM6: =_xlfn.XLOOKUP(FQ6,$DM$6:$DM$200,$DK$6:$DK$200, ,-1) -> 1 | FN6: =FM6+1 -> 2 | FP6: 1 | FQ6: 0 | FR6: =_xlfn.LET( _xlpm.r, $FQ6, _xlpm.rp, _xlfn.XLOOKUP($FM6,$DK$6:$DK$200,$DM$6:$DM$200, , -1), _xlpm.rn, _xlfn.XLOOKUP($FN6,$DK$6:$DK$200,$DM$6:$DM$200, , -1), _xlpm.xp, _xlfn.XLOOKUP($FM6,$DK$6:$DK$200,DN$6:DN$200, , -1), _xlpm.xn, _xlfn.XLOOKUP($FN6,$DK$6:$DK$200,DN$6:DN$200, , -1), (_xlpm.r - _xlpm.rp)/(_xlpm.rn - _xlpm.rp)*(_xlpm.xn - _xlpm.xp) + _xlpm.xp ) -> 0 | FS6: =_xlfn.LET( _xlpm.r, $FQ6, _xlpm.rp, _xlfn.XLOOKUP($FM6,$DK$6:$DK$200,$DM$6:$DM$200, , -1), _xlpm.rn, _xlfn.XLOOKUP($FN6,$DK$6:$DK$200,$DM$6:$DM$200, , -1), _xlpm.xp, _xlfn.XLOOKUP($FM6,$DK$6:$DK$200,DO$6:DO$200, , -1), _xlpm.xn, _xlfn.XLOOKUP($FN6,$DK$6:$DK$200,DO$6:DO$200, , -1), (_xlpm.r - _xlpm.rp)/(_xlpm.rn - _xlpm.rp)*(_xlpm.xn - _xlpm.xp) + _xlpm.xp ) -> 0 | FT6: =_xlfn.LET( _xlpm.r, $FQ6, _xlpm.rp, _xlfn.XLOOKUP($FM6,$DK$6:$DK$200,$DM$6:$DM$200, , -1), _xlpm.rn, _xlfn.XLOOKUP($FN6,$DK$6:$DK$200,$DM$6:$DM$200, , -1), _xlpm.xp, _xlfn.XLOOKUP($FM6,$DK$6:$DK$200,DP$6:DP$200, , -1), _xlpm.xn, _xlfn.XLOOKUP($FN6,$DK$6:$DK$200,DP$6:DP$200, , -1), (_xlpm.r - _xlpm.rp)/(_xlpm.rn - _xlpm.rp)*(_xlpm.xn - _xlpm.xp) + _xlpm.xp ) -> 3126.5244 | FU6: =_xlfn.LET( _xlpm.r, $FQ6, _xlpm.rp, _xlfn.XLOOKUP($FM6,$DK$6:$DK$200,$DM$6:$DM$200, , -1), _xlpm.rn, _xlfn.XLOOKUP($FN6,$DK$6:$DK$200,$DM$6:$DM$200, , -1), _xlpm.xp, _xlfn.XLOOKUP($FM6,$DK$6:$DK$200,DQ$6:DQ$200, , -1), _xlpm.xn, _xlfn.XLOOKUP($FN6,$DK$6:$DK$200,DQ$6:DQ$200, , -1), (_xlpm.r - _xlpm.rp)/(_xlpm.rn - _xlpm.rp)*(_xlpm.xn - _xlpm.xp) + _xlpm.xp ) -> -0.02200188 | FV6: =_xlfn.LET( _xlpm.r, $FQ6, _xlpm.rp, _xlfn.XLOOKUP($FM6,$DK$6:$DK$200,$DM$6:$DM$200, , -1), _xlpm.rn, _xlfn.XLOOKUP($FN6,$DK$6:$DK$200,$DM$6:$DM$200, , -1), _xlpm.xp, _xlfn.XLOOKUP($FM6,$DK$6:$DK$200,DR$6:DR$200, , -1), _xlpm.xn, _xlfn.XLOOKUP($FN6,$DK$6:$DK$200,DR$6:DR$200, , -1), (_xlpm.r - _xlpm.rp)/(_xlpm.rn - _xlpm.rp)*(_xlpm.xn - _xlpm.xp) + _xlpm.xp ) -> -0.006288586 | FW6: =_xlfn.LET( _xlpm.r, $FQ6, _xlpm.rp, _xlfn.XLOOKUP($FM6,$DK$6:$DK$200,$DM$6:$DM$200, , -1), _xlpm.rn, _xlfn.XLOOKUP($FN6,$DK$6:$DK$200,$DM$6:$DM$200, , -1), _xlpm.xp, _xlfn.XLOOKUP($FM6,$DK$6:$DK$200,DS$6:DS$200, , -1), _xlpm.xn, _xlfn.XLOOKUP($FN6,$DK$6:$DK$200,DS$6:DS$200, , -1), (_xlpm.r - _xlpm.rp)/(_xlpm.rn - _xlpm.rp)*(_xlpm.xn - _xlpm.xp) + _xlpm.xp ) -> 10160.58 | FX6: =_xlfn.LET( _xlpm.r, $FQ6, _xlpm.rp, _xlfn.XLOOKUP($FM6,$DK$6:$DK$200,$DM$6:$DM$200, , -1), _xlpm.rn, _xlfn.XLOOKUP($FN6,$DK$6:$DK$200,$DM$6:$DM$200, , -1), _xlpm.xp, _xlfn.XLOOKUP($FM6,$DK$6:$DK$200,DT$6:DT$200, , -1), _xlpm.xn, _xlfn.XLOOKUP($FN6,$DK$6:$DK$200,DT$6:DT$200, , -1), (_xlpm.r - _xlpm.rp)/(_xlpm.rn - _xlpm.rp)*(_xlpm.xn - _xlpm.xp) + _xlpm.xp ) -> 10156.473 | FY6: =_xlfn.LET( _xlpm.r, $FQ6, _xlpm.rp, _xlfn.XLOOKUP($FM6,$DK$6:$DK$200,$DM$6:$DM$200, , -1), _xlpm.rn, _xlfn.XLOOKUP($FN6,$DK$6:$DK$200,$DM$6:$DM$200, , -1), _xlpm.xp, _xlfn.XLOOKUP($FM6,$DK$6:$DK$200,DU$6:DU$200, , -1), _xlpm.xn, _xlfn.XLOOKUP($FN6,$DK$6:$DK$200,DU$6:DU$200, , -1), (_xlpm.r - _xlpm.rp)/(_xlpm.rn - _xlpm.rp)*(_xlpm.xn - _xlpm.xp) + _xlpm.xp ) -> -2.1169362 | ... GH6: =_xlfn.LET( _xlpm.r, $FQ6, _xlpm.rp, _xlfn.XLOOKUP($FM6,$DK$6:$DK$200,$DM$6:$DM$200, , -1), _xlpm.rn, _xlfn.XLOOKUP($FN6,$DK$6:$DK$200,$DM$6:$DM$200, , -1), _xlpm.xp, _xlfn.XLOOKUP($FM6,$DK$6:$DK$200,ED$6:ED$200, , -1), _xlpm.xn, _xlfn.XLOOKUP($FN6,$DK$6:$DK$200,ED$6:ED$200, , -1), (_xlpm.r - _xlpm.rp)/(_xlpm.rn - _xlpm.rp)*(_xlpm.xn - _xlpm.xp) + _xlpm.xp ) -> 6.7374096e+09 | GI6: =_xlfn.LET( _xlpm.r, $FQ6, _xlpm.rp, _xlfn.XLOOKUP($FM6,$DK$6:$DK$200,$DM$6:$DM$200, , -1), _xlpm.rn, _xlfn.XLOOKUP($FN6,$DK$6:$DK$200,$DM$6:$DM$200, , -1), _xlpm.xp, _xlfn.XLOOKUP($FM6,$DK$6:$DK$200,EF$6:EF$200, , -1), _xlpm.xn, _xlfn.XLOOKUP($FN6,$DK$6:$DK$200,EF$6:EF$200, , -1), (_xlpm.r - _xlpm.rp)/(_xlpm.rn - _xlpm.rp)*(_xlpm.xn - _xlpm.xp) + _xlpm.xp ) -> -1487395.7 | GJ6: =_xlfn.LET( _xlpm.r, $FQ6, _xlpm.rp, _xlfn.XLOOKUP($FM6,$DK$6:$DK$200,$DM$6:$DM$200, , -1), _xlpm.rn, _xlfn.XLOOKUP($FN6,$DK$6:$DK$200,$DM$6:$DM$200, , -1), _xlpm.xp, _xlfn.XLOOKUP($FM6,$DK$6:$DK$200,EG$6:EG$200, , -1), _xlpm.xn, _xlfn.XLOOKUP($FN6,$DK$6:$DK$200,EG$6:EG$200, , -1), (_xlpm.r - _xlpm.rp)/(_xlpm.rn - _xlpm.rp)*(_xlpm.xn - _xlpm.xp) + _xlpm.xp ) -> -1.4836268e+08 | GK6: =_xlfn.LET( _xlpm.r, $FQ6, _xlpm.rp, _xlfn.XLOOKUP($FM6,$DK$6:$DK$200,$DM$6:$DM$200, , -1), _xlpm.rn, _xlfn.XLOOKUP($FN6,$DK$6:$DK$200,$DM$6:$DM$200, , -1), _xlpm.xp, _xlfn.XLOOKUP($FM6,$DK$6:$DK$200,EH$6:EH$200, , -1), _xlpm.xn, _xlfn.XLOOKUP($FN6,$DK$6:$DK$200,EH$6:EH$200, , -1), (_xlpm.r - _xlpm.rp)/(_xlpm.rn - _xlpm.rp)*(_xlpm.xn - _xlpm.xp) + _xlpm.xp ) -> 0
A7: 0.040816327 | B7: 5.2378871 | C7: 0.26896981 | D7: =C7*180/PI() -> 15.410835 | E7: 0.47270018 | F7: 4.7755102 | G7: -0.042250837 | H7: 0 | I7: 3 | K7: 8.704103 | L7: 5.3387425 | M7: 83.803371 | N7: 3 | P7: -0.04864326 | Q7: 0.03159302 | R7: 2.342264 | S7: -15.58783 | T7: 3 | U7: =SQRT( (P7-P6)^2 + (Q7-Q6)^2 + (R7-R6)^2 ) + U6 -> 2.3436595 | W7: =_xlfn.XLOOKUP(AK7, $U$5:$U$200, $T$5:$T$200, ,-1) -> 1 | X7: =W7+1 -> 2 | Y7: =_xlfn.LET( _xlpm.r, $AK7, _xlpm.rp, _xlfn.XLOOKUP($W7, $T$5:$T$200, $U$5:$U$200, , -1), _xlpm.rn, _xlfn.XLOOKUP($X7, $T$5:$T$200, $U$5:$U$200, , -1), _xlpm.xp, _xlfn.XLOOKUP($W7, $T$5:$T$200, P$5:P$200, , -1), _xlpm.xn, _xlfn.XLOOKUP($X7, $T$5:$T$200, P$5:P$200, , -1), (_xlpm.r - _xlpm.rp)/(_xlpm.rn - _xlpm.rp)*(_xlpm.xn - _xlpm.xp) + _xlpm.xp ) -> -0.012937405 | Z7: =_xlfn.LET( _xlpm.r, $AK7, _xlpm.rp, _xlfn.XLOOKUP($W7, $T$5:$T$200, $U$5:$U$200, , -1), _xlpm.rn, _xlfn.XLOOKUP($X7, $T$5:$T$200, $U$5:$U$200, , -1), _xlpm.xp, _xlfn.XLOOKUP($W7, $T$5:$T$200, Q$5:Q$200, , -1), _xlpm.xn, _xlfn.XLOOKUP($X7, $T$5:$T$200, Q$5:Q$200, , -1), (_xlpm.r - _xlpm.rp)/(_xlpm.rn - _xlpm.rp)*(_xlpm.xn - _xlpm.xp) + _xlpm.xp ) -> 0.012618879 | AA7: =_xlfn.LET( _xlpm.r, $AK7, _xlpm.rp, _xlfn.XLOOKUP($W7, $T$5:$T$200, $U$5:$U$200, , -1), _xlpm.rn, _xlfn.XLOOKUP($X7, $T$5:$T$200, $U$5:$U$200, , -1), _xlpm.xp, _xlfn.XLOOKUP($W7, $T$5:$T$200, R$5:R$200, , -1), _xlpm.xn, _xlfn.XLOOKUP($X7, $T$5:$T$200, R$5:R$200, , -1), (_xlpm.r - _xlpm.rp)/(_xlpm.rn - _xlpm.rp)*(_xlpm.xn - _xlpm.xp) + _xlpm.xp ) -> 1.1710967 | AB7: =_xlfn.LET( _xlpm.r, $AK7, _xlpm.rp, _xlfn.XLOOKUP($W7, $T$5:$T$200, $U$5:$U$200, , -1), _xlpm.rn, _xlfn.XLOOKUP($X7, $T$5:$T$200, $U$5:$U$200, , -1), _xlpm.xp, _xlfn.XLOOKUP($W7, $T$5:$T$200, S$5:S$200, , -1), _xlpm.xn, _xlfn.XLOOKUP($X7, $T$5:$T$200, S$5:S$200, , -1), (_xlpm.r - _xlpm.rp)/(_xlpm.rn - _xlpm.rp)*(_xlpm.xn - _xlpm.xp) + _xlpm.xp ) -> -15.59122 | AD7: =_xlfn.XLOOKUP(AK7, $K$5:$K$200, $N$5:$N$200, ,-1) -> 1 | AE7: =AD7+1 -> 2 | AF7: =_xlfn.LET( _xlpm.r, $AK7, _xlpm.rp, _xlfn.XLOOKUP($AD7, $N$5:$N$200, $K$5:$K$200, , -1), _xlpm.rn, _xlfn.XLOOKUP($AE7, $N$5:$N$200, $K$5:$K$200, , -1), _xlpm.xp, _xlfn.XLOOKUP($AD7, $N$5:$N$200, L$5:L$200, , -1), _xlpm.xn, _xlfn.XLOOKUP($AE7, $N$5:$N$200, L$5:L$200, , -1), (_xlpm.r - _xlpm.rp)/(_xlpm.rn - _xlpm.rp)*(_xlpm.xn - _xlpm.xp) + _xlpm.xp ) -> 5.2076498 | AG7: =_xlfn.XLOOKUP(AA7, $F$5:$F$200, $I$5:$I$200, ,-1) -> 1 | AH7: =AG7+1 -> 2 | AI7: =_xlfn.LET( _xlpm.r, $AA7, _xlpm.rp, _xlfn.XLOOKUP($AG7, $I$5:$I$200, $F$5:$F$200, , -1), _xlpm.rn, _xlfn.XLOOKUP($AH7, $I$5:$I$200, $F$5:$F$200, , -1), _xlpm.xp, _xlfn.XLOOKUP($AG7, $I$5:$I$200, E$5:E$200, , -1), _xlpm.xn, _xlfn.XLOOKUP($AH7, $I$5:$I$200, E$5:E$200, , -1), (_xlpm.r - _xlpm.rp)/(_xlpm.rn - _xlpm.rp)*(_xlpm.xn - _xlpm.xp) + _xlpm.xp ) -> 0.49742066 | AK7: 1.1717945 | AL7: 2963.782 | AM7: 1.6504997e-05 | AN7: -3.0532716e-05 | AO7: 1.8062497 | AP7: 1.8053424 | AQ7: -0.0012883452 | AR7: 0.0026252488 | AS7: 1.8584497e+10 | AT7: 3.8423282e+09 | AU7: 7.6975357 | AV7: 7.6477503 | AW7: 21.654596 | AX7: 0.71552541 | AY7: 0.71494667 | AZ7: 2.3231772 | BA7: 12.238819 | BB7: 8.7271317e-05 | BC7: -4.9605487e-05 | BD7: 2 | BE7: =AI7*AF7 - AF7/2 -> -0.013432284 | BF7: =Y7 -> -0.012937405 | BG7: =$BF7+AM7 -> -0.0129209 | BH7: =AN7 -> -3.0532716e-05 | BI7: =$BF7+AQ7 -> -0.01422575 | BJ7: =AR7 -> 0.0026252488 | BK7: =$BF7+BB7 -> -0.012850134 | BL7: =BC7 -> -4.9605487e-05 | BN7: =-BF7 -> 0.012937405 | BO7: =-BG7 -> 0.0129209 | BP7: =BH7 -> -3.0532716e-05 | BQ7: =-BI7 -> 0.01422575 | BR7: =BJ7 -> 0.0026252488 | BS7: =-BK7 -> 0.012850134 | BT7: =BL7 -> -4.9605487e-05 | BV7: =IF($BV$3=1, - AB7, 0) -> 15.59122 | BW7: =RADIANS(BV7) -> 0.27211813 | BX7: =BO7*COS($BW7) - BP7*SIN($BW7) -> 0.012453666 | BY7: =BO7*SIN($BW7) + BP7*COS($BW7) -> 0.0034433699 | BZ7: =BQ7*COS($BW7) - BR7*SIN($BW7) -> 0.012996702 | CA7: =BQ7*SIN($BW7) + BR7*COS($BW7) -> 0.0063521361 | CB7: =BS7*COS($BW7) - BT7*SIN($BW7) -> 0.01239063 | CC7: =BS7*SIN($BW7) + BT7*COS($BW7) -> 0.0034059789 | CE7: =AO7^2 * $AL7 -> 9669.4514 | CF7: =AP7^2 * $AL7 -> 9659.74 | CG7: =$AS7*AU7 -> 1.4305483e+11 | CH7: =$AS7*AV7 -> 1.4212959e+11 | CI7: =AT7*AW7 -> 8.3204064e+10 | CJ7: =$AT7*$AZ7*AX7 -> 6.3870727e+09 | CK7: =$AT7*$AZ7*AY7 -> 6.3819066e+09 | CL7: =0.5*($CE7+$CF7)+0.5*($CE7-$CF7)*COS(-2*$BA7*PI()/180) - 0 -> 9669.0149 | CM7: =0.5*($CE7+$CF7)-0.5*($CE7-$CF7)*COS(-2*$BA7*PI()/180) + 0 -> 9660.1764 | CN7: =0.5*($CE7-$CF7)*SIN(-2*$BA7*PI()/180) + 0 -> -2.011886 | CO7: =0.5*($CG7+$CH7)+0.5*($CG7-$CH7)*COS(-2*$BA7*PI()/180) - 0 -> 1.4301325e+11 | CP7: =0.5*($CG7+$CH7)-0.5*($CG7-$CH7)*COS(-2*$BA7*PI()/180) + 0 -> 1.4217117e+11 | CQ7: =0.5*($CG7-$CH7)*SIN(-2*$BA7*PI()/180) + 0 -> -1.9168046e+08 | CR7: =0.5*($CJ7+$CK7) + 0.5*($CJ7-$CK7)*COS(-2*$BA7*PI()/180) -> 6.3868405e+09 | CS7: =0.5*($CJ7+$CK7) - 0.5*($CJ7-$CK7)*COS(-2*$BA7*PI()/180) -> 6.3821388e+09 | CT7: =- 0.5*($CJ7-$CK7)*SIN(-2*$BA7*PI()/180) + 0 -> 1070245.2 | CU7: =CL7 + $AL7*$BL7^2 * $CV$2 -> 9669.015 | CV7: =CM7 + $AL7*$BK7^2 * $CV$2 -> 9660.6658 | CW7: =CN7 + $AL7*$BK7*$BL7 * $CV$2 -> -2.0099968 | CX7: =CO7 + $DV7*$BL7^2 * $CV$2 -> 1.4301325e+11 | CY7: =CP7 + $DV7*$BK7^2 * $CV$2 -> 1.421783e+11 | CZ7: =CQ7 + $DV7*$BK7*$BL7 * $CV$2 -> -1.9165294e+08 | DA7: =-CW7 -> 2.0099968 | DB7: =-CZ7 -> 1.9165294e+08 | DC7: =-CT7 -> -1070245.2 | DD7: =$DV7*BT7 -> -2141720.8 | DE7: =$DV7*BS7 -> 5.5480556e+08 | DF7: =CR7*BR7 -> 16767045 | DG7: =CS7*BQ7 -> 90790713 | DI7: =IF($DI$3=1,-AB7, 0) -> 15.59122 | DJ7: =RADIANS(DI7) -> 0.27211813 | DK7: 2 | DL7: =SQRT( (DM7-DM6)^2 + (DN7-DN6)^2 + (DO7-DO6)^2 ) + DL6 -> 1.1711647 | DM7: =AA7 -> 1.1710967 | DN7: 0 | DO7: =Z7 -> 0.012618879 | DP7: =AL7 -> 2963.782 | DQ7: =BX7 -> 0.012453666 | DR7: =BY7 -> 0.0034433699 | DS7: =0.5*($CU7+$CV7)+0.5*($CU7-$CV7)*COS(2*$DJ7) + $DA7*SIN(2*$DJ7) -> 9669.4525 | DT7: =0.5*($CU7+$CV7)-0.5*($CU7-$CV7)*COS(2*$DJ7) - $DA7*SIN(2*$DJ7) -> 9660.2283 | DU7: =- 0.5*($CU7-$CV7)*SIN(2*$DJ7) + $DA7*COS(2*$DJ7) -> -0.44183985 | DV7: =AS7*AZ7 -> 4.317508e+10 | DW7: =$DD7*COS($DJ7) + $DE7*SIN($DJ7) -> 1.4705341e+08 | DX7: =- $DD7*SIN($DJ7) + $DE7*COS($DJ7) -> 5.3496643e+08 | DY7: =0.5*($CX7+$CY7)+0.5*($CX7-$CY7)*COS(2*$DJ7) + $DB7*SIN(2*$DJ7) -> 1.4305217e+11 | DZ7: =0.5*($CX7+$CY7)-0.5*($CX7-$CY7)*COS(2*$DJ7) - $DB7*SIN(2*$DJ7) -> 1.4213939e+11 | EA7: =- 0.5*($CX7-$CY7)*SIN(2*$DJ7) + $DB7*COS(2*$DJ7) -> -52190474 | EB7: =CI7 -> 8.3204064e+10 | EC7: =0.5*($CR7+$CS7)+0.5*($CR7-$CS7)*COS(2*$DJ7) - $DC7*SIN(2*$DJ7) -> 6.387055e+09 | ED7: =0.5*($CR7+$CS7)-0.5*($CR7-$CS7)*COS(2*$DJ7) + $DC7*SIN(2*$DJ7) -> 6.3819243e+09 | EE7: =0.5*($CR7-$CS7)*SIN(2*$DJ7) + $DC7*COS(2*$DJ7) -> 301578.37 | EF7: =$DF7*COS($DJ7) + $DG7*SIN($DJ7) -> 40552103 | EG7: =- $DF7*SIN($DJ7) + $DG7*COS($DJ7) -> 82943441 | EH7: 0 | EJ7: =$DV7*BL7 -> -2141720.8 | EK7: =$DV7*BK7 -> -5.5480556e+08 | EL7: =CR7*BJ7 -> 16767045 | EM7: =CS7*BI7 -> -90790713 | EO7: =0.5*($CU7+$CV7)+0.5*($CU7-$CV7)*COS(2*$DJ7) - $CW7*SIN(2*$DJ7) -> 9669.4525 | EP7: =0.5*($CU7+$CV7)-0.5*($CU7-$CV7)*COS(2*$DJ7) + $CW7*SIN(2*$DJ7) -> 9660.2283 | EQ7: =0.5*($CU7-$CV7)*SIN(2*$DJ7) + $CW7*COS(2*$DJ7) -> 0.44183985 | ER7: =-EQ7 -> -0.44183985 | ES7: =$EJ7*COS($DJ7) - $EK7*SIN($DJ7) -> 1.4705341e+08 | ET7: =$EJ7*SIN($DJ7) + $EK7*COS($DJ7) -> -5.3496643e+08 | EU7: =-ET7 -> 5.3496643e+08 | EV7: =0.5*($CX7+$CY7)+0.5*($CX7-$CY7)*COS(2*$DJ7) - $CZ7*SIN(2*$DJ7) -> 1.4305217e+11 | EW7: =0.5*($CX7+$CY7)-0.5*($CX7-$CY7)*COS(2*$DJ7) + $CZ7*SIN(2*$DJ7) -> 1.4213939e+11 | EX7: =0.5*($CX7-$CY7)*SIN(2*$DJ7) + $CZ7*COS(2*$DJ7) -> 52190474 | EY7: =-EX7 -> -52190474 | EZ7: =0.5*($CR7+$CS7)+0.5*($CR7-$CS7)*COS(2*$DJ7) + $CT7*SIN(2*$DJ7) -> 6.387055e+09 | FA7: =0.5*($CR7+$CS7)-0.5*($CR7-$CS7)*COS(2*$DJ7) - $CT7*SIN(2*$DJ7) -> 6.3819243e+09 | FB7: =- 0.5*($CR7-$CS7)*SIN(2*$DJ7) + $CT7*COS(2*$DJ7) -> -301578.37 | FC7: =-FB7 -> 301578.37 | FD7: =$EL7*COS($DJ7) - $EM7*SIN($DJ7) -> 40552103 | FE7: =$EL7*SIN($DJ7) + $EM7*COS($DJ7) -> -82943441 | FF7: =-FE7 -> 82943441 | FH7: =$DV7*CC7 -> 1.4705341e+08 | FI7: =$DV7*CB7 -> 5.3496643e+08 | FJ7: =EZ7*CA7 -> 40571442 | FK7: =FA7*BZ7 -> 82943971 | FM7: =_xlfn.XLOOKUP(FQ7,$DM$6:$DM$200,$DK$6:$DK$200, ,-1) -> 1 | FN7: =FM7+1 -> 2 | FP7: 2 | FQ7: 1.17 | FR7: =_xlfn.LET( _xlpm.r, $FQ7, _xlpm.rp, _xlfn.XLOOKUP($FM7,$DK$6:$DK$200,$DM$6:$DM$200, , -1), _xlpm.rn, _xlfn.XLOOKUP($FN7,$DK$6:$DK$200,$DM$6:$DM$200, , -1), _xlpm.xp, _xlfn.XLOOKUP($FM7,$DK$6:$DK$200,DN$6:DN$200, , -1), _xlpm.xn, _xlfn.XLOOKUP($FN7,$DK$6:$DK$200,DN$6:DN$200, , -1), (_xlpm.r - _xlpm.rp)/(_xlpm.rn - _xlpm.rp)*(_xlpm.xn - _xlpm.xp) + _xlpm.xp ) -> 0 | FS7: =_xlfn.LET( _xlpm.r, $FQ7, _xlpm.rp, _xlfn.XLOOKUP($FM7,$DK$6:$DK$200,$DM$6:$DM$200, , -1), _xlpm.rn, _xlfn.XLOOKUP($FN7,$DK$6:$DK$200,$DM$6:$DM$200, , -1), _xlpm.xp, _xlfn.XLOOKUP($FM7,$DK$6:$DK$200,DO$6:DO$200, , -1), _xlpm.xn, _xlfn.XLOOKUP($FN7,$DK$6:$DK$200,DO$6:DO$200, , -1), (_xlpm.r - _xlpm.rp)/(_xlpm.rn - _xlpm.rp)*(_xlpm.xn - _xlpm.xp) + _xlpm.xp ) -> 0.012607061 | FT7: =_xlfn.LET( _xlpm.r, $FQ7, _xlpm.rp, _xlfn.XLOOKUP($FM7,$DK$6:$DK$200,$DM$6:$DM$200, , -1), _xlpm.rn, _xlfn.XLOOKUP($FN7,$DK$6:$DK$200,$DM$6:$DM$200, , -1), _xlpm.xp, _xlfn.XLOOKUP($FM7,$DK$6:$DK$200,DP$6:DP$200, , -1), _xlpm.xn, _xlfn.XLOOKUP($FN7,$DK$6:$DK$200,DP$6:DP$200, , -1), (_xlpm.r - _xlpm.rp)/(_xlpm.rn - _xlpm.rp)*(_xlpm.xn - _xlpm.xp) + _xlpm.xp ) -> 2963.9344 | FU7: =_xlfn.LET( _xlpm.r, $FQ7, _xlpm.rp, _xlfn.XLOOKUP($FM7,$DK$6:$DK$200,$DM$6:$DM$200, , -1), _xlpm.rn, _xlfn.XLOOKUP($FN7,$DK$6:$DK$200,$DM$6:$DM$200, , -1), _xlpm.xp, _xlfn.XLOOKUP($FM7,$DK$6:$DK$200,DQ$6:DQ$200, , -1), _xlpm.xn, _xlfn.XLOOKUP($FN7,$DK$6:$DK$200,DQ$6:DQ$200, , -1), (_xlpm.r - _xlpm.rp)/(_xlpm.rn - _xlpm.rp)*(_xlpm.xn - _xlpm.xp) + _xlpm.xp ) -> 0.012421398 | FV7: =_xlfn.LET( _xlpm.r, $FQ7, _xlpm.rp, _xlfn.XLOOKUP($FM7,$DK$6:$DK$200,$DM$6:$DM$200, , -1), _xlpm.rn, _xlfn.XLOOKUP($FN7,$DK$6:$DK$200,$DM$6:$DM$200, , -1), _xlpm.xp, _xlfn.XLOOKUP($FM7,$DK$6:$DK$200,DR$6:DR$200, , -1), _xlpm.xn, _xlfn.XLOOKUP($FN7,$DK$6:$DK$200,DR$6:DR$200, , -1), (_xlpm.r - _xlpm.rp)/(_xlpm.rn - _xlpm.rp)*(_xlpm.xn - _xlpm.xp) + _xlpm.xp ) -> 0.0034342558 | FW7: =_xlfn.LET( _xlpm.r, $FQ7, _xlpm.rp, _xlfn.XLOOKUP($FM7,$DK$6:$DK$200,$DM$6:$DM$200, , -1), _xlpm.rn, _xlfn.XLOOKUP($FN7,$DK$6:$DK$200,$DM$6:$DM$200, , -1), _xlpm.xp, _xlfn.XLOOKUP($FM7,$DK$6:$DK$200,DS$6:DS$200, , -1), _xlpm.xn, _xlfn.XLOOKUP($FN7,$DK$6:$DK$200,DS$6:DS$200, , -1), (_xlpm.r - _xlpm.rp)/(_xlpm.rn - _xlpm.rp)*(_xlpm.xn - _xlpm.xp) + _xlpm.xp ) -> 9669.9125 | FX7: =_xlfn.LET( _xlpm.r, $FQ7, _xlpm.rp, _xlfn.XLOOKUP($FM7,$DK$6:$DK$200,$DM$6:$DM$200, , -1), _xlpm.rn, _xlfn.XLOOKUP($FN7,$DK$6:$DK$200,$DM$6:$DM$200, , -1), _xlpm.xp, _xlfn.XLOOKUP($FM7,$DK$6:$DK$200,DT$6:DT$200, , -1), _xlpm.xn, _xlfn.XLOOKUP($FN7,$DK$6:$DK$200,DT$6:DT$200, , -1), (_xlpm.r - _xlpm.rp)/(_xlpm.rn - _xlpm.rp)*(_xlpm.xn - _xlpm.xp) + _xlpm.xp ) -> 9660.693 | FY7: =_xlfn.LET( _xlpm.r, $FQ7, _xlpm.rp, _xlfn.XLOOKUP($FM7,$DK$6:$DK$200,$DM$6:$DM$200, , -1), _xlpm.rn, _xlfn.XLOOKUP($FN7,$DK$6:$DK$200,$DM$6:$DM$200, , -1), _xlpm.xp, _xlfn.XLOOKUP($FM7,$DK$6:$DK$200,DU$6:DU$200, , -1), _xlpm.xn, _xlfn.XLOOKUP($FN7,$DK$6:$DK$200,DU$6:DU$200, , -1), (_xlpm.r - _xlpm.rp)/(_xlpm.rn - _xlpm.rp)*(_xlpm.xn - _xlpm.xp) + _xlpm.xp ) -> -0.4434086 | ... GH7: =_xlfn.LET( _xlpm.r, $FQ7, _xlpm.rp, _xlfn.XLOOKUP($FM7,$DK$6:$DK$200,$DM$6:$DM$200, , -1), _xlpm.rn, _xlfn.XLOOKUP($FN7,$DK$6:$DK$200,$DM$6:$DM$200, , -1), _xlpm.xp, _xlfn.XLOOKUP($FM7,$DK$6:$DK$200,ED$6:ED$200, , -1), _xlpm.xn, _xlfn.XLOOKUP($FN7,$DK$6:$DK$200,ED$6:ED$200, , -1), (_xlpm.r - _xlpm.rp)/(_xlpm.rn - _xlpm.rp)*(_xlpm.xn - _xlpm.xp) + _xlpm.xp ) -> 6.3822572e+09 | GI7: =_xlfn.LET( _xlpm.r, $FQ7, _xlpm.rp, _xlfn.XLOOKUP($FM7,$DK$6:$DK$200,$DM$6:$DM$200, , -1), _xlpm.rn, _xlfn.XLOOKUP($FN7,$DK$6:$DK$200,$DM$6:$DM$200, , -1), _xlpm.xp, _xlfn.XLOOKUP($FM7,$DK$6:$DK$200,EF$6:EF$200, , -1), _xlpm.xn, _xlfn.XLOOKUP($FN7,$DK$6:$DK$200,EF$6:EF$200, , -1), (_xlpm.r - _xlpm.rp)/(_xlpm.rn - _xlpm.rp)*(_xlpm.xn - _xlpm.xp) + _xlpm.xp ) -> 40512732 | GJ7: =_xlfn.LET( _xlpm.r, $FQ7, _xlpm.rp, _xlfn.XLOOKUP($FM7,$DK$6:$DK$200,$DM$6:$DM$200, , -1), _xlpm.rn, _xlfn.XLOOKUP($FN7,$DK$6:$DK$200,$DM$6:$DM$200, , -1), _xlpm.xp, _xlfn.XLOOKUP($FM7,$DK$6:$DK$200,EG$6:EG$200, , -1), _xlpm.xn, _xlfn.XLOOKUP($FN7,$DK$6:$DK$200,EG$6:EG$200, , -1), (_xlpm.r - _xlpm.rp)/(_xlpm.rn - _xlpm.rp)*(_xlpm.xn - _xlpm.xp) + _xlpm.xp ) -> 82726820 | GK7: =_xlfn.LET( _xlpm.r, $FQ7, _xlpm.rp, _xlfn.XLOOKUP($FM7,$DK$6:$DK$200,$DM$6:$DM$200, , -1), _xlpm.rn, _xlfn.XLOOKUP($FN7,$DK$6:$DK$200,$DM$6:$DM$200, , -1), _xlpm.xp, _xlfn.XLOOKUP($FM7,$DK$6:$DK$200,EH$6:EH$200, , -1), _xlpm.xn, _xlfn.XLOOKUP($FN7,$DK$6:$DK$200,EH$6:EH$200, , -1), (_xlpm.r - _xlpm.rp)/(_xlpm.rn - _xlpm.rp)*(_xlpm.xn - _xlpm.xp) + _xlpm.xp ) -> 0
A8: 0.06122449 | B8: 5.2933253 | C8: 0.26090151 | D8: =C8*180/PI() -> 14.948556 | E8: 0.45401477 | F8: 7.1632653 | G8: -0.071343507 | H8: 0 | I8: 4 | K8: 13.720035 | L8: 5.517632 | M8: 61.84286 | N8: 4 | P8: -0.09140135 | Q8: 0.05488521 | R8: 3.513081 | S8: -15.50433 | T8: 4 | U8: =SQRT( (P8-P7)^2 + (Q8-Q7)^2 + (R8-R7)^2 ) + U7 -> 3.5154885 | W8: =_xlfn.XLOOKUP(AK8, $U$5:$U$200, $T$5:$T$200, ,-1) -> 2 | X8: =W8+1 -> 3 | Y8: =_xlfn.LET( _xlpm.r, $AK8, _xlpm.rp, _xlfn.XLOOKUP($W8, $T$5:$T$200, $U$5:$U$200, , -1), _xlpm.rn, _xlfn.XLOOKUP($X8, $T$5:$T$200, $U$5:$U$200, , -1), _xlpm.xp, _xlfn.XLOOKUP($W8, $T$5:$T$200, P$5:P$200, , -1), _xlpm.xn, _xlfn.XLOOKUP($X8, $T$5:$T$200, P$5:P$200, , -1), (_xlpm.r - _xlpm.rp)/(_xlpm.rn - _xlpm.rp)*(_xlpm.xn - _xlpm.xp) + _xlpm.xp ) -> -0.04864111 | Z8: =_xlfn.LET( _xlpm.r, $AK8, _xlpm.rp, _xlfn.XLOOKUP($W8, $T$5:$T$200, $U$5:$U$200, , -1), _xlpm.rn, _xlfn.XLOOKUP($X8, $T$5:$T$200, $U$5:$U$200, , -1), _xlpm.xp, _xlfn.XLOOKUP($W8, $T$5:$T$200, Q$5:Q$200, , -1), _xlpm.xn, _xlfn.XLOOKUP($X8, $T$5:$T$200, Q$5:Q$200, , -1), (_xlpm.r - _xlpm.rp)/(_xlpm.rn - _xlpm.rp)*(_xlpm.xn - _xlpm.xp) + _xlpm.xp ) -> 0.031591878 | AA8: =_xlfn.LET( _xlpm.r, $AK8, _xlpm.rp, _xlfn.XLOOKUP($W8, $T$5:$T$200, $U$5:$U$200, , -1), _xlpm.rn, _xlfn.XLOOKUP($X8, $T$5:$T$200, $U$5:$U$200, , -1), _xlpm.xp, _xlfn.XLOOKUP($W8, $T$5:$T$200, R$5:R$200, , -1), _xlpm.xn, _xlfn.XLOOKUP($X8, $T$5:$T$200, R$5:R$200, , -1), (_xlpm.r - _xlpm.rp)/(_xlpm.rn - _xlpm.rp)*(_xlpm.xn - _xlpm.xp) + _xlpm.xp ) -> 2.3421935 | AB8: =_xlfn.LET( _xlpm.r, $AK8, _xlpm.rp, _xlfn.XLOOKUP($W8, $T$5:$T$200, $U$5:$U$200, , -1), _xlpm.rn, _xlfn.XLOOKUP($X8, $T$5:$T$200, $U$5:$U$200, , -1), _xlpm.xp, _xlfn.XLOOKUP($W8, $T$5:$T$200, S$5:S$200, , -1), _xlpm.xn, _xlfn.XLOOKUP($X8, $T$5:$T$200, S$5:S$200, , -1), (_xlpm.r - _xlpm.rp)/(_xlpm.rn - _xlpm.rp)*(_xlpm.xn - _xlpm.xp) + _xlpm.xp ) -> -15.58783 | AD8: =_xlfn.XLOOKUP(AK8, $K$5:$K$200, $N$5:$N$200, ,-1) -> 1 | AE8: =AD8+1 -> 2 | AF8: =_xlfn.LET( _xlpm.r, $AK8, _xlpm.rp, _xlfn.XLOOKUP($AD8, $N$5:$N$200, $K$5:$K$200, , -1), _xlpm.rn, _xlfn.XLOOKUP($AE8, $N$5:$N$200, $K$5:$K$200, , -1), _xlpm.xp, _xlfn.XLOOKUP($AD8, $N$5:$N$200, L$5:L$200, , -1), _xlpm.xn, _xlfn.XLOOKUP($AE8, $N$5:$N$200, L$5:L$200, , -1), (_xlpm.r - _xlpm.rp)/(_xlpm.rn - _xlpm.rp)*(_xlpm.xn - _xlpm.xp) + _xlpm.xp ) -> 5.2152996 | AG8: =_xlfn.XLOOKUP(AA8, $F$5:$F$200, $I$5:$I$200, ,-1) -> 1 | AH8: =AG8+1 -> 2 | AI8: =_xlfn.LET( _xlpm.r, $AA8, _xlpm.rp, _xlfn.XLOOKUP($AG8, $I$5:$I$200, $F$5:$F$200, , -1), _xlpm.rn, _xlfn.XLOOKUP($AH8, $I$5:$I$200, $F$5:$F$200, , -1), _xlpm.xp, _xlfn.XLOOKUP($AG8, $I$5:$I$200, E$5:E$200, , -1), _xlpm.xn, _xlfn.XLOOKUP($AH8, $I$5:$I$200, E$5:E$200, , -1), (_xlpm.r - _xlpm.rp)/(_xlpm.rn - _xlpm.rp)*(_xlpm.xn - _xlpm.xp) + _xlpm.xp ) -> 0.49029587 | AK8: 2.343589 | AL8: 2803.2194 | AM8: -0.00041240989 | AN8: 0.0021601408 | AO8: 1.8084173 | AP8: 1.8078245 | AQ8: -0.00033057121 | AR8: 0.0021861867 | AS8: 1.8291831e+10 | AT8: 3.7703907e+09 | AU8: 7.4777003 | AV8: 7.3682492 | AW8: 20.934016 | AX8: 0.71729255 | AY8: 0.71309084 | AZ8: 2.2400061 | BA8: 14.368451 | BB8: -7.1633937e-05 | BC8: 0.002263701 | BD8: 3 | BE8: =AI8*AF8 - AF8/2 -> -0.050609938 | BF8: =Y8 -> -0.04864111 | BG8: =$BF8+AM8 -> -0.04905352 | BH8: =AN8 -> 0.0021601408 | BI8: =$BF8+AQ8 -> -0.048971682 | BJ8: =AR8 -> 0.0021861867 | BK8: =$BF8+BB8 -> -0.048712744 | BL8: =BC8 -> 0.002263701 | BN8: =-BF8 -> 0.04864111 | BO8: =-BG8 -> 0.04905352 | BP8: =BH8 -> 0.0021601408 | BQ8: =-BI8 -> 0.048971682 | BR8: =BJ8 -> 0.0021861867 | BS8: =-BK8 -> 0.048712744 | BT8: =BL8 -> 0.002263701 | BV8: =IF($BV$3=1, - AB8, 0) -> 15.58783 | BW8: =RADIANS(BV8) -> 0.27205896 | BX8: =BO8*COS($BW8) - BP8*SIN($BW8) -> 0.046668853 | BY8: =BO8*SIN($BW8) + BP8*COS($BW8) -> 0.015262118 | BZ8: =BQ8*COS($BW8) - BR8*SIN($BW8) -> 0.046583025 | CA8: =BQ8*SIN($BW8) + BR8*COS($BW8) -> 0.015265215 | CB8: =BS8*COS($BW8) - BT8*SIN($BW8) -> 0.046312782 | CC8: =BS8*SIN($BW8) + BT8*COS($BW8) -> 0.015270298 | CE8: =AO8^2 * $AL8 -> 9167.5729 | CF8: =AP8^2 * $AL8 -> 9161.5636 | CG8: =$AS8*AU8 -> 1.3678083e+11 | CH8: =$AS8*AV8 -> 1.3477877e+11 | CI8: =AT8*AW8 -> 7.8929419e+10 | CJ8: =$AT8*$AZ8*AX8 -> 6.0580365e+09 | CK8: =$AT8*$AZ8*AY8 -> 6.0225501e+09 | CL8: =0.5*($CE8+$CF8)+0.5*($CE8-$CF8)*COS(-2*$BA8*PI()/180) - 0 -> 9167.2028 | CM8: =0.5*($CE8+$CF8)-0.5*($CE8-$CF8)*COS(-2*$BA8*PI()/180) + 0 -> 9161.9336 | CN8: =0.5*($CE8-$CF8)*SIN(-2*$BA8*PI()/180) + 0 -> -1.4446129 | CO8: =0.5*($CG8+$CH8)+0.5*($CG8-$CH8)*COS(-2*$BA8*PI()/180) - 0 -> 1.3665754e+11 | CP8: =0.5*($CG8+$CH8)-0.5*($CG8-$CH8)*COS(-2*$BA8*PI()/180) + 0 -> 1.3490206e+11 | CQ8: =0.5*($CG8-$CH8)*SIN(-2*$BA8*PI()/180) + 0 -> -4.8128367e+08 | CR8: =0.5*($CJ8+$CK8) + 0.5*($CJ8-$CK8)*COS(-2*$BA8*PI()/180) -> 6.0558512e+09 | CS8: =0.5*($CJ8+$CK8) - 0.5*($CJ8-$CK8)*COS(-2*$BA8*PI()/180) -> 6.0247354e+09 | CT8: =- 0.5*($CJ8-$CK8)*SIN(-2*$BA8*PI()/180) + 0 -> 8530711.7 | CU8: =CL8 + $AL8*$BL8^2 * $CV$2 -> 9167.2172 | CV8: =CM8 + $AL8*$BK8^2 * $CV$2 -> 9168.5855 | CW8: =CN8 + $AL8*$BK8*$BL8 * $CV$2 -> -1.7537269 | CX8: =CO8 + $DV8*$BL8^2 * $CV$2 -> 1.3665775e+11 | CY8: =CP8 + $DV8*$BK8^2 * $CV$2 -> 1.3499929e+11 | CZ8: =CQ8 + $DV8*$BK8*$BL8 * $CV$2 -> -4.8580189e+08 | DA8: =-CW8 -> 1.7537269 | DB8: =-CZ8 -> 4.8580189e+08 | DC8: =-CT8 -> -8530711.7 | DD8: =$DV8*BT8 -> 92752465 | DE8: =$DV8*BS8 -> 1.995947e+09 | DF8: =CR8*BR8 -> 13239221 | DG8: =CS8*BQ8 -> 2.9504143e+08 | DI8: =IF($DI$3=1,-AB8, 0) -> 15.58783 | DJ8: =RADIANS(DI8) -> 0.27205896 | DK8: 3 | DL8: =SQRT( (DM8-DM7)^2 + (DN8-DN7)^2 + (DO8-DO7)^2 ) + DL7 -> 2.3424152 | DM8: =AA8 -> 2.3421935 | DN8: 0 | DO8: =Z8 -> 0.031591878 | DP8: =AL8 -> 2803.2194 | DQ8: =BX8 -> 0.046668853 | DR8: =BY8 -> 0.015262118 | DS8: =0.5*($CU8+$CV8)+0.5*($CU8-$CV8)*COS(2*$DJ8) + $DA8*SIN(2*$DJ8) -> 9168.2238 | DT8: =0.5*($CU8+$CV8)-0.5*($CU8-$CV8)*COS(2*$DJ8) - $DA8*SIN(2*$DJ8) -> 9167.5788 | DU8: =- 0.5*($CU8-$CV8)*SIN(2*$DJ8) + $DA8*COS(2*$DJ8) -> 1.8546112 | DV8: =AS8*AZ8 -> 4.0973815e+10 | DW8: =$DD8*COS($DJ8) + $DE8*SIN($DJ8) -> 6.2568236e+08 | DX8: =- $DD8*SIN($DJ8) + $DE8*COS($DJ8) -> 1.8976114e+09 | DY8: =0.5*($CX8+$CY8)+0.5*($CX8-$CY8)*COS(2*$DJ8) + $DB8*SIN(2*$DJ8) -> 1.3678948e+11 | DZ8: =0.5*($CX8+$CY8)-0.5*($CX8-$CY8)*COS(2*$DJ8) - $DB8*SIN(2*$DJ8) -> 1.3486756e+11 | EA8: =- 0.5*($CX8-$CY8)*SIN(2*$DJ8) + $DB8*COS(2*$DJ8) -> -13618273 | EB8: =CI8 -> 7.8929419e+10 | EC8: =0.5*($CR8+$CS8)+0.5*($CR8-$CS8)*COS(2*$DJ8) - $DC8*SIN(2*$DJ8) -> 6.0580204e+09 | ED8: =0.5*($CR8+$CS8)-0.5*($CR8-$CS8)*COS(2*$DJ8) + $DC8*SIN(2*$DJ8) -> 6.0225662e+09 | EE8: =0.5*($CR8-$CS8)*SIN(2*$DJ8) + $DC8*COS(2*$DJ8) -> 754999.17 | EF8: =$DF8*COS($DJ8) + $DG8*SIN($DJ8) -> 92034404 | EG8: =- $DF8*SIN($DJ8) + $DG8*COS($DJ8) -> 2.8063212e+08 | EH8: 0 | EJ8: =$DV8*BL8 -> 92752465 | EK8: =$DV8*BK8 -> -1.995947e+09 | EL8: =CR8*BJ8 -> 13239221 | EM8: =CS8*BI8 -> -2.9504143e+08 | EO8: =0.5*($CU8+$CV8)+0.5*($CU8-$CV8)*COS(2*$DJ8) - $CW8*SIN(2*$DJ8) -> 9168.2238 | EP8: =0.5*($CU8+$CV8)-0.5*($CU8-$CV8)*COS(2*$DJ8) + $CW8*SIN(2*$DJ8) -> 9167.5788 | EQ8: =0.5*($CU8-$CV8)*SIN(2*$DJ8) + $CW8*COS(2*$DJ8) -> -1.8546112 | ER8: =-EQ8 -> 1.8546112 | ES8: =$EJ8*COS($DJ8) - $EK8*SIN($DJ8) -> 6.2568236e+08 | ET8: =$EJ8*SIN($DJ8) + $EK8*COS($DJ8) -> -1.8976114e+09 | EU8: =-ET8 -> 1.8976114e+09 | EV8: =0.5*($CX8+$CY8)+0.5*($CX8-$CY8)*COS(2*$DJ8) - $CZ8*SIN(2*$DJ8) -> 1.3678948e+11 | EW8: =0.5*($CX8+$CY8)-0.5*($CX8-$CY8)*COS(2*$DJ8) + $CZ8*SIN(2*$DJ8) -> 1.3486756e+11 | EX8: =0.5*($CX8-$CY8)*SIN(2*$DJ8) + $CZ8*COS(2*$DJ8) -> 13618273 | EY8: =-EX8 -> -13618273 | EZ8: =0.5*($CR8+$CS8)+0.5*($CR8-$CS8)*COS(2*$DJ8) + $CT8*SIN(2*$DJ8) -> 6.0580204e+09 | FA8: =0.5*($CR8+$CS8)-0.5*($CR8-$CS8)*COS(2*$DJ8) - $CT8*SIN(2*$DJ8) -> 6.0225662e+09 | FB8: =- 0.5*($CR8-$CS8)*SIN(2*$DJ8) + $CT8*COS(2*$DJ8) -> -754999.17 | FC8: =-FB8 -> 754999.17 | FD8: =$EL8*COS($DJ8) - $EM8*SIN($DJ8) -> 92034404 | FE8: =$EL8*SIN($DJ8) + $EM8*COS($DJ8) -> -2.8063212e+08 | FF8: =-FE8 -> 2.8063212e+08 | FH8: =$DV8*CC8 -> 6.2568236e+08 | FI8: =$DV8*CB8 -> 1.8976114e+09 | FJ8: =EZ8*CA8 -> 92476984 | FK8: =FA8*BZ8 -> 2.8054935e+08 | FM8: =_xlfn.XLOOKUP(FQ8,$DM$6:$DM$200,$DK$6:$DK$200, ,-1) -> 2 | FN8: =FM8+1 -> 3 | FP8: 3 | FQ8: 2.34 | FR8: =_xlfn.LET( _xlpm.r, $FQ8, _xlpm.rp, _xlfn.XLOOKUP($FM8,$DK$6:$DK$200,$DM$6:$DM$200, , -1), _xlpm.rn, _xlfn.XLOOKUP($FN8,$DK$6:$DK$200,$DM$6:$DM$200, , -1), _xlpm.xp, _xlfn.XLOOKUP($FM8,$DK$6:$DK$200,DN$6:DN$200, , -1), _xlpm.xn, _xlfn.XLOOKUP($FN8,$DK$6:$DK$200,DN$6:DN$200, , -1), (_xlpm.r - _xlpm.rp)/(_xlpm.rn - _xlpm.rp)*(_xlpm.xn - _xlpm.xp) + _xlpm.xp ) -> 0 | FS8: =_xlfn.LET( _xlpm.r, $FQ8, _xlpm.rp, _xlfn.XLOOKUP($FM8,$DK$6:$DK$200,$DM$6:$DM$200, , -1), _xlpm.rn, _xlfn.XLOOKUP($FN8,$DK$6:$DK$200,$DM$6:$DM$200, , -1), _xlpm.xp, _xlfn.XLOOKUP($FM8,$DK$6:$DK$200,DO$6:DO$200, , -1), _xlpm.xn, _xlfn.XLOOKUP($FN8,$DK$6:$DK$200,DO$6:DO$200, , -1), (_xlpm.r - _xlpm.rp)/(_xlpm.rn - _xlpm.rp)*(_xlpm.xn - _xlpm.xp) + _xlpm.xp ) -> 0.031556341 | FT8: =_xlfn.LET( _xlpm.r, $FQ8, _xlpm.rp, _xlfn.XLOOKUP($FM8,$DK$6:$DK$200,$DM$6:$DM$200, , -1), _xlpm.rn, _xlfn.XLOOKUP($FN8,$DK$6:$DK$200,$DM$6:$DM$200, , -1), _xlpm.xp, _xlfn.XLOOKUP($FM8,$DK$6:$DK$200,DP$6:DP$200, , -1), _xlpm.xn, _xlfn.XLOOKUP($FN8,$DK$6:$DK$200,DP$6:DP$200, , -1), (_xlpm.r - _xlpm.rp)/(_xlpm.rn - _xlpm.rp)*(_xlpm.xn - _xlpm.xp) + _xlpm.xp ) -> 2803.5201 | FU8: =_xlfn.LET( _xlpm.r, $FQ8, _xlpm.rp, _xlfn.XLOOKUP($FM8,$DK$6:$DK$200,$DM$6:$DM$200, , -1), _xlpm.rn, _xlfn.XLOOKUP($FN8,$DK$6:$DK$200,$DM$6:$DM$200, , -1), _xlpm.xp, _xlfn.XLOOKUP($FM8,$DK$6:$DK$200,DQ$6:DQ$200, , -1), _xlpm.xn, _xlfn.XLOOKUP($FN8,$DK$6:$DK$200,DQ$6:DQ$200, , -1), (_xlpm.r - _xlpm.rp)/(_xlpm.rn - _xlpm.rp)*(_xlpm.xn - _xlpm.xp) + _xlpm.xp ) -> 0.046604767 | FV8: =_xlfn.LET( _xlpm.r, $FQ8, _xlpm.rp, _xlfn.XLOOKUP($FM8,$DK$6:$DK$200,$DM$6:$DM$200, , -1), _xlpm.rn, _xlfn.XLOOKUP($FN8,$DK$6:$DK$200,$DM$6:$DM$200, , -1), _xlpm.xp, _xlfn.XLOOKUP($FM8,$DK$6:$DK$200,DR$6:DR$200, , -1), _xlpm.xn, _xlfn.XLOOKUP($FN8,$DK$6:$DK$200,DR$6:DR$200, , -1), (_xlpm.r - _xlpm.rp)/(_xlpm.rn - _xlpm.rp)*(_xlpm.xn - _xlpm.xp) + _xlpm.xp ) -> 0.015239982 | FW8: =_xlfn.LET( _xlpm.r, $FQ8, _xlpm.rp, _xlfn.XLOOKUP($FM8,$DK$6:$DK$200,$DM$6:$DM$200, , -1), _xlpm.rn, _xlfn.XLOOKUP($FN8,$DK$6:$DK$200,$DM$6:$DM$200, , -1), _xlpm.xp, _xlfn.XLOOKUP($FM8,$DK$6:$DK$200,DS$6:DS$200, , -1), _xlpm.xn, _xlfn.XLOOKUP($FN8,$DK$6:$DK$200,DS$6:DS$200, , -1), (_xlpm.r - _xlpm.rp)/(_xlpm.rn - _xlpm.rp)*(_xlpm.xn - _xlpm.xp) + _xlpm.xp ) -> 9169.1627 | FX8: =_xlfn.LET( _xlpm.r, $FQ8, _xlpm.rp, _xlfn.XLOOKUP($FM8,$DK$6:$DK$200,$DM$6:$DM$200, , -1), _xlpm.rn, _xlfn.XLOOKUP($FN8,$DK$6:$DK$200,$DM$6:$DM$200, , -1), _xlpm.xp, _xlfn.XLOOKUP($FM8,$DK$6:$DK$200,DT$6:DT$200, , -1), _xlpm.xn, _xlfn.XLOOKUP($FN8,$DK$6:$DK$200,DT$6:DT$200, , -1), (_xlpm.r - _xlpm.rp)/(_xlpm.rn - _xlpm.rp)*(_xlpm.xn - _xlpm.xp) + _xlpm.xp ) -> 9168.5016 | FY8: =_xlfn.LET( _xlpm.r, $FQ8, _xlpm.rp, _xlfn.XLOOKUP($FM8,$DK$6:$DK$200,$DM$6:$DM$200, , -1), _xlpm.rn, _xlfn.XLOOKUP($FN8,$DK$6:$DK$200,$DM$6:$DM$200, , -1), _xlpm.xp, _xlfn.XLOOKUP($FM8,$DK$6:$DK$200,DU$6:DU$200, , -1), _xlpm.xn, _xlfn.XLOOKUP($FN8,$DK$6:$DK$200,DU$6:DU$200, , -1), (_xlpm.r - _xlpm.rp)/(_xlpm.rn - _xlpm.rp)*(_xlpm.xn - _xlpm.xp) + _xlpm.xp ) -> 1.8503099 | ... GH8: =_xlfn.LET( _xlpm.r, $FQ8, _xlpm.rp, _xlfn.XLOOKUP($FM8,$DK$6:$DK$200,$DM$6:$DM$200, , -1), _xlpm.rn, _xlfn.XLOOKUP($FN8,$DK$6:$DK$200,$DM$6:$DM$200, , -1), _xlpm.xp, _xlfn.XLOOKUP($FM8,$DK$6:$DK$200,ED$6:ED$200, , -1), _xlpm.xn, _xlfn.XLOOKUP($FN8,$DK$6:$DK$200,ED$6:ED$200, , -1), (_xlpm.r - _xlpm.rp)/(_xlpm.rn - _xlpm.rp)*(_xlpm.xn - _xlpm.xp) + _xlpm.xp ) -> 6.0232393e+09 | GI8: =_xlfn.LET( _xlpm.r, $FQ8, _xlpm.rp, _xlfn.XLOOKUP($FM8,$DK$6:$DK$200,$DM$6:$DM$200, , -1), _xlpm.rn, _xlfn.XLOOKUP($FN8,$DK$6:$DK$200,$DM$6:$DM$200, , -1), _xlpm.xp, _xlfn.XLOOKUP($FM8,$DK$6:$DK$200,EF$6:EF$200, , -1), _xlpm.xn, _xlfn.XLOOKUP($FN8,$DK$6:$DK$200,EF$6:EF$200, , -1), (_xlpm.r - _xlpm.rp)/(_xlpm.rn - _xlpm.rp)*(_xlpm.xn - _xlpm.xp) + _xlpm.xp ) -> 91937977 | GJ8: =_xlfn.LET( _xlpm.r, $FQ8, _xlpm.rp, _xlfn.XLOOKUP($FM8,$DK$6:$DK$200,$DM$6:$DM$200, , -1), _xlpm.rn, _xlfn.XLOOKUP($FN8,$DK$6:$DK$200,$DM$6:$DM$200, , -1), _xlpm.xp, _xlfn.XLOOKUP($FM8,$DK$6:$DK$200,EG$6:EG$200, , -1), _xlpm.xn, _xlfn.XLOOKUP($FN8,$DK$6:$DK$200,EG$6:EG$200, , -1), (_xlpm.r - _xlpm.rp)/(_xlpm.rn - _xlpm.rp)*(_xlpm.xn - _xlpm.xp) + _xlpm.xp ) -> 2.8026185e+08 | GK8: =_xlfn.LET( _xlpm.r, $FQ8, _xlpm.rp, _xlfn.XLOOKUP($FM8,$DK$6:$DK$200,$DM$6:$DM$200, , -1), _xlpm.rn, _xlfn.XLOOKUP($FN8,$DK$6:$DK$200,$DM$6:$DM$200, , -1), _xlpm.xp, _xlfn.XLOOKUP($FM8,$DK$6:$DK$200,EH$6:EH$200, , -1), _xlpm.xn, _xlfn.XLOOKUP($FN8,$DK$6:$DK$200,EH$6:EH$200, , -1), (_xlpm.r - _xlpm.rp)/(_xlpm.rn - _xlpm.rp)*(_xlpm.xn - _xlpm.xp) + _xlpm.xp ) -> 0
A9: 0.081632653 | B9: 5.3673399 | C9: 0.24885698 | D9: =C9*180/PI() -> 14.258455 | E9: 0.43464778 | F9: 9.5510204 | G9: -0.10361641 | H9: 0 | I9: 5 | K9: 19.152794 | L9: 5.6953892 | M9: 47.204396 | N9: 5 | P9: -0.1344445 | Q9: 0.07835194 | R9: 4.683885 | S9: -15.41759 | T9: 5 | U9: =SQRT( (P9-P8)^2 + (Q9-Q8)^2 + (R9-R8)^2 ) + U8 -> 4.6873185 | W9: =_xlfn.XLOOKUP(AK9, $U$5:$U$200, $T$5:$T$200, ,-1) -> 3 | X9: =W9+1 -> 4 | Y9: =_xlfn.LET( _xlpm.r, $AK9, _xlpm.rp, _xlfn.XLOOKUP($W9, $T$5:$T$200, $U$5:$U$200, , -1), _xlpm.rn, _xlfn.XLOOKUP($X9, $T$5:$T$200, $U$5:$U$200, , -1), _xlpm.xp, _xlfn.XLOOKUP($W9, $T$5:$T$200, P$5:P$200, , -1), _xlpm.xn, _xlfn.XLOOKUP($X9, $T$5:$T$200, P$5:P$200, , -1), (_xlpm.r - _xlpm.rp)/(_xlpm.rn - _xlpm.rp)*(_xlpm.xn - _xlpm.xp) + _xlpm.xp ) -> -0.091397516 | Z9: =_xlfn.LET( _xlpm.r, $AK9, _xlpm.rp, _xlfn.XLOOKUP($W9, $T$5:$T$200, $U$5:$U$200, , -1), _xlpm.rn, _xlfn.XLOOKUP($X9, $T$5:$T$200, $U$5:$U$200, , -1), _xlpm.xp, _xlfn.XLOOKUP($W9, $T$5:$T$200, Q$5:Q$200, , -1), _xlpm.xn, _xlfn.XLOOKUP($X9, $T$5:$T$200, Q$5:Q$200, , -1), (_xlpm.r - _xlpm.rp)/(_xlpm.rn - _xlpm.rp)*(_xlpm.xn - _xlpm.xp) + _xlpm.xp ) -> 0.054883122 | AA9: =_xlfn.LET( _xlpm.r, $AK9, _xlpm.rp, _xlfn.XLOOKUP($W9, $T$5:$T$200, $U$5:$U$200, , -1), _xlpm.rn, _xlfn.XLOOKUP($X9, $T$5:$T$200, $U$5:$U$200, , -1), _xlpm.xp, _xlfn.XLOOKUP($W9, $T$5:$T$200, R$5:R$200, , -1), _xlpm.xn, _xlfn.XLOOKUP($X9, $T$5:$T$200, R$5:R$200, , -1), (_xlpm.r - _xlpm.rp)/(_xlpm.rn - _xlpm.rp)*(_xlpm.xn - _xlpm.xp) + _xlpm.xp ) -> 3.512976 | AB9: =_xlfn.LET( _xlpm.r, $AK9, _xlpm.rp, _xlfn.XLOOKUP($W9, $T$5:$T$200, $U$5:$U$200, , -1), _xlpm.rn, _xlfn.XLOOKUP($X9, $T$5:$T$200, $U$5:$U$200, , -1), _xlpm.xp, _xlfn.XLOOKUP($W9, $T$5:$T$200, S$5:S$200, , -1), _xlpm.xn, _xlfn.XLOOKUP($X9, $T$5:$T$200, S$5:S$200, , -1), (_xlpm.r - _xlpm.rp)/(_xlpm.rn - _xlpm.rp)*(_xlpm.xn - _xlpm.xp) + _xlpm.xp ) -> -15.504337 | AD9: =_xlfn.XLOOKUP(AK9, $K$5:$K$200, $N$5:$N$200, ,-1) -> 1 | AE9: =AD9+1 -> 2 | AF9: =_xlfn.LET( _xlpm.r, $AK9, _xlpm.rp, _xlfn.XLOOKUP($AD9, $N$5:$N$200, $K$5:$K$200, , -1), _xlpm.rn, _xlfn.XLOOKUP($AE9, $N$5:$N$200, $K$5:$K$200, , -1), _xlpm.xp, _xlfn.XLOOKUP($AD9, $N$5:$N$200, L$5:L$200, , -1), _xlpm.xn, _xlfn.XLOOKUP($AE9, $N$5:$N$200, L$5:L$200, , -1), (_xlpm.r - _xlpm.rp)/(_xlpm.rn - _xlpm.rp)*(_xlpm.xn - _xlpm.xp) + _xlpm.xp ) -> 5.2229494 | AG9: =_xlfn.XLOOKUP(AA9, $F$5:$F$200, $I$5:$I$200, ,-1) -> 2 | AH9: =AG9+1 -> 3 | AI9: =_xlfn.LET( _xlpm.r, $AA9, _xlpm.rp, _xlfn.XLOOKUP($AG9, $I$5:$I$200, $F$5:$F$200, , -1), _xlpm.rn, _xlfn.XLOOKUP($AH9, $I$5:$I$200, $F$5:$F$200, , -1), _xlpm.xp, _xlfn.XLOOKUP($AG9, $I$5:$I$200, E$5:E$200, , -1), _xlpm.xn, _xlfn.XLOOKUP($AH9, $I$5:$I$200, E$5:E$200, , -1), (_xlpm.r - _xlpm.rp)/(_xlpm.rn - _xlpm.rp)*(_xlpm.xn - _xlpm.xp) + _xlpm.xp ) -> 0.4818574 | AK9: 3.5153835 | AL9: 2590.6426 | AM9: 0.020387902 | AN9: 0.006677439 | AO9: 1.7470076 | AP9: 1.7954732 | AQ9: 0.022315105 | AR9: 0.0067721136 | AS9: 1.7999166e+10 | AT9: 3.6984531e+09 | AU9: 6.6112419 | AV9: 6.860285 | AW9: 18.90384 | AX9: 0.72180968 | AY9: 0.67678235 | AZ9: 2.1568351 | BA9: -18.270906 | BB9: 0.021511267 | BC9: 0.0068865104 | BD9: 4 | BE9: =AI9*AF9 - AF9/2 -> -0.094757874 | BF9: =Y9 -> -0.091397516 | BG9: =$BF9+AM9 -> -0.071009614 | BH9: =AN9 -> 0.006677439 | BI9: =$BF9+AQ9 -> -0.069082411 | BJ9: =AR9 -> 0.0067721136 | BK9: =$BF9+BB9 -> -0.069886249 | BL9: =BC9 -> 0.0068865104 | BN9: =-BF9 -> 0.091397516 | BO9: =-BG9 -> 0.071009614 | BP9: =BH9 -> 0.006677439 | BQ9: =-BI9 -> 0.069082411 | BR9: =BJ9 -> 0.0067721136 | BS9: =-BK9 -> 0.069886249 | BT9: =BL9 -> 0.0068865104 | BV9: =IF($BV$3=1, - AB9, 0) -> 15.504337 | BW9: =RADIANS(BV9) -> 0.27060174 | BX9: =BO9*COS($BW9) - BP9*SIN($BW9) -> 0.066640635 | BY9: =BO9*SIN($BW9) + BP9*COS($BW9) -> 0.025416123 | BZ9: =BQ9*COS($BW9) - BR9*SIN($BW9) -> 0.064758255 | CA9: =BQ9*SIN($BW9) + BR9*COS($BW9) -> 0.024992189 | CB9: =BS9*COS($BW9) - BT9*SIN($BW9) -> 0.065502261 | CC9: =BS9*SIN($BW9) + BT9*COS($BW9) -> 0.025317298 | CE9: =AO9^2 * $AL9 -> 7906.7336 | CF9: =AP9^2 * $AL9 -> 8351.5162 | CG9: =$AS9*AU9 -> 1.1899684e+11 | CH9: =$AS9*AV9 -> 1.2347941e+11 | CI9: =AT9*AW9 -> 6.9914965e+10 | CJ9: =$AT9*$AZ9*AX9 -> 5.7578424e+09 | CK9: =$AT9*$AZ9*AY9 -> 5.3986614e+09 | CL9: =0.5*($CE9+$CF9)+0.5*($CE9-$CF9)*COS(-2*$BA9*PI()/180) - 0 -> 7950.4507 | CM9: =0.5*($CE9+$CF9)-0.5*($CE9-$CF9)*COS(-2*$BA9*PI()/180) + 0 -> 8307.7991 | CN9: =0.5*($CE9-$CF9)*SIN(-2*$BA9*PI()/180) + 0 -> -132.41384 | CO9: =0.5*($CG9+$CH9)+0.5*($CG9-$CH9)*COS(-2*$BA9*PI()/180) - 0 -> 1.1943742e+11 | CP9: =0.5*($CG9+$CH9)-0.5*($CG9-$CH9)*COS(-2*$BA9*PI()/180) + 0 -> 1.2303882e+11 | CQ9: =0.5*($CG9-$CH9)*SIN(-2*$BA9*PI()/180) + 0 -> -1.3344813e+09 | CR9: =0.5*($CJ9+$CK9) + 0.5*($CJ9-$CK9)*COS(-2*$BA9*PI()/180) -> 5.7225389e+09 | CS9: =0.5*($CJ9+$CK9) - 0.5*($CJ9-$CK9)*COS(-2*$BA9*PI()/180) -> 5.4339649e+09 | CT9: =- 0.5*($CJ9-$CK9)*SIN(-2*$BA9*PI()/180) + 0 -> -1.0692983e+08 | CU9: =CL9 + $AL9*$BL9^2 * $CV$2 -> 7950.5736 | CV9: =CM9 + $AL9*$BK9^2 * $CV$2 -> 8320.4521 | CW9: =CN9 + $AL9*$BK9*$BL9 * $CV$2 -> -133.66064 | CX9: =CO9 + $DV9*$BL9^2 * $CV$2 -> 1.1943926e+11 | CY9: =CP9 + $DV9*$BK9^2 * $CV$2 -> 1.2322843e+11 | CZ9: =CQ9 + $DV9*$BK9*$BL9 * $CV$2 -> -1.3531649e+09 | DA9: =-CW9 -> 133.66064 | DB9: =-CZ9 -> 1.3531649e+09 | DC9: =-CT9 -> 1.0692983e+08 | DD9: =$DV9*BT9 -> 2.6734282e+08 | DE9: =$DV9*BS9 -> 2.7130703e+09 | DF9: =CR9*BR9 -> 38753684 | DG9: =CS9*BQ9 -> 3.7539139e+08 | DI9: =IF($DI$3=1,-AB9, 0) -> 15.504337 | DJ9: =RADIANS(DI9) -> 0.27060174 | DK9: 4 | DL9: =SQRT( (DM9-DM8)^2 + (DN9-DN8)^2 + (DO9-DO8)^2 ) + DL8 -> 3.5134293 | DM9: =AA9 -> 3.512976 | DN9: 0 | DO9: =Z9 -> 0.054883122 | DP9: =AL9 -> 2590.6426 | DQ9: =BX9 -> 0.066640635 | DR9: =BY9 -> 0.025416123 | DS9: =0.5*($CU9+$CV9)+0.5*($CU9-$CV9)*COS(2*$DJ9) + $DA9*SIN(2*$DJ9) -> 8045.8611 | DT9: =0.5*($CU9+$CV9)-0.5*($CU9-$CV9)*COS(2*$DJ9) - $DA9*SIN(2*$DJ9) -> 8225.1646 | DU9: =- 0.5*($CU9-$CV9)*SIN(2*$DJ9) + $DA9*COS(2*$DJ9) -> 209.83385 | DV9: =AS9*AZ9 -> 3.8821233e+10 | DW9: =$DD9*COS($DJ9) + $DE9*SIN($DJ9) -> 9.828487e+08 | DX9: =- $DD9*SIN($DJ9) + $DE9*COS($DJ9) -> 2.5428785e+09 | DY9: =0.5*($CX9+$CY9)+0.5*($CX9-$CY9)*COS(2*$DJ9) + $DB9*SIN(2*$DJ9) -> 1.2040713e+11 | DZ9: =0.5*($CX9+$CY9)-0.5*($CX9-$CY9)*COS(2*$DJ9) - $DB9*SIN(2*$DJ9) -> 1.2226056e+11 | EA9: =- 0.5*($CX9-$CY9)*SIN(2*$DJ9) + $DB9*COS(2*$DJ9) -> 2.1358103e+09 | EB9: =CI9 -> 6.9914965e+10 | EC9: =0.5*($CR9+$CS9)+0.5*($CR9-$CS9)*COS(2*$DJ9) - $DC9*SIN(2*$DJ9) -> 5.646832e+09 | ED9: =0.5*($CR9+$CS9)-0.5*($CR9-$CS9)*COS(2*$DJ9) + $DC9*SIN(2*$DJ9) -> 5.5096718e+09 | EE9: =0.5*($CR9-$CS9)*SIN(2*$DJ9) + $DC9*COS(2*$DJ9) -> 1.6598045e+08 | EF9: =$DF9*COS($DJ9) + $DG9*SIN($DJ9) -> 1.3768982e+08 | EG9: =- $DF9*SIN($DJ9) + $DG9*COS($DJ9) -> 3.5137169e+08 | EH9: 0 | EJ9: =$DV9*BL9 -> 2.6734282e+08 | EK9: =$DV9*BK9 -> -2.7130703e+09 | EL9: =CR9*BJ9 -> 38753684 | EM9: =CS9*BI9 -> -3.7539139e+08 | EO9: =0.5*($CU9+$CV9)+0.5*($CU9-$CV9)*COS(2*$DJ9) - $CW9*SIN(2*$DJ9) -> 8045.8611 | EP9: =0.5*($CU9+$CV9)-0.5*($CU9-$CV9)*COS(2*$DJ9) + $CW9*SIN(2*$DJ9) -> 8225.1646 | EQ9: =0.5*($CU9-$CV9)*SIN(2*$DJ9) + $CW9*COS(2*$DJ9) -> -209.83385 | ER9: =-EQ9 -> 209.83385 | ES9: =$EJ9*COS($DJ9) - $EK9*SIN($DJ9) -> 9.828487e+08 | ET9: =$EJ9*SIN($DJ9) + $EK9*COS($DJ9) -> -2.5428785e+09 | EU9: =-ET9 -> 2.5428785e+09 | EV9: =0.5*($CX9+$CY9)+0.5*($CX9-$CY9)*COS(2*$DJ9) - $CZ9*SIN(2*$DJ9) -> 1.2040713e+11 | EW9: =0.5*($CX9+$CY9)-0.5*($CX9-$CY9)*COS(2*$DJ9) + $CZ9*SIN(2*$DJ9) -> 1.2226056e+11 | EX9: =0.5*($CX9-$CY9)*SIN(2*$DJ9) + $CZ9*COS(2*$DJ9) -> -2.1358103e+09 | EY9: =-EX9 -> 2.1358103e+09 | EZ9: =0.5*($CR9+$CS9)+0.5*($CR9-$CS9)*COS(2*$DJ9) + $CT9*SIN(2*$DJ9) -> 5.646832e+09 | FA9: =0.5*($CR9+$CS9)-0.5*($CR9-$CS9)*COS(2*$DJ9) - $CT9*SIN(2*$DJ9) -> 5.5096718e+09 | FB9: =- 0.5*($CR9-$CS9)*SIN(2*$DJ9) + $CT9*COS(2*$DJ9) -> -1.6598045e+08 | FC9: =-FB9 -> 1.6598045e+08 | FD9: =$EL9*COS($DJ9) - $EM9*SIN($DJ9) -> 1.3768982e+08 | FE9: =$EL9*SIN($DJ9) + $EM9*COS($DJ9) -> -3.5137169e+08 | FF9: =-FE9 -> 3.5137169e+08 | FH9: =$DV9*CC9 -> 9.828487e+08 | FI9: =$DV9*CB9 -> 2.5428785e+09 | FJ9: =EZ9*CA9 -> 1.4112669e+08 | FK9: =FA9*BZ9 -> 3.5679673e+08 | FM9: =_xlfn.XLOOKUP(FQ9,$DM$6:$DM$200,$DK$6:$DK$200, ,-1) -> 3 | FN9: =FM9+1 -> 4 | FP9: 4 | FQ9: 3.51 | FR9: =_xlfn.LET( _xlpm.r, $FQ9, _xlpm.rp, _xlfn.XLOOKUP($FM9,$DK$6:$DK$200,$DM$6:$DM$200, , -1), _xlpm.rn, _xlfn.XLOOKUP($FN9,$DK$6:$DK$200,$DM$6:$DM$200, , -1), _xlpm.xp, _xlfn.XLOOKUP($FM9,$DK$6:$DK$200,DN$6:DN$200, , -1), _xlpm.xn, _xlfn.XLOOKUP($FN9,$DK$6:$DK$200,DN$6:DN$200, , -1), (_xlpm.r - _xlpm.rp)/(_xlpm.rn - _xlpm.rp)*(_xlpm.xn - _xlpm.xp) + _xlpm.xp ) -> 0 | FS9: =_xlfn.LET( _xlpm.r, $FQ9, _xlpm.rp, _xlfn.XLOOKUP($FM9,$DK$6:$DK$200,$DM$6:$DM$200, , -1), _xlpm.rn, _xlfn.XLOOKUP($FN9,$DK$6:$DK$200,$DM$6:$DM$200, , -1), _xlpm.xp, _xlfn.XLOOKUP($FM9,$DK$6:$DK$200,DO$6:DO$200, , -1), _xlpm.xn, _xlfn.XLOOKUP($FN9,$DK$6:$DK$200,DO$6:DO$200, , -1), (_xlpm.r - _xlpm.rp)/(_xlpm.rn - _xlpm.rp)*(_xlpm.xn - _xlpm.xp) + _xlpm.xp ) -> 0.054823917 | FT9: =_xlfn.LET( _xlpm.r, $FQ9, _xlpm.rp, _xlfn.XLOOKUP($FM9,$DK$6:$DK$200,$DM$6:$DM$200, , -1), _xlpm.rn, _xlfn.XLOOKUP($FN9,$DK$6:$DK$200,$DM$6:$DM$200, , -1), _xlpm.xp, _xlfn.XLOOKUP($FM9,$DK$6:$DK$200,DP$6:DP$200, , -1), _xlpm.xn, _xlfn.XLOOKUP($FN9,$DK$6:$DK$200,DP$6:DP$200, , -1), (_xlpm.r - _xlpm.rp)/(_xlpm.rn - _xlpm.rp)*(_xlpm.xn - _xlpm.xp) + _xlpm.xp ) -> 2591.1829 | FU9: =_xlfn.LET( _xlpm.r, $FQ9, _xlpm.rp, _xlfn.XLOOKUP($FM9,$DK$6:$DK$200,$DM$6:$DM$200, , -1), _xlpm.rn, _xlfn.XLOOKUP($FN9,$DK$6:$DK$200,$DM$6:$DM$200, , -1), _xlpm.xp, _xlfn.XLOOKUP($FM9,$DK$6:$DK$200,DQ$6:DQ$200, , -1), _xlpm.xn, _xlfn.XLOOKUP($FN9,$DK$6:$DK$200,DQ$6:DQ$200, , -1), (_xlpm.r - _xlpm.rp)/(_xlpm.rn - _xlpm.rp)*(_xlpm.xn - _xlpm.xp) + _xlpm.xp ) -> 0.066589869 | FV9: =_xlfn.LET( _xlpm.r, $FQ9, _xlpm.rp, _xlfn.XLOOKUP($FM9,$DK$6:$DK$200,$DM$6:$DM$200, , -1), _xlpm.rn, _xlfn.XLOOKUP($FN9,$DK$6:$DK$200,$DM$6:$DM$200, , -1), _xlpm.xp, _xlfn.XLOOKUP($FM9,$DK$6:$DK$200,DR$6:DR$200, , -1), _xlpm.xn, _xlfn.XLOOKUP($FN9,$DK$6:$DK$200,DR$6:DR$200, , -1), (_xlpm.r - _xlpm.rp)/(_xlpm.rn - _xlpm.rp)*(_xlpm.xn - _xlpm.xp) + _xlpm.xp ) -> 0.025390312 | FW9: =_xlfn.LET( _xlpm.r, $FQ9, _xlpm.rp, _xlfn.XLOOKUP($FM9,$DK$6:$DK$200,$DM$6:$DM$200, , -1), _xlpm.rn, _xlfn.XLOOKUP($FN9,$DK$6:$DK$200,$DM$6:$DM$200, , -1), _xlpm.xp, _xlfn.XLOOKUP($FM9,$DK$6:$DK$200,DS$6:DS$200, , -1), _xlpm.xn, _xlfn.XLOOKUP($FN9,$DK$6:$DK$200,DS$6:DS$200, , -1), (_xlpm.r - _xlpm.rp)/(_xlpm.rn - _xlpm.rp)*(_xlpm.xn - _xlpm.xp) + _xlpm.xp ) -> 8048.714 | FX9: =_xlfn.LET( _xlpm.r, $FQ9, _xlpm.rp, _xlfn.XLOOKUP($FM9,$DK$6:$DK$200,$DM$6:$DM$200, , -1), _xlpm.rn, _xlfn.XLOOKUP($FN9,$DK$6:$DK$200,$DM$6:$DM$200, , -1), _xlpm.xp, _xlfn.XLOOKUP($FM9,$DK$6:$DK$200,DT$6:DT$200, , -1), _xlpm.xn, _xlfn.XLOOKUP($FN9,$DK$6:$DK$200,DT$6:DT$200, , -1), (_xlpm.r - _xlpm.rp)/(_xlpm.rn - _xlpm.rp)*(_xlpm.xn - _xlpm.xp) + _xlpm.xp ) -> 8227.5601 | FY9: =_xlfn.LET( _xlpm.r, $FQ9, _xlpm.rp, _xlfn.XLOOKUP($FM9,$DK$6:$DK$200,$DM$6:$DM$200, , -1), _xlpm.rn, _xlfn.XLOOKUP($FN9,$DK$6:$DK$200,$DM$6:$DM$200, , -1), _xlpm.xp, _xlfn.XLOOKUP($FM9,$DK$6:$DK$200,DU$6:DU$200, , -1), _xlpm.xn, _xlfn.XLOOKUP($FN9,$DK$6:$DK$200,DU$6:DU$200, , -1), (_xlpm.r - _xlpm.rp)/(_xlpm.rn - _xlpm.rp)*(_xlpm.xn - _xlpm.xp) + _xlpm.xp ) -> 209.30519 | ... GH9: =_xlfn.LET( _xlpm.r, $FQ9, _xlpm.rp, _xlfn.XLOOKUP($FM9,$DK$6:$DK$200,$DM$6:$DM$200, , -1), _xlpm.rn, _xlfn.XLOOKUP($FN9,$DK$6:$DK$200,$DM$6:$DM$200, , -1), _xlpm.xp, _xlfn.XLOOKUP($FM9,$DK$6:$DK$200,ED$6:ED$200, , -1), _xlpm.xn, _xlfn.XLOOKUP($FN9,$DK$6:$DK$200,ED$6:ED$200, , -1), (_xlpm.r - _xlpm.rp)/(_xlpm.rn - _xlpm.rp)*(_xlpm.xn - _xlpm.xp) + _xlpm.xp ) -> 5.5109756e+09 | GI9: =_xlfn.LET( _xlpm.r, $FQ9, _xlpm.rp, _xlfn.XLOOKUP($FM9,$DK$6:$DK$200,$DM$6:$DM$200, , -1), _xlpm.rn, _xlfn.XLOOKUP($FN9,$DK$6:$DK$200,$DM$6:$DM$200, , -1), _xlpm.xp, _xlfn.XLOOKUP($FM9,$DK$6:$DK$200,EF$6:EF$200, , -1), _xlpm.xn, _xlfn.XLOOKUP($FN9,$DK$6:$DK$200,EF$6:EF$200, , -1), (_xlpm.r - _xlpm.rp)/(_xlpm.rn - _xlpm.rp)*(_xlpm.xn - _xlpm.xp) + _xlpm.xp ) -> 1.3757377e+08 | GJ9: =_xlfn.LET( _xlpm.r, $FQ9, _xlpm.rp, _xlfn.XLOOKUP($FM9,$DK$6:$DK$200,$DM$6:$DM$200, , -1), _xlpm.rn, _xlfn.XLOOKUP($FN9,$DK$6:$DK$200,$DM$6:$DM$200, , -1), _xlpm.xp, _xlfn.XLOOKUP($FM9,$DK$6:$DK$200,EG$6:EG$200, , -1), _xlpm.xn, _xlfn.XLOOKUP($FN9,$DK$6:$DK$200,EG$6:EG$200, , -1), (_xlpm.r - _xlpm.rp)/(_xlpm.rn - _xlpm.rp)*(_xlpm.xn - _xlpm.xp) + _xlpm.xp ) -> 3.5119187e+08 | GK9: =_xlfn.LET( _xlpm.r, $FQ9, _xlpm.rp, _xlfn.XLOOKUP($FM9,$DK$6:$DK$200,$DM$6:$DM$200, , -1), _xlpm.rn, _xlfn.XLOOKUP($FN9,$DK$6:$DK$200,$DM$6:$DM$200, , -1), _xlpm.xp, _xlfn.XLOOKUP($FM9,$DK$6:$DK$200,EH$6:EH$200, , -1), _xlpm.xn, _xlfn.XLOOKUP($FN9,$DK$6:$DK$200,EH$6:EH$200, , -1), (_xlpm.r - _xlpm.rp)/(_xlpm.rn - _xlpm.rp)*(_xlpm.xn - _xlpm.xp) + _xlpm.xp ) -> 0
A10: 0.10204082 | B10: 5.4520927 | C10: 0.23382423 | D10: =C10*180/PI() -> 13.397142 | E10: 0.41562789 | F10: 11.938776 | G10: -0.13698066 | H10: 0 | I10: 6 | K10: 24.960827 | L10: 5.7669315 | M10: 38.979282 | N10: 6 | P10: -0.1818083 | Q10: 0.1045408 | R10: 5.854464 | S10: -15.20195 | T10: 6 | U10: =SQRT( (P10-P9)^2 + (Q10-Q9)^2 + (R10-R9)^2 ) + U9 -> 5.859148 | W10: =_xlfn.XLOOKUP(AK10, $U$5:$U$200, $T$5:$T$200, ,-1) -> 4 | X10: =W10+1 -> 5 | Y10: =_xlfn.LET( _xlpm.r, $AK10, _xlpm.rp, _xlfn.XLOOKUP($W10, $T$5:$T$200, $U$5:$U$200, , -1), _xlpm.rn, _xlfn.XLOOKUP($X10, $T$5:$T$200, $U$5:$U$200, , -1), _xlpm.xp, _xlfn.XLOOKUP($W10, $T$5:$T$200, P$5:P$200, , -1), _xlpm.xn, _xlfn.XLOOKUP($X10, $T$5:$T$200, P$5:P$200, , -1), (_xlpm.r - _xlpm.rp)/(_xlpm.rn - _xlpm.rp)*(_xlpm.xn - _xlpm.xp) + _xlpm.xp ) -> -0.13443934 | Z10: =_xlfn.LET( _xlpm.r, $AK10, _xlpm.rp, _xlfn.XLOOKUP($W10, $T$5:$T$200, $U$5:$U$200, , -1), _xlpm.rn, _xlfn.XLOOKUP($X10, $T$5:$T$200, $U$5:$U$200, , -1), _xlpm.xp, _xlfn.XLOOKUP($W10, $T$5:$T$200, Q$5:Q$200, , -1), _xlpm.xn, _xlfn.XLOOKUP($X10, $T$5:$T$200, Q$5:Q$200, , -1), (_xlpm.r - _xlpm.rp)/(_xlpm.rn - _xlpm.rp)*(_xlpm.xn - _xlpm.xp) + _xlpm.xp ) -> 0.078349126 | AA10: =_xlfn.LET( _xlpm.r, $AK10, _xlpm.rp, _xlfn.XLOOKUP($W10, $T$5:$T$200, $U$5:$U$200, , -1), _xlpm.rn, _xlfn.XLOOKUP($X10, $T$5:$T$200, $U$5:$U$200, , -1), _xlpm.xp, _xlfn.XLOOKUP($W10, $T$5:$T$200, R$5:R$200, , -1), _xlpm.xn, _xlfn.XLOOKUP($X10, $T$5:$T$200, R$5:R$200, , -1), (_xlpm.r - _xlpm.rp)/(_xlpm.rn - _xlpm.rp)*(_xlpm.xn - _xlpm.xp) + _xlpm.xp ) -> 4.6837446 | AB10: =_xlfn.LET( _xlpm.r, $AK10, _xlpm.rp, _xlfn.XLOOKUP($W10, $T$5:$T$200, $U$5:$U$200, , -1), _xlpm.rn, _xlfn.XLOOKUP($X10, $T$5:$T$200, $U$5:$U$200, , -1), _xlpm.xp, _xlfn.XLOOKUP($W10, $T$5:$T$200, S$5:S$200, , -1), _xlpm.xn, _xlfn.XLOOKUP($X10, $T$5:$T$200, S$5:S$200, , -1), (_xlpm.r - _xlpm.rp)/(_xlpm.rn - _xlpm.rp)*(_xlpm.xn - _xlpm.xp) + _xlpm.xp ) -> -15.4176 | AD10: =_xlfn.XLOOKUP(AK10, $K$5:$K$200, $N$5:$N$200, ,-1) -> 2 | AE10: =AD10+1 -> 3 | AF10: =_xlfn.LET( _xlpm.r, $AK10, _xlpm.rp, _xlfn.XLOOKUP($AD10, $N$5:$N$200, $K$5:$K$200, , -1), _xlpm.rn, _xlfn.XLOOKUP($AE10, $N$5:$N$200, $K$5:$K$200, , -1), _xlpm.xp, _xlfn.XLOOKUP($AD10, $N$5:$N$200, L$5:L$200, , -1), _xlpm.xn, _xlfn.XLOOKUP($AE10, $N$5:$N$200, L$5:L$200, , -1), (_xlpm.r - _xlpm.rp)/(_xlpm.rn - _xlpm.rp)*(_xlpm.xn - _xlpm.xp) + _xlpm.xp ) -> 5.2406026 | AG10: =_xlfn.XLOOKUP(AA10, $F$5:$F$200, $I$5:$I$200, ,-1) -> 2 | AH10: =AG10+1 -> 3 | AI10: =_xlfn.LET( _xlpm.r, $AA10, _xlpm.rp, _xlfn.XLOOKUP($AG10, $I$5:$I$200, $F$5:$F$200, , -1), _xlpm.rn, _xlfn.XLOOKUP($AH10, $I$5:$I$200, $F$5:$F$200, , -1), _xlpm.xp, _xlfn.XLOOKUP($AG10, $I$5:$I$200, E$5:E$200, , -1), _xlpm.xn, _xlfn.XLOOKUP($AH10, $I$5:$I$200, E$5:E$200, , -1), (_xlpm.r - _xlpm.rp)/(_xlpm.rn - _xlpm.rp)*(_xlpm.xn - _xlpm.xp) + _xlpm.xp ) -> 0.47336576 | AK10: 4.6871779 | AL10: 2388.5133 | AM10: 0.042572706 | AN10: 0.0085154764 | AO10: 1.6836286 | AP10: 1.78186 | AQ10: 0.05084388 | AR10: 0.008616737 | AS10: 1.7778652e+10 | AT10: 3.6329925e+09 | AU10: 5.8347272 | AV10: 6.3227219 | AW10: 16.919384 | AX10: 0.72922423 | AY10: 0.64000623 | AZ10: 2.0641301 | BA10: -14.547717 | BB10: 0.045156431 | BC10: 0.0088398777 | BD10: 5 | BE10: =AI10*AF10 - AF10/2 -> -0.13957945 | BF10: =Y10 -> -0.13443934 | BG10: =$BF10+AM10 -> -0.091866632 | BH10: =AN10 -> 0.0085154764 | BI10: =$BF10+AQ10 -> -0.083595458 | BJ10: =AR10 -> 0.008616737 | BK10: =$BF10+BB10 -> -0.089282907 | BL10: =BC10 -> 0.0088398777 | BN10: =-BF10 -> 0.13443934 | BO10: =-BG10 -> 0.091866632 | BP10: =BH10 -> 0.0085154764 | BQ10: =-BI10 -> 0.083595458 | BR10: =BJ10 -> 0.008616737 | BS10: =-BK10 -> 0.089282907 | BT10: =BL10 -> 0.0088398777 | BV10: =IF($BV$3=1, - AB10, 0) -> 15.4176 | BW10: =RADIANS(BV10) -> 0.26908789 | BX10: =BO10*COS($BW10) - BP10*SIN($BW10) -> 0.086296841 | BY10: =BO10*SIN($BW10) + BP10*COS($BW10) -> 0.032631988 | BZ10: =BQ10*COS($BW10) - BR10*SIN($BW10) -> 0.078296395 | CA10: =BQ10*SIN($BW10) + BR10*COS($BW10) -> 0.030530695 | CB10: =BS10*COS($BW10) - BT10*SIN($BW10) -> 0.083719852 | CC10: =BS10*SIN($BW10) + BT10*COS($BW10) -> 0.032257827 | CE10: =AO10^2 * $AL10 -> 6770.4923 | CF10: =AP10^2 * $AL10 -> 7583.5898 | CG10: =$AS10*AU10 -> 1.0373358e+11 | CH10: =$AS10*AV10 -> 1.1240947e+11 | CI10: =AT10*AW10 -> 6.1467995e+10 | CJ10: =$AT10*$AZ10*AX10 -> 5.4684302e+09 | CK10: =$AT10*$AZ10*AY10 -> 4.7993871e+09 | CL10: =0.5*($CE10+$CF10)+0.5*($CE10-$CF10)*COS(-2*$BA10*PI()/180) - 0 -> 6821.7943 | CM10: =0.5*($CE10+$CF10)-0.5*($CE10-$CF10)*COS(-2*$BA10*PI()/180) + 0 -> 7532.2878 | CN10: =0.5*($CE10-$CF10)*SIN(-2*$BA10*PI()/180) + 0 -> -197.69073 | CO10: =0.5*($CG10+$CH10)+0.5*($CG10-$CH10)*COS(-2*$BA10*PI()/180) - 0 -> 1.0428098e+11 | CP10: =0.5*($CG10+$CH10)-0.5*($CG10-$CH10)*COS(-2*$BA10*PI()/180) + 0 -> 1.1186207e+11 | CQ10: =0.5*($CG10-$CH10)*SIN(-2*$BA10*PI()/180) + 0 -> -2.1093936e+09 | CR10: =0.5*($CJ10+$CK10) + 0.5*($CJ10-$CK10)*COS(-2*$BA10*PI()/180) -> 5.4262172e+09 | CS10: =0.5*($CJ10+$CK10) - 0.5*($CJ10-$CK10)*COS(-2*$BA10*PI()/180) -> 4.8416001e+09 | CT10: =- 0.5*($CJ10-$CK10)*SIN(-2*$BA10*PI()/180) + 0 -> -1.6266636e+08 | CU10: =CL10 + $AL10*$BL10^2 * $CV$2 -> 6821.9809 | CV10: =CM10 + $AL10*$BK10^2 * $CV$2 -> 7551.3277 | CW10: =CN10 + $AL10*$BK10*$BL10 * $CV$2 -> -199.57586 | CX10: =CO10 + $DV10*$BL10^2 * $CV$2 -> 1.0428385e+11 | CY10: =CP10 + $DV10*$BK10^2 * $CV$2 -> 1.121546e+11 | CZ10: =CQ10 + $DV10*$BK10*$BL10 * $CV$2 -> -2.138357e+09 | DA10: =-CW10 -> 199.57586 | DB10: =-CZ10 -> 2.138357e+09 | DC10: =-CT10 -> 1.6266636e+08 | DD10: =$DV10*BT10 -> 3.2440097e+08 | DE10: =$DV10*BS10 -> 3.2764551e+09 | DF10: =CR10*BR10 -> 46756286 | DG10: =CS10*BQ10 -> 4.0473578e+08 | DI10: =IF($DI$3=1,-AB10, 0) -> 15.4176 | DJ10: =RADIANS(DI10) -> 0.26908789 | DK10: 5 | DL10: =SQRT( (DM10-DM9)^2 + (DN10-DN9)^2 + (DO10-DO9)^2 ) + DL9 -> 4.6844331 | DM10: =AA10 -> 4.6837446 | DN10: 0 | DO10: =Z10 -> 0.078349126 | DP10: =AL10 -> 2388.5133 | DQ10: =BX10 -> 0.086296841 | DR10: =BY10 -> 0.032631988 | DS10: =0.5*($CU10+$CV10)+0.5*($CU10-$CV10)*COS(2*$DJ10) + $DA10*SIN(2*$DJ10) -> 6975.826 | DT10: =0.5*($CU10+$CV10)-0.5*($CU10-$CV10)*COS(2*$DJ10) - $DA10*SIN(2*$DJ10) -> 7397.4826 | DU10: =- 0.5*($CU10-$CV10)*SIN(2*$DJ10) + $DA10*COS(2*$DJ10) -> 358.28565 | DV10: =AS10*AZ10 -> 3.669745e+10 | DW10: =$DD10*COS($DJ10) + $DE10*SIN($DJ10) -> 1.18378e+09 | DX10: =- $DD10*SIN($DJ10) + $DE10*COS($DJ10) -> 3.0723051e+09 | DY10: =0.5*($CX10+$CY10)+0.5*($CX10-$CY10)*COS(2*$DJ10) + $DB10*SIN(2*$DJ10) -> 1.0593619e+11 | DZ10: =0.5*($CX10+$CY10)-0.5*($CX10-$CY10)*COS(2*$DJ10) - $DB10*SIN(2*$DJ10) -> 1.1050226e+11 | EA10: =- 0.5*($CX10-$CY10)*SIN(2*$DJ10) + $DB10*COS(2*$DJ10) -> 3.8532469e+09 | EB10: =CI10 -> 6.1467995e+10 | EC10: =0.5*($CR10+$CS10)+0.5*($CR10-$CS10)*COS(2*$DJ10) - $DC10*SIN(2*$DJ10) -> 5.30152e+09 | ED10: =0.5*($CR10+$CS10)-0.5*($CR10-$CS10)*COS(2*$DJ10) + $DC10*SIN(2*$DJ10) -> 4.9662973e+09 | EE10: =0.5*($CR10-$CS10)*SIN(2*$DJ10) + $DC10*COS(2*$DJ10) -> 2.8950142e+08 | EF10: =$DF10*COS($DJ10) + $DG10*SIN($DJ10) -> 1.5267363e+08 | EG10: =- $DF10*SIN($DJ10) + $DG10*COS($DJ10) -> 3.777406e+08 | EH10: 0 | EJ10: =$DV10*BL10 -> 3.2440097e+08 | EK10: =$DV10*BK10 -> -3.2764551e+09 | EL10: =CR10*BJ10 -> 46756286 | EM10: =CS10*BI10 -> -4.0473578e+08 | EO10: =0.5*($CU10+$CV10)+0.5*($CU10-$CV10)*COS(2*$DJ10) - $CW10*SIN(2*$DJ10) -> 6975.826 | EP10: =0.5*($CU10+$CV10)-0.5*($CU10-$CV10)*COS(2*$DJ10) + $CW10*SIN(2*$DJ10) -> 7397.4826 | EQ10: =0.5*($CU10-$CV10)*SIN(2*$DJ10) + $CW10*COS(2*$DJ10) -> -358.28565 | ER10: =-EQ10 -> 358.28565 | ES10: =$EJ10*COS($DJ10) - $EK10*SIN($DJ10) -> 1.18378e+09 | ET10: =$EJ10*SIN($DJ10) + $EK10*COS($DJ10) -> -3.0723051e+09 | EU10: =-ET10 -> 3.0723051e+09 | EV10: =0.5*($CX10+$CY10)+0.5*($CX10-$CY10)*COS(2*$DJ10) - $CZ10*SIN(2*$DJ10) -> 1.0593619e+11 | EW10: =0.5*($CX10+$CY10)-0.5*($CX10-$CY10)*COS(2*$DJ10) + $CZ10*SIN(2*$DJ10) -> 1.1050226e+11 | EX10: =0.5*($CX10-$CY10)*SIN(2*$DJ10) + $CZ10*COS(2*$DJ10) -> -3.8532469e+09 | EY10: =-EX10 -> 3.8532469e+09 | EZ10: =0.5*($CR10+$CS10)+0.5*($CR10-$CS10)*COS(2*$DJ10) + $CT10*SIN(2*$DJ10) -> 5.30152e+09 | FA10: =0.5*($CR10+$CS10)-0.5*($CR10-$CS10)*COS(2*$DJ10) - $CT10*SIN(2*$DJ10) -> 4.9662973e+09 | FB10: =- 0.5*($CR10-$CS10)*SIN(2*$DJ10) + $CT10*COS(2*$DJ10) -> -2.8950142e+08 | FC10: =-FB10 -> 2.8950142e+08 | FD10: =$EL10*COS($DJ10) - $EM10*SIN($DJ10) -> 1.5267363e+08 | FE10: =$EL10*SIN($DJ10) + $EM10*COS($DJ10) -> -3.777406e+08 | FF10: =-FE10 -> 3.777406e+08 | FH10: =$DV10*CC10 -> 1.18378e+09 | FI10: =$DV10*CB10 -> 3.0723051e+09 | FJ10: =EZ10*CA10 -> 1.6185909e+08 | FK10: =FA10*BZ10 -> 3.8884317e+08 | FM10: =_xlfn.XLOOKUP(FQ10,$DM$6:$DM$200,$DK$6:$DK$200, ,-1) -> 4 | FN10: =FM10+1 -> 5 | FP10: 5 | FQ10: 4.68 | FR10: =_xlfn.LET( _xlpm.r, $FQ10, _xlpm.rp, _xlfn.XLOOKUP($FM10,$DK$6:$DK$200,$DM$6:$DM$200, , -1), _xlpm.rn, _xlfn.XLOOKUP($FN10,$DK$6:$DK$200,$DM$6:$DM$200, , -1), _xlpm.xp, _xlfn.XLOOKUP($FM10,$DK$6:$DK$200,DN$6:DN$200, , -1), _xlpm.xn, _xlfn.XLOOKUP($FN10,$DK$6:$DK$200,DN$6:DN$200, , -1), (_xlpm.r - _xlpm.rp)/(_xlpm.rn - _xlpm.rp)*(_xlpm.xn - _xlpm.xp) + _xlpm.xp ) -> 0 | FS10: =_xlfn.LET( _xlpm.r, $FQ10, _xlpm.rp, _xlfn.XLOOKUP($FM10,$DK$6:$DK$200,$DM$6:$DM$200, , -1), _xlpm.rn, _xlfn.XLOOKUP($FN10,$DK$6:$DK$200,$DM$6:$DM$200, , -1), _xlpm.xp, _xlfn.XLOOKUP($FM10,$DK$6:$DK$200,DO$6:DO$200, , -1), _xlpm.xn, _xlfn.XLOOKUP($FN10,$DK$6:$DK$200,DO$6:DO$200, , -1), (_xlpm.r - _xlpm.rp)/(_xlpm.rn - _xlpm.rp)*(_xlpm.xn - _xlpm.xp) + _xlpm.xp ) -> 0.078274072 | FT10: =_xlfn.LET( _xlpm.r, $FQ10, _xlpm.rp, _xlfn.XLOOKUP($FM10,$DK$6:$DK$200,$DM$6:$DM$200, , -1), _xlpm.rn, _xlfn.XLOOKUP($FN10,$DK$6:$DK$200,$DM$6:$DM$200, , -1), _xlpm.xp, _xlfn.XLOOKUP($FM10,$DK$6:$DK$200,DP$6:DP$200, , -1), _xlpm.xn, _xlfn.XLOOKUP($FN10,$DK$6:$DK$200,DP$6:DP$200, , -1), (_xlpm.r - _xlpm.rp)/(_xlpm.rn - _xlpm.rp)*(_xlpm.xn - _xlpm.xp) + _xlpm.xp ) -> 2389.1598 | FU10: =_xlfn.LET( _xlpm.r, $FQ10, _xlpm.rp, _xlfn.XLOOKUP($FM10,$DK$6:$DK$200,$DM$6:$DM$200, , -1), _xlpm.rn, _xlfn.XLOOKUP($FN10,$DK$6:$DK$200,$DM$6:$DM$200, , -1), _xlpm.xp, _xlfn.XLOOKUP($FM10,$DK$6:$DK$200,DQ$6:DQ$200, , -1), _xlpm.xn, _xlfn.XLOOKUP($FN10,$DK$6:$DK$200,DQ$6:DQ$200, , -1), (_xlpm.r - _xlpm.rp)/(_xlpm.rn - _xlpm.rp)*(_xlpm.xn - _xlpm.xp) + _xlpm.xp ) -> 0.086233972 | FV10: =_xlfn.LET( _xlpm.r, $FQ10, _xlpm.rp, _xlfn.XLOOKUP($FM10,$DK$6:$DK$200,$DM$6:$DM$200, , -1), _xlpm.rn, _xlfn.XLOOKUP($FN10,$DK$6:$DK$200,$DM$6:$DM$200, , -1), _xlpm.xp, _xlfn.XLOOKUP($FM10,$DK$6:$DK$200,DR$6:DR$200, , -1), _xlpm.xn, _xlfn.XLOOKUP($FN10,$DK$6:$DK$200,DR$6:DR$200, , -1), (_xlpm.r - _xlpm.rp)/(_xlpm.rn - _xlpm.rp)*(_xlpm.xn - _xlpm.xp) + _xlpm.xp ) -> 0.032608909 | FW10: =_xlfn.LET( _xlpm.r, $FQ10, _xlpm.rp, _xlfn.XLOOKUP($FM10,$DK$6:$DK$200,$DM$6:$DM$200, , -1), _xlpm.rn, _xlfn.XLOOKUP($FN10,$DK$6:$DK$200,$DM$6:$DM$200, , -1), _xlpm.xp, _xlfn.XLOOKUP($FM10,$DK$6:$DK$200,DS$6:DS$200, , -1), _xlpm.xn, _xlfn.XLOOKUP($FN10,$DK$6:$DK$200,DS$6:DS$200, , -1), (_xlpm.r - _xlpm.rp)/(_xlpm.rn - _xlpm.rp)*(_xlpm.xn - _xlpm.xp) + _xlpm.xp ) -> 6979.2484 | FX10: =_xlfn.LET( _xlpm.r, $FQ10, _xlpm.rp, _xlfn.XLOOKUP($FM10,$DK$6:$DK$200,$DM$6:$DM$200, , -1), _xlpm.rn, _xlfn.XLOOKUP($FN10,$DK$6:$DK$200,$DM$6:$DM$200, , -1), _xlpm.xp, _xlfn.XLOOKUP($FM10,$DK$6:$DK$200,DT$6:DT$200, , -1), _xlpm.xn, _xlfn.XLOOKUP($FN10,$DK$6:$DK$200,DT$6:DT$200, , -1), (_xlpm.r - _xlpm.rp)/(_xlpm.rn - _xlpm.rp)*(_xlpm.xn - _xlpm.xp) + _xlpm.xp ) -> 7400.1299 | FY10: =_xlfn.LET( _xlpm.r, $FQ10, _xlpm.rp, _xlfn.XLOOKUP($FM10,$DK$6:$DK$200,$DM$6:$DM$200, , -1), _xlpm.rn, _xlfn.XLOOKUP($FN10,$DK$6:$DK$200,$DM$6:$DM$200, , -1), _xlpm.xp, _xlfn.XLOOKUP($FM10,$DK$6:$DK$200,DU$6:DU$200, , -1), _xlpm.xn, _xlfn.XLOOKUP($FN10,$DK$6:$DK$200,DU$6:DU$200, , -1), (_xlpm.r - _xlpm.rp)/(_xlpm.rn - _xlpm.rp)*(_xlpm.xn - _xlpm.xp) + _xlpm.xp ) -> 357.81084 | ... GH10: =_xlfn.LET( _xlpm.r, $FQ10, _xlpm.rp, _xlfn.XLOOKUP($FM10,$DK$6:$DK$200,$DM$6:$DM$200, , -1), _xlpm.rn, _xlfn.XLOOKUP($FN10,$DK$6:$DK$200,$DM$6:$DM$200, , -1), _xlpm.xp, _xlfn.XLOOKUP($FM10,$DK$6:$DK$200,ED$6:ED$200, , -1), _xlpm.xn, _xlfn.XLOOKUP($FN10,$DK$6:$DK$200,ED$6:ED$200, , -1), (_xlpm.r - _xlpm.rp)/(_xlpm.rn - _xlpm.rp)*(_xlpm.xn - _xlpm.xp) + _xlpm.xp ) -> 4.9680352e+09 | GI10: =_xlfn.LET( _xlpm.r, $FQ10, _xlpm.rp, _xlfn.XLOOKUP($FM10,$DK$6:$DK$200,$DM$6:$DM$200, , -1), _xlpm.rn, _xlfn.XLOOKUP($FN10,$DK$6:$DK$200,$DM$6:$DM$200, , -1), _xlpm.xp, _xlfn.XLOOKUP($FM10,$DK$6:$DK$200,EF$6:EF$200, , -1), _xlpm.xn, _xlfn.XLOOKUP($FN10,$DK$6:$DK$200,EF$6:EF$200, , -1), (_xlpm.r - _xlpm.rp)/(_xlpm.rn - _xlpm.rp)*(_xlpm.xn - _xlpm.xp) + _xlpm.xp ) -> 1.526257e+08 | GJ10: =_xlfn.LET( _xlpm.r, $FQ10, _xlpm.rp, _xlfn.XLOOKUP($FM10,$DK$6:$DK$200,$DM$6:$DM$200, , -1), _xlpm.rn, _xlfn.XLOOKUP($FN10,$DK$6:$DK$200,$DM$6:$DM$200, , -1), _xlpm.xp, _xlfn.XLOOKUP($FM10,$DK$6:$DK$200,EG$6:EG$200, , -1), _xlpm.xn, _xlfn.XLOOKUP($FN10,$DK$6:$DK$200,EG$6:EG$200, , -1), (_xlpm.r - _xlpm.rp)/(_xlpm.rn - _xlpm.rp)*(_xlpm.xn - _xlpm.xp) + _xlpm.xp ) -> 3.7765626e+08 | GK10: =_xlfn.LET( _xlpm.r, $FQ10, _xlpm.rp, _xlfn.XLOOKUP($FM10,$DK$6:$DK$200,$DM$6:$DM$200, , -1), _xlpm.rn, _xlfn.XLOOKUP($FN10,$DK$6:$DK$200,$DM$6:$DM$200, , -1), _xlpm.xp, _xlfn.XLOOKUP($FM10,$DK$6:$DK$200,EH$6:EH$200, , -1), _xlpm.xn, _xlfn.XLOOKUP($FN10,$DK$6:$DK$200,EH$6:EH$200, , -1), (_xlpm.r - _xlpm.rp)/(_xlpm.rn - _xlpm.rp)*(_xlpm.xn - _xlpm.xp) + _xlpm.xp ) -> 0
A11: 0.12244898 | B11: 5.5400317 | C11: 0.21680514 | D11: =C11*180/PI() -> 12.422019 | E11: 0.39793787 | F11: 14.326531 | G11: -0.16947762 | H11: 0 | I11: 7 | K11: 31.084216 | L11: 5.60394 | M11: 35.000831 | N11: 7 | P11: -0.2295389 | Q11: 0.1309607 | R11: 7.025023 | S11: -14.97536 | T11: 7 | U11: =SQRT( (P11-P10)^2 + (Q11-Q10)^2 + (R11-R10)^2 ) + U10 -> 7.0309776 | W11: =_xlfn.XLOOKUP(AK11, $U$5:$U$200, $T$5:$T$200, ,-1) -> 5 | X11: =W11+1 -> 6 | Y11: =_xlfn.LET( _xlpm.r, $AK11, _xlpm.rp, _xlfn.XLOOKUP($W11, $T$5:$T$200, $U$5:$U$200, , -1), _xlpm.rn, _xlfn.XLOOKUP($X11, $T$5:$T$200, $U$5:$U$200, , -1), _xlpm.xp, _xlfn.XLOOKUP($W11, $T$5:$T$200, P$5:P$200, , -1), _xlpm.xn, _xlfn.XLOOKUP($X11, $T$5:$T$200, P$5:P$200, , -1), (_xlpm.r - _xlpm.rp)/(_xlpm.rn - _xlpm.rp)*(_xlpm.xn - _xlpm.xp) + _xlpm.xp ) -> -0.18180121 | Z11: =_xlfn.LET( _xlpm.r, $AK11, _xlpm.rp, _xlfn.XLOOKUP($W11, $T$5:$T$200, $U$5:$U$200, , -1), _xlpm.rn, _xlfn.XLOOKUP($X11, $T$5:$T$200, $U$5:$U$200, , -1), _xlpm.xp, _xlfn.XLOOKUP($W11, $T$5:$T$200, Q$5:Q$200, , -1), _xlpm.xn, _xlfn.XLOOKUP($X11, $T$5:$T$200, Q$5:Q$200, , -1), (_xlpm.r - _xlpm.rp)/(_xlpm.rn - _xlpm.rp)*(_xlpm.xn - _xlpm.xp) + _xlpm.xp ) -> 0.10453688 | AA11: =_xlfn.LET( _xlpm.r, $AK11, _xlpm.rp, _xlfn.XLOOKUP($W11, $T$5:$T$200, $U$5:$U$200, , -1), _xlpm.rn, _xlfn.XLOOKUP($X11, $T$5:$T$200, $U$5:$U$200, , -1), _xlpm.xp, _xlfn.XLOOKUP($W11, $T$5:$T$200, R$5:R$200, , -1), _xlpm.xn, _xlfn.XLOOKUP($X11, $T$5:$T$200, R$5:R$200, , -1), (_xlpm.r - _xlpm.rp)/(_xlpm.rn - _xlpm.rp)*(_xlpm.xn - _xlpm.xp) + _xlpm.xp ) -> 5.8542887 | AB11: =_xlfn.LET( _xlpm.r, $AK11, _xlpm.rp, _xlfn.XLOOKUP($W11, $T$5:$T$200, $U$5:$U$200, , -1), _xlpm.rn, _xlfn.XLOOKUP($X11, $T$5:$T$200, $U$5:$U$200, , -1), _xlpm.xp, _xlfn.XLOOKUP($W11, $T$5:$T$200, S$5:S$200, , -1), _xlpm.xn, _xlfn.XLOOKUP($X11, $T$5:$T$200, S$5:S$200, , -1), (_xlpm.r - _xlpm.rp)/(_xlpm.rn - _xlpm.rp)*(_xlpm.xn - _xlpm.xp) + _xlpm.xp ) -> -15.201982 | AD11: =_xlfn.XLOOKUP(AK11, $K$5:$K$200, $N$5:$N$200, ,-1) -> 2 | AE11: =AD11+1 -> 3 | AF11: =_xlfn.LET( _xlpm.r, $AK11, _xlpm.rp, _xlfn.XLOOKUP($AD11, $N$5:$N$200, $K$5:$K$200, , -1), _xlpm.rn, _xlfn.XLOOKUP($AE11, $N$5:$N$200, $K$5:$K$200, , -1), _xlpm.xp, _xlfn.XLOOKUP($AD11, $N$5:$N$200, L$5:L$200, , -1), _xlpm.xn, _xlfn.XLOOKUP($AE11, $N$5:$N$200, L$5:L$200, , -1), (_xlpm.r - _xlpm.rp)/(_xlpm.rn - _xlpm.rp)*(_xlpm.xn - _xlpm.xp) + _xlpm.xp ) -> 5.2692314 | AG11: =_xlfn.XLOOKUP(AA11, $F$5:$F$200, $I$5:$I$200, ,-1) -> 3 | AH11: =AG11+1 -> 4 | AI11: =_xlfn.LET( _xlpm.r, $AA11, _xlpm.rp, _xlfn.XLOOKUP($AG11, $I$5:$I$200, $F$5:$F$200, , -1), _xlpm.rn, _xlfn.XLOOKUP($AH11, $I$5:$I$200, $F$5:$F$200, , -1), _xlpm.xp, _xlfn.XLOOKUP($AG11, $I$5:$I$200, E$5:E$200, , -1), _xlpm.xn, _xlfn.XLOOKUP($AH11, $I$5:$I$200, E$5:E$200, , -1), (_xlpm.r - _xlpm.rp)/(_xlpm.rn - _xlpm.rp)*(_xlpm.xn - _xlpm.xp) + _xlpm.xp ) -> 0.46425819 | AK11: 5.8589724 | AL11: 2202.7745 | AM11: 0.065015869 | AN11: 0.010016937 | AO11: 1.6236674 | AP11: 1.7716164 | AQ11: 0.085038131 | AR11: 0.010073143 | AS11: 1.7558138e+10 | AT11: 3.567532e+09 | AU11: 5.1896091 | AV11: 5.861944 | AW11: 15.154369 | AX11: 0.73871737 | AY11: 0.60349432 | AZ11: 1.9714251 | BA11: -14.738774 | BB11: 0.069820297 | BC11: 0.010313881 | BD11: 6 | BE11: =AI11*AF11 - AF11/2 -> -0.18833188 | BF11: =Y11 -> -0.18180121 | BG11: =$BF11+AM11 -> -0.11678534 | BH11: =AN11 -> 0.010016937 | BI11: =$BF11+AQ11 -> -0.096763074 | BJ11: =AR11 -> 0.010073143 | BK11: =$BF11+BB11 -> -0.11198091 | BL11: =BC11 -> 0.010313881 | BN11: =-BF11 -> 0.18180121 | BO11: =-BG11 -> 0.11678534 | BP11: =BH11 -> 0.010016937 | BQ11: =-BI11 -> 0.096763074 | BR11: =BJ11 -> 0.010073143 | BS11: =-BK11 -> 0.11198091 | BT11: =BL11 -> 0.010313881 | BV11: =IF($BV$3=1, - AB11, 0) -> 15.201982 | BW11: =RADIANS(BV11) -> 0.26532464 | BX11: =BO11*COS($BW11) - BP11*SIN($BW11) -> 0.11007205 | BY11: =BO11*SIN($BW11) + BP11*COS($BW11) -> 0.040290169 | BZ11: =BQ11*COS($BW11) - BR11*SIN($BW11) -> 0.090735679 | CA11: =BQ11*SIN($BW11) + BR11*COS($BW11) -> 0.03509412 | CB11: =BS11*COS($BW11) - BT11*SIN($BW11) -> 0.10535788 | CC11: =BS11*SIN($BW11) + BT11*COS($BW11) -> 0.039316893 | CE11: =AO11^2 * $AL11 -> 5807.1649 | CF11: =AP11^2 * $AL11 -> 6913.6825 | CG11: =$AS11*AU11 -> 9.1119871e+10 | CH11: =$AS11*AV11 -> 1.0292482e+11 | CI11: =AT11*AW11 -> 5.4063694e+10 | CJ11: =$AT11*$AZ11*AX11 -> 5.1954894e+09 | CK11: =$AT11*$AZ11*AY11 -> 4.2444492e+09 | CL11: =0.5*($CE11+$CF11)+0.5*($CE11-$CF11)*COS(-2*$BA11*PI()/180) - 0 -> 5878.7851 | CM11: =0.5*($CE11+$CF11)-0.5*($CE11-$CF11)*COS(-2*$BA11*PI()/180) + 0 -> 6842.0624 | CN11: =0.5*($CE11-$CF11)*SIN(-2*$BA11*PI()/180) + 0 -> -272.24895 | CO11: =0.5*($CG11+$CH11)+0.5*($CG11-$CH11)*COS(-2*$BA11*PI()/180) - 0 -> 9.1883955e+10 | CP11: =0.5*($CG11+$CH11)-0.5*($CG11-$CH11)*COS(-2*$BA11*PI()/180) + 0 -> 1.0216074e+11 | CQ11: =0.5*($CG11-$CH11)*SIN(-2*$BA11*PI()/180) + 0 -> -2.9045044e+09 | CR11: =0.5*($CJ11+$CK11) + 0.5*($CJ11-$CK11)*COS(-2*$BA11*PI()/180) -> 5.1339326e+09 | CS11: =0.5*($CJ11+$CK11) - 0.5*($CJ11-$CK11)*COS(-2*$BA11*PI()/180) -> 4.3060059e+09 | CT11: =- 0.5*($CJ11-$CK11)*SIN(-2*$BA11*PI()/180) + 0 -> -2.339951e+08 | CU11: =CL11 + $AL11*$BL11^2 * $CV$2 -> 5879.0194 | CV11: =CM11 + $AL11*$BK11^2 * $CV$2 -> 6869.6845 | CW11: =CN11 + $AL11*$BK11*$BL11 * $CV$2 -> -274.79306 | CX11: =CO11 + $DV11*$BL11^2 * $CV$2 -> 9.1887637e+10 | CY11: =CP11 + $DV11*$BK11^2 * $CV$2 -> 1.0259479e+11 | CZ11: =CQ11 + $DV11*$BK11*$BL11 * $CV$2 -> -2.9444828e+09 | DA11: =-CW11 -> 274.79306 | DB11: =-CZ11 -> 2.9444828e+09 | DC11: =-CT11 -> 2.339951e+08 | DD11: =$DV11*BT11 -> 3.570104e+08 | DE11: =$DV11*BS11 -> 3.8761691e+09 | DF11: =CR11*BR11 -> 51714839 | DG11: =CS11*BQ11 -> 4.1666237e+08 | DI11: =IF($DI$3=1,-AB11, 0) -> 15.201982 | DJ11: =RADIANS(DI11) -> 0.26532464 | DK11: 6 | DL11: =SQRT( (DM11-DM10)^2 + (DN11-DN10)^2 + (DO11-DO10)^2 ) + DL10 -> 5.85527 | DM11: =AA11 -> 5.8542887 | DN11: 0 | DO11: =Z11 -> 0.10453688 | DP11: =AL11 -> 2202.7745 | DQ11: =BX11 -> 0.11007205 | DR11: =BY11 -> 0.040290169 | DS11: =0.5*($CU11+$CV11)+0.5*($CU11-$CV11)*COS(2*$DJ11) + $DA11*SIN(2*$DJ11) -> 6086.2091 | DT11: =0.5*($CU11+$CV11)-0.5*($CU11-$CV11)*COS(2*$DJ11) - $DA11*SIN(2*$DJ11) -> 6662.4948 | DU11: =- 0.5*($CU11-$CV11)*SIN(2*$DJ11) + $DA11*COS(2*$DJ11) -> 487.68772 | DV11: =AS11*AZ11 -> 3.4614553e+10 | DW11: =$DD11*COS($DJ11) + $DE11*SIN($DJ11) -> 1.3609367e+09 | DX11: =- $DD11*SIN($DJ11) + $DE11*COS($DJ11) -> 3.6469158e+09 | DY11: =0.5*($CX11+$CY11)+0.5*($CX11-$CY11)*COS(2*$DJ11) + $DB11*SIN(2*$DJ11) -> 9.4114052e+10 | DZ11: =0.5*($CX11+$CY11)-0.5*($CX11-$CY11)*COS(2*$DJ11) - $DB11*SIN(2*$DJ11) -> 1.0036838e+11 | EA11: =- 0.5*($CX11-$CY11)*SIN(2*$DJ11) + $DB11*COS(2*$DJ11) -> 5.2489646e+09 | EB11: =CI11 -> 5.4063694e+10 | EC11: =0.5*($CR11+$CS11)+0.5*($CR11-$CS11)*COS(2*$DJ11) - $DC11*SIN(2*$DJ11) -> 4.9585804e+09 | ED11: =0.5*($CR11+$CS11)-0.5*($CR11-$CS11)*COS(2*$DJ11) + $DC11*SIN(2*$DJ11) -> 4.4813581e+09 | EE11: =0.5*($CR11-$CS11)*SIN(2*$DJ11) + $DC11*COS(2*$DJ11) -> 4.1131991e+08 | EF11: =$DF11*COS($DJ11) + $DG11*SIN($DJ11) -> 1.5916348e+08 | EG11: =- $DF11*SIN($DJ11) + $DG11*COS($DJ11) -> 3.8852148e+08 | EH11: 0 | EJ11: =$DV11*BL11 -> 3.570104e+08 | EK11: =$DV11*BK11 -> -3.8761691e+09 | EL11: =CR11*BJ11 -> 51714839 | EM11: =CS11*BI11 -> -4.1666237e+08 | EO11: =0.5*($CU11+$CV11)+0.5*($CU11-$CV11)*COS(2*$DJ11) - $CW11*SIN(2*$DJ11) -> 6086.2091 | EP11: =0.5*($CU11+$CV11)-0.5*($CU11-$CV11)*COS(2*$DJ11) + $CW11*SIN(2*$DJ11) -> 6662.4948 | EQ11: =0.5*($CU11-$CV11)*SIN(2*$DJ11) + $CW11*COS(2*$DJ11) -> -487.68772 | ER11: =-EQ11 -> 487.68772 | ES11: =$EJ11*COS($DJ11) - $EK11*SIN($DJ11) -> 1.3609367e+09 | ET11: =$EJ11*SIN($DJ11) + $EK11*COS($DJ11) -> -3.6469158e+09 | EU11: =-ET11 -> 3.6469158e+09 | EV11: =0.5*($CX11+$CY11)+0.5*($CX11-$CY11)*COS(2*$DJ11) - $CZ11*SIN(2*$DJ11) -> 9.4114052e+10 | EW11: =0.5*($CX11+$CY11)-0.5*($CX11-$CY11)*COS(2*$DJ11) + $CZ11*SIN(2*$DJ11) -> 1.0036838e+11 | EX11: =0.5*($CX11-$CY11)*SIN(2*$DJ11) + $CZ11*COS(2*$DJ11) -> -5.2489646e+09 | EY11: =-EX11 -> 5.2489646e+09 | EZ11: =0.5*($CR11+$CS11)+0.5*($CR11-$CS11)*COS(2*$DJ11) + $CT11*SIN(2*$DJ11) -> 4.9585804e+09 | FA11: =0.5*($CR11+$CS11)-0.5*($CR11-$CS11)*COS(2*$DJ11) - $CT11*SIN(2*$DJ11) -> 4.4813581e+09 | FB11: =- 0.5*($CR11-$CS11)*SIN(2*$DJ11) + $CT11*COS(2*$DJ11) -> -4.1131991e+08 | FC11: =-FB11 -> 4.1131991e+08 | FD11: =$EL11*COS($DJ11) - $EM11*SIN($DJ11) -> 1.5916348e+08 | FE11: =$EL11*SIN($DJ11) + $EM11*COS($DJ11) -> -3.8852148e+08 | FF11: =-FE11 -> 3.8852148e+08 | FH11: =$DV11*CC11 -> 1.3609367e+09 | FI11: =$DV11*CB11 -> 3.6469158e+09 | FJ11: =EZ11*CA11 -> 1.7401701e+08 | FK11: =FA11*BZ11 -> 4.0661907e+08 | FM11: =_xlfn.XLOOKUP(FQ11,$DM$6:$DM$200,$DK$6:$DK$200, ,-1) -> 5 | FN11: =FM11+1 -> 6 | FP11: 6 | FQ11: 5.85 | FR11: =_xlfn.LET( _xlpm.r, $FQ11, _xlpm.rp, _xlfn.XLOOKUP($FM11,$DK$6:$DK$200,$DM$6:$DM$200, , -1), _xlpm.rn, _xlfn.XLOOKUP($FN11,$DK$6:$DK$200,$DM$6:$DM$200, , -1), _xlpm.xp, _xlfn.XLOOKUP($FM11,$DK$6:$DK$200,DN$6:DN$200, , -1), _xlpm.xn, _xlfn.XLOOKUP($FN11,$DK$6:$DK$200,DN$6:DN$200, , -1), (_xlpm.r - _xlpm.rp)/(_xlpm.rn - _xlpm.rp)*(_xlpm.xn - _xlpm.xp) + _xlpm.xp ) -> 0 | FS11: =_xlfn.LET( _xlpm.r, $FQ11, _xlpm.rp, _xlfn.XLOOKUP($FM11,$DK$6:$DK$200,$DM$6:$DM$200, , -1), _xlpm.rn, _xlfn.XLOOKUP($FN11,$DK$6:$DK$200,$DM$6:$DM$200, , -1), _xlpm.xp, _xlfn.XLOOKUP($FM11,$DK$6:$DK$200,DO$6:DO$200, , -1), _xlpm.xn, _xlfn.XLOOKUP($FN11,$DK$6:$DK$200,DO$6:DO$200, , -1), (_xlpm.r - _xlpm.rp)/(_xlpm.rn - _xlpm.rp)*(_xlpm.xn - _xlpm.xp) + _xlpm.xp ) -> 0.10444093 | FT11: =_xlfn.LET( _xlpm.r, $FQ11, _xlpm.rp, _xlfn.XLOOKUP($FM11,$DK$6:$DK$200,$DM$6:$DM$200, , -1), _xlpm.rn, _xlfn.XLOOKUP($FN11,$DK$6:$DK$200,$DM$6:$DM$200, , -1), _xlpm.xp, _xlfn.XLOOKUP($FM11,$DK$6:$DK$200,DP$6:DP$200, , -1), _xlpm.xn, _xlfn.XLOOKUP($FN11,$DK$6:$DK$200,DP$6:DP$200, , -1), (_xlpm.r - _xlpm.rp)/(_xlpm.rn - _xlpm.rp)*(_xlpm.xn - _xlpm.xp) + _xlpm.xp ) -> 2203.455 | FU11: =_xlfn.LET( _xlpm.r, $FQ11, _xlpm.rp, _xlfn.XLOOKUP($FM11,$DK$6:$DK$200,$DM$6:$DM$200, , -1), _xlpm.rn, _xlfn.XLOOKUP($FN11,$DK$6:$DK$200,$DM$6:$DM$200, , -1), _xlpm.xp, _xlfn.XLOOKUP($FM11,$DK$6:$DK$200,DQ$6:DQ$200, , -1), _xlpm.xn, _xlfn.XLOOKUP($FN11,$DK$6:$DK$200,DQ$6:DQ$200, , -1), (_xlpm.r - _xlpm.rp)/(_xlpm.rn - _xlpm.rp)*(_xlpm.xn - _xlpm.xp) + _xlpm.xp ) -> 0.10998494 | FV11: =_xlfn.LET( _xlpm.r, $FQ11, _xlpm.rp, _xlfn.XLOOKUP($FM11,$DK$6:$DK$200,$DM$6:$DM$200, , -1), _xlpm.rn, _xlfn.XLOOKUP($FN11,$DK$6:$DK$200,$DM$6:$DM$200, , -1), _xlpm.xp, _xlfn.XLOOKUP($FM11,$DK$6:$DK$200,DR$6:DR$200, , -1), _xlpm.xn, _xlfn.XLOOKUP($FN11,$DK$6:$DK$200,DR$6:DR$200, , -1), (_xlpm.r - _xlpm.rp)/(_xlpm.rn - _xlpm.rp)*(_xlpm.xn - _xlpm.xp) + _xlpm.xp ) -> 0.040262111 | FW11: =_xlfn.LET( _xlpm.r, $FQ11, _xlpm.rp, _xlfn.XLOOKUP($FM11,$DK$6:$DK$200,$DM$6:$DM$200, , -1), _xlpm.rn, _xlfn.XLOOKUP($FN11,$DK$6:$DK$200,$DM$6:$DM$200, , -1), _xlpm.xp, _xlfn.XLOOKUP($FM11,$DK$6:$DK$200,DS$6:DS$200, , -1), _xlpm.xn, _xlfn.XLOOKUP($FN11,$DK$6:$DK$200,DS$6:DS$200, , -1), (_xlpm.r - _xlpm.rp)/(_xlpm.rn - _xlpm.rp)*(_xlpm.xn - _xlpm.xp) + _xlpm.xp ) -> 6089.4685 | FX11: =_xlfn.LET( _xlpm.r, $FQ11, _xlpm.rp, _xlfn.XLOOKUP($FM11,$DK$6:$DK$200,$DM$6:$DM$200, , -1), _xlpm.rn, _xlfn.XLOOKUP($FN11,$DK$6:$DK$200,$DM$6:$DM$200, , -1), _xlpm.xp, _xlfn.XLOOKUP($FM11,$DK$6:$DK$200,DT$6:DT$200, , -1), _xlpm.xn, _xlfn.XLOOKUP($FN11,$DK$6:$DK$200,DT$6:DT$200, , -1), (_xlpm.r - _xlpm.rp)/(_xlpm.rn - _xlpm.rp)*(_xlpm.xn - _xlpm.xp) + _xlpm.xp ) -> 6665.1876 | FY11: =_xlfn.LET( _xlpm.r, $FQ11, _xlpm.rp, _xlfn.XLOOKUP($FM11,$DK$6:$DK$200,$DM$6:$DM$200, , -1), _xlpm.rn, _xlfn.XLOOKUP($FN11,$DK$6:$DK$200,$DM$6:$DM$200, , -1), _xlpm.xp, _xlfn.XLOOKUP($FM11,$DK$6:$DK$200,DU$6:DU$200, , -1), _xlpm.xn, _xlfn.XLOOKUP($FN11,$DK$6:$DK$200,DU$6:DU$200, , -1), (_xlpm.r - _xlpm.rp)/(_xlpm.rn - _xlpm.rp)*(_xlpm.xn - _xlpm.xp) + _xlpm.xp ) -> 487.21362 | ... GH11: =_xlfn.LET( _xlpm.r, $FQ11, _xlpm.rp, _xlfn.XLOOKUP($FM11,$DK$6:$DK$200,$DM$6:$DM$200, , -1), _xlpm.rn, _xlfn.XLOOKUP($FN11,$DK$6:$DK$200,$DM$6:$DM$200, , -1), _xlpm.xp, _xlfn.XLOOKUP($FM11,$DK$6:$DK$200,ED$6:ED$200, , -1), _xlpm.xn, _xlfn.XLOOKUP($FN11,$DK$6:$DK$200,ED$6:ED$200, , -1), (_xlpm.r - _xlpm.rp)/(_xlpm.rn - _xlpm.rp)*(_xlpm.xn - _xlpm.xp) + _xlpm.xp ) -> 4.4831348e+09 | GI11: =_xlfn.LET( _xlpm.r, $FQ11, _xlpm.rp, _xlfn.XLOOKUP($FM11,$DK$6:$DK$200,$DM$6:$DM$200, , -1), _xlpm.rn, _xlfn.XLOOKUP($FN11,$DK$6:$DK$200,$DM$6:$DM$200, , -1), _xlpm.xp, _xlfn.XLOOKUP($FM11,$DK$6:$DK$200,EF$6:EF$200, , -1), _xlpm.xn, _xlfn.XLOOKUP($FN11,$DK$6:$DK$200,EF$6:EF$200, , -1), (_xlpm.r - _xlpm.rp)/(_xlpm.rn - _xlpm.rp)*(_xlpm.xn - _xlpm.xp) + _xlpm.xp ) -> 1.591397e+08 | GJ11: =_xlfn.LET( _xlpm.r, $FQ11, _xlpm.rp, _xlfn.XLOOKUP($FM11,$DK$6:$DK$200,$DM$6:$DM$200, , -1), _xlpm.rn, _xlfn.XLOOKUP($FN11,$DK$6:$DK$200,$DM$6:$DM$200, , -1), _xlpm.xp, _xlfn.XLOOKUP($FM11,$DK$6:$DK$200,EG$6:EG$200, , -1), _xlpm.xn, _xlfn.XLOOKUP($FN11,$DK$6:$DK$200,EG$6:EG$200, , -1), (_xlpm.r - _xlpm.rp)/(_xlpm.rn - _xlpm.rp)*(_xlpm.xn - _xlpm.xp) + _xlpm.xp ) -> 3.8848198e+08 | GK11: =_xlfn.LET( _xlpm.r, $FQ11, _xlpm.rp, _xlfn.XLOOKUP($FM11,$DK$6:$DK$200,$DM$6:$DM$200, , -1), _xlpm.rn, _xlfn.XLOOKUP($FN11,$DK$6:$DK$200,$DM$6:$DM$200, , -1), _xlpm.xp, _xlfn.XLOOKUP($FM11,$DK$6:$DK$200,EH$6:EH$200, , -1), _xlpm.xn, _xlfn.XLOOKUP($FN11,$DK$6:$DK$200,EH$6:EH$200, , -1), (_xlpm.r - _xlpm.rp)/(_xlpm.rn - _xlpm.rp)*(_xlpm.xn - _xlpm.xp) + _xlpm.xp ) -> 0
A12: 0.14285714 | B12: 5.6218243 | C12: 0.19887279 | D12: =C12*180/PI() -> 11.394571 | E12: 0.38129961 | F12: 16.714286 | G12: -0.19850811 | H12: 0 | I12: 8 | K12: 37.446011 | L12: 5.216934 | M12: 33.257139 | N12: 8 | P12: -0.2805342 | Q12: 0.1582549 | R12: 8.195424 | S12: -14.65029 | T12: 8 | U12: =SQRT( (P12-P11)^2 + (Q12-Q11)^2 + (R12-R11)^2 ) + U11 -> 8.2028069 | W12: =_xlfn.XLOOKUP(AK12, $U$5:$U$200, $T$5:$T$200, ,-1) -> 8 | X12: =W12+1 -> 9 | Y12: =_xlfn.LET( _xlpm.r, $AK12, _xlpm.rp, _xlfn.XLOOKUP($W12, $T$5:$T$200, $U$5:$U$200, , -1), _xlpm.rn, _xlfn.XLOOKUP($X12, $T$5:$T$200, $U$5:$U$200, , -1), _xlpm.xp, _xlfn.XLOOKUP($W12, $T$5:$T$200, P$5:P$200, , -1), _xlpm.xn, _xlfn.XLOOKUP($X12, $T$5:$T$200, P$5:P$200, , -1), (_xlpm.r - _xlpm.rp)/(_xlpm.rn - _xlpm.rp)*(_xlpm.xn - _xlpm.xp) + _xlpm.xp ) -> -0.30623889 | Z12: =_xlfn.LET( _xlpm.r, $AK12, _xlpm.rp, _xlfn.XLOOKUP($W12, $T$5:$T$200, $U$5:$U$200, , -1), _xlpm.rn, _xlfn.XLOOKUP($X12, $T$5:$T$200, $U$5:$U$200, , -1), _xlpm.xp, _xlfn.XLOOKUP($W12, $T$5:$T$200, Q$5:Q$200, , -1), _xlpm.xn, _xlfn.XLOOKUP($X12, $T$5:$T$200, Q$5:Q$200, , -1), (_xlpm.r - _xlpm.rp)/(_xlpm.rn - _xlpm.rp)*(_xlpm.xn - _xlpm.xp) + _xlpm.xp ) -> 0.17195434 | AA12: =_xlfn.LET( _xlpm.r, $AK12, _xlpm.rp, _xlfn.XLOOKUP($W12, $T$5:$T$200, $U$5:$U$200, , -1), _xlpm.rn, _xlfn.XLOOKUP($X12, $T$5:$T$200, $U$5:$U$200, , -1), _xlpm.xp, _xlfn.XLOOKUP($W12, $T$5:$T$200, R$5:R$200, , -1), _xlpm.xn, _xlfn.XLOOKUP($X12, $T$5:$T$200, R$5:R$200, , -1), (_xlpm.r - _xlpm.rp)/(_xlpm.rn - _xlpm.rp)*(_xlpm.xn - _xlpm.xp) + _xlpm.xp ) -> 8.780351 | AB12: =_xlfn.LET( _xlpm.r, $AK12, _xlpm.rp, _xlfn.XLOOKUP($W12, $T$5:$T$200, $U$5:$U$200, , -1), _xlpm.rn, _xlfn.XLOOKUP($X12, $T$5:$T$200, $U$5:$U$200, , -1), _xlpm.xp, _xlfn.XLOOKUP($W12, $T$5:$T$200, S$5:S$200, , -1), _xlpm.xn, _xlfn.XLOOKUP($X12, $T$5:$T$200, S$5:S$200, , -1), (_xlpm.r - _xlpm.rp)/(_xlpm.rn - _xlpm.rp)*(_xlpm.xn - _xlpm.xp) + _xlpm.xp ) -> -14.481236 | AD12: =_xlfn.XLOOKUP(AK12, $K$5:$K$200, $N$5:$N$200, ,-1) -> 3 | AE12: =AD12+1 -> 4 | AF12: =_xlfn.LET( _xlpm.r, $AK12, _xlpm.rp, _xlfn.XLOOKUP($AD12, $N$5:$N$200, $K$5:$K$200, , -1), _xlpm.rn, _xlfn.XLOOKUP($AE12, $N$5:$N$200, $K$5:$K$200, , -1), _xlpm.xp, _xlfn.XLOOKUP($AD12, $N$5:$N$200, L$5:L$200, , -1), _xlpm.xn, _xlfn.XLOOKUP($AE12, $N$5:$N$200, L$5:L$200, , -1), (_xlpm.r - _xlpm.rp)/(_xlpm.rn - _xlpm.rp)*(_xlpm.xn - _xlpm.xp) + _xlpm.xp ) -> 5.341751 | AG12: =_xlfn.XLOOKUP(AA12, $F$5:$F$200, $I$5:$I$200, ,-1) -> 4 | AH12: =AG12+1 -> 5 | AI12: =_xlfn.LET( _xlpm.r, $AA12, _xlpm.rp, _xlfn.XLOOKUP($AG12, $I$5:$I$200, $F$5:$F$200, , -1), _xlpm.rn, _xlfn.XLOOKUP($AH12, $I$5:$I$200, $F$5:$F$200, , -1), _xlpm.xp, _xlfn.XLOOKUP($AG12, $I$5:$I$200, E$5:E$200, , -1), _xlpm.xn, _xlfn.XLOOKUP($AH12, $I$5:$I$200, E$5:E$200, , -1), (_xlpm.r - _xlpm.rp)/(_xlpm.rn - _xlpm.rp)*(_xlpm.xn - _xlpm.xp) + _xlpm.xp ) -> 0.44089865 | AK12: 8.7884587 | AL12: 1792.6097 | AM12: 0.11917137 | AN12: 0.014182574 | AO12: 1.4756546 | AP12: 1.7474949 | AQ12: 0.19966693 | AR12: 0.014293299 | AS12: 1.6453754e+10 | AT12: 3.2682486e+09 | AU12: 4.0728047 | AV12: 5.0453439 | AW12: 11.738782 | AX12: 0.75251043 | AY12: 0.49841292 | AZ12: 1.8506405 | BA12: -18.27504 | BB12: 0.13519899 | BC12: 0.013344766 | BD12: 7 | BE12: =AI12*AF12 - AF12/2 -> -0.31570468 | BF12: =Y12 -> -0.30623889 | BG12: =$BF12+AM12 -> -0.18706752 | BH12: =AN12 -> 0.014182574 | BI12: =$BF12+AQ12 -> -0.10657196 | BJ12: =AR12 -> 0.014293299 | BK12: =$BF12+BB12 -> -0.1710399 | BL12: =BC12 -> 0.013344766 | BN12: =-BF12 -> 0.30623889 | BO12: =-BG12 -> 0.18706752 | BP12: =BH12 -> 0.014182574 | BQ12: =-BI12 -> 0.10657196 | BR12: =BJ12 -> 0.014293299 | BS12: =-BK12 -> 0.1710399 | BT12: =BL12 -> 0.013344766 | BV12: =IF($BV$3=1, - AB12, 0) -> 14.481236 | BW12: =RADIANS(BV12) -> 0.25274525 | BX12: =BO12*COS($BW12) - BP12*SIN($BW12) -> 0.17757777 | BY12: =BO12*SIN($BW12) + BP12*COS($BW12) -> 0.060510639 | BZ12: =BQ12*COS($BW12) - BR12*SIN($BW12) -> 0.099611904 | CA12: =BQ12*SIN($BW12) + BR12*COS($BW12) -> 0.040488893 | CB12: =BS12*COS($BW12) - BT12*SIN($BW12) -> 0.16226887 | CC12: =BS12*SIN($BW12) + BT12*COS($BW12) -> 0.055691537 | CE12: =AO12^2 * $AL12 -> 3903.5092 | CF12: =AP12^2 * $AL12 -> 5474.1612 | CG12: =$AS12*AU12 -> 6.7012929e+10 | CH12: =$AS12*AV12 -> 8.3014849e+10 | CI12: =AT12*AW12 -> 3.836526e+10 | CJ12: =$AT12*$AZ12*AX12 -> 4.5514489e+09 | CK12: =$AT12*$AZ12*AY12 -> 3.0145774e+09 | CL12: =0.5*($CE12+$CF12)+0.5*($CE12-$CF12)*COS(-2*$BA12*PI()/180) - 0 -> 4057.9541 | CM12: =0.5*($CE12+$CF12)-0.5*($CE12-$CF12)*COS(-2*$BA12*PI()/180) + 0 -> 5319.7164 | CN12: =0.5*($CE12-$CF12)*SIN(-2*$BA12*PI()/180) + 0 -> -467.6814 | CO12: =0.5*($CG12+$CH12)+0.5*($CG12-$CH12)*COS(-2*$BA12*PI()/180) - 0 -> 6.8586424e+10 | CP12: =0.5*($CG12+$CH12)-0.5*($CG12-$CH12)*COS(-2*$BA12*PI()/180) + 0 -> 8.1441354e+10 | CQ12: =0.5*($CG12-$CH12)*SIN(-2*$BA12*PI()/180) + 0 -> -4.7647734e+09 | CR12: =0.5*($CJ12+$CK12) + 0.5*($CJ12-$CK12)*COS(-2*$BA12*PI()/180) -> 4.4003258e+09 | CS12: =0.5*($CJ12+$CK12) - 0.5*($CJ12-$CK12)*COS(-2*$BA12*PI()/180) -> 3.1657006e+09 | CT12: =- 0.5*($CJ12-$CK12)*SIN(-2*$BA12*PI()/180) + 0 -> -4.5762284e+08 | CU12: =CL12 + $AL12*$BL12^2 * $CV$2 -> 4058.2733 | CV12: =CM12 + $AL12*$BK12^2 * $CV$2 -> 5372.1585 | CW12: =CN12 + $AL12*$BK12*$BL12 * $CV$2 -> -471.77301 | CX12: =CO12 + $DV12*$BL12^2 * $CV$2 -> 6.8591847e+10 | CY12: =CP12 + $DV12*$BK12^2 * $CV$2 -> 8.2332157e+10 | CZ12: =CQ12 + $DV12*$BK12*$BL12 * $CV$2 -> -4.8342751e+09 | DA12: =-CW12 -> 471.77301 | DB12: =-CZ12 -> 4.8342751e+09 | DC12: =-CT12 -> 4.5762284e+08 | DD12: =$DV12*BT12 -> 4.0634792e+08 | DE12: =$DV12*BS12 -> 5.2081625e+09 | DF12: =CR12*BR12 -> 62895173 | DG12: =CS12*BQ12 -> 3.3737493e+08 | DI12: =IF($DI$3=1,-AB12, 0) -> 14.481236 | DJ12: =RADIANS(DI12) -> 0.25274525 | DK12: 7 | DL12: =SQRT( (DM12-DM11)^2 + (DN12-DN11)^2 + (DO12-DO11)^2 ) + DL11 -> 8.7821089 | DM12: =AA12 -> 8.780351 | DN12: 0 | DO12: =Z12 -> 0.17195434 | DP12: =AL12 -> 1792.6097 | DQ12: =BX12 -> 0.17757777 | DR12: =BY12 -> 0.060510639 | DS12: =0.5*($CU12+$CV12)+0.5*($CU12-$CV12)*COS(2*$DJ12) + $DA12*SIN(2*$DJ12) -> 4368.8823 | DT12: =0.5*($CU12+$CV12)-0.5*($CU12-$CV12)*COS(2*$DJ12) - $DA12*SIN(2*$DJ12) -> 5061.5496 | DU12: =- 0.5*($CU12-$CV12)*SIN(2*$DJ12) + $DA12*COS(2*$DJ12) -> 730.88739 | DV12: =AS12*AZ12 -> 3.0449985e+10 | DW12: =$DD12*COS($DJ12) + $DE12*SIN($DJ12) -> 1.6958064e+09 | DX12: =- $DD12*SIN($DJ12) + $DE12*COS($DJ12) -> 4.9410844e+09 | DY12: =0.5*($CX12+$CY12)+0.5*($CX12-$CY12)*COS(2*$DJ12) + $DB12*SIN(2*$DJ12) -> 7.1791982e+10 | DZ12: =0.5*($CX12+$CY12)-0.5*($CX12-$CY12)*COS(2*$DJ12) - $DB12*SIN(2*$DJ12) -> 7.9132022e+10 | EA12: =- 0.5*($CX12-$CY12)*SIN(2*$DJ12) + $DB12*COS(2*$DJ12) -> 7.5564674e+09 | EB12: =CI12 -> 3.836526e+10 | EC12: =0.5*($CR12+$CS12)+0.5*($CR12-$CS12)*COS(2*$DJ12) - $DC12*SIN(2*$DJ12) -> 4.1015251e+09 | ED12: =0.5*($CR12+$CS12)-0.5*($CR12-$CS12)*COS(2*$DJ12) + $DC12*SIN(2*$DJ12) -> 3.4645013e+09 | EE12: =0.5*($CR12-$CS12)*SIN(2*$DJ12) + $DC12*COS(2*$DJ12) -> 6.9931657e+08 | EF12: =$DF12*COS($DJ12) + $DG12*SIN($DJ12) -> 1.4526193e+08 | EG12: =- $DF12*SIN($DJ12) + $DG12*COS($DJ12) -> 3.1092864e+08 | EH12: 0 | EJ12: =$DV12*BL12 -> 4.0634792e+08 | EK12: =$DV12*BK12 -> -5.2081625e+09 | EL12: =CR12*BJ12 -> 62895173 | EM12: =CS12*BI12 -> -3.3737493e+08 | EO12: =0.5*($CU12+$CV12)+0.5*($CU12-$CV12)*COS(2*$DJ12) - $CW12*SIN(2*$DJ12) -> 4368.8823 | EP12: =0.5*($CU12+$CV12)-0.5*($CU12-$CV12)*COS(2*$DJ12) + $CW12*SIN(2*$DJ12) -> 5061.5496 | EQ12: =0.5*($CU12-$CV12)*SIN(2*$DJ12) + $CW12*COS(2*$DJ12) -> -730.88739 | ER12: =-EQ12 -> 730.88739 | ES12: =$EJ12*COS($DJ12) - $EK12*SIN($DJ12) -> 1.6958064e+09 | ET12: =$EJ12*SIN($DJ12) + $EK12*COS($DJ12) -> -4.9410844e+09 | EU12: =-ET12 -> 4.9410844e+09 | EV12: =0.5*($CX12+$CY12)+0.5*($CX12-$CY12)*COS(2*$DJ12) - $CZ12*SIN(2*$DJ12) -> 7.1791982e+10 | EW12: =0.5*($CX12+$CY12)-0.5*($CX12-$CY12)*COS(2*$DJ12) + $CZ12*SIN(2*$DJ12) -> 7.9132022e+10 | EX12: =0.5*($CX12-$CY12)*SIN(2*$DJ12) + $CZ12*COS(2*$DJ12) -> -7.5564674e+09 | EY12: =-EX12 -> 7.5564674e+09 | EZ12: =0.5*($CR12+$CS12)+0.5*($CR12-$CS12)*COS(2*$DJ12) + $CT12*SIN(2*$DJ12) -> 4.1015251e+09 | FA12: =0.5*($CR12+$CS12)-0.5*($CR12-$CS12)*COS(2*$DJ12) - $CT12*SIN(2*$DJ12) -> 3.4645013e+09 | FB12: =- 0.5*($CR12-$CS12)*SIN(2*$DJ12) + $CT12*COS(2*$DJ12) -> -6.9931657e+08 | FC12: =-FB12 -> 6.9931657e+08 | FD12: =$EL12*COS($DJ12) - $EM12*SIN($DJ12) -> 1.4526193e+08 | FE12: =$EL12*SIN($DJ12) + $EM12*COS($DJ12) -> -3.1092864e+08 | FF12: =-FE12 -> 3.1092864e+08 | FH12: =$DV12*CC12 -> 1.6958064e+09 | FI12: =$DV12*CB12 -> 4.9410844e+09 | FJ12: =EZ12*CA12 -> 1.6606621e+08 | FK12: =FA12*BZ12 -> 3.4510557e+08 | FM12: =_xlfn.XLOOKUP(FQ12,$DM$6:$DM$200,$DK$6:$DK$200, ,-1) -> 6 | FN12: =FM12+1 -> 7 | FP12: 7 | FQ12: 8.775 | FR12: =_xlfn.LET( _xlpm.r, $FQ12, _xlpm.rp, _xlfn.XLOOKUP($FM12,$DK$6:$DK$200,$DM$6:$DM$200, , -1), _xlpm.rn, _xlfn.XLOOKUP($FN12,$DK$6:$DK$200,$DM$6:$DM$200, , -1), _xlpm.xp, _xlfn.XLOOKUP($FM12,$DK$6:$DK$200,DN$6:DN$200, , -1), _xlpm.xn, _xlfn.XLOOKUP($FN12,$DK$6:$DK$200,DN$6:DN$200, , -1), (_xlpm.r - _xlpm.rp)/(_xlpm.rn - _xlpm.rp)*(_xlpm.xn - _xlpm.xp) + _xlpm.xp ) -> 0 | FS12: =_xlfn.LET( _xlpm.r, $FQ12, _xlpm.rp, _xlfn.XLOOKUP($FM12,$DK$6:$DK$200,$DM$6:$DM$200, , -1), _xlpm.rn, _xlfn.XLOOKUP($FN12,$DK$6:$DK$200,$DM$6:$DM$200, , -1), _xlpm.xp, _xlfn.XLOOKUP($FM12,$DK$6:$DK$200,DO$6:DO$200, , -1), _xlpm.xn, _xlfn.XLOOKUP($FN12,$DK$6:$DK$200,DO$6:DO$200, , -1), (_xlpm.r - _xlpm.rp)/(_xlpm.rn - _xlpm.rp)*(_xlpm.xn - _xlpm.xp) + _xlpm.xp ) -> 0.17183105 | FT12: =_xlfn.LET( _xlpm.r, $FQ12, _xlpm.rp, _xlfn.XLOOKUP($FM12,$DK$6:$DK$200,$DM$6:$DM$200, , -1), _xlpm.rn, _xlfn.XLOOKUP($FN12,$DK$6:$DK$200,$DM$6:$DM$200, , -1), _xlpm.xp, _xlfn.XLOOKUP($FM12,$DK$6:$DK$200,DP$6:DP$200, , -1), _xlpm.xn, _xlfn.XLOOKUP($FN12,$DK$6:$DK$200,DP$6:DP$200, , -1), (_xlpm.r - _xlpm.rp)/(_xlpm.rn - _xlpm.rp)*(_xlpm.xn - _xlpm.xp) + _xlpm.xp ) -> 1793.3598 | FU12: =_xlfn.LET( _xlpm.r, $FQ12, _xlpm.rp, _xlfn.XLOOKUP($FM12,$DK$6:$DK$200,$DM$6:$DM$200, , -1), _xlpm.rn, _xlfn.XLOOKUP($FN12,$DK$6:$DK$200,$DM$6:$DM$200, , -1), _xlpm.xp, _xlfn.XLOOKUP($FM12,$DK$6:$DK$200,DQ$6:DQ$200, , -1), _xlpm.xn, _xlfn.XLOOKUP($FN12,$DK$6:$DK$200,DQ$6:DQ$200, , -1), (_xlpm.r - _xlpm.rp)/(_xlpm.rn - _xlpm.rp)*(_xlpm.xn - _xlpm.xp) + _xlpm.xp ) -> 0.17745432 | FV12: =_xlfn.LET( _xlpm.r, $FQ12, _xlpm.rp, _xlfn.XLOOKUP($FM12,$DK$6:$DK$200,$DM$6:$DM$200, , -1), _xlpm.rn, _xlfn.XLOOKUP($FN12,$DK$6:$DK$200,$DM$6:$DM$200, , -1), _xlpm.xp, _xlfn.XLOOKUP($FM12,$DK$6:$DK$200,DR$6:DR$200, , -1), _xlpm.xn, _xlfn.XLOOKUP($FN12,$DK$6:$DK$200,DR$6:DR$200, , -1), (_xlpm.r - _xlpm.rp)/(_xlpm.rn - _xlpm.rp)*(_xlpm.xn - _xlpm.xp) + _xlpm.xp ) -> 0.060473662 | FW12: =_xlfn.LET( _xlpm.r, $FQ12, _xlpm.rp, _xlfn.XLOOKUP($FM12,$DK$6:$DK$200,$DM$6:$DM$200, , -1), _xlpm.rn, _xlfn.XLOOKUP($FN12,$DK$6:$DK$200,$DM$6:$DM$200, , -1), _xlpm.xp, _xlfn.XLOOKUP($FM12,$DK$6:$DK$200,DS$6:DS$200, , -1), _xlpm.xn, _xlfn.XLOOKUP($FN12,$DK$6:$DK$200,DS$6:DS$200, , -1), (_xlpm.r - _xlpm.rp)/(_xlpm.rn - _xlpm.rp)*(_xlpm.xn - _xlpm.xp) + _xlpm.xp ) -> 4372.0228 | FX12: =_xlfn.LET( _xlpm.r, $FQ12, _xlpm.rp, _xlfn.XLOOKUP($FM12,$DK$6:$DK$200,$DM$6:$DM$200, , -1), _xlpm.rn, _xlfn.XLOOKUP($FN12,$DK$6:$DK$200,$DM$6:$DM$200, , -1), _xlpm.xp, _xlfn.XLOOKUP($FM12,$DK$6:$DK$200,DT$6:DT$200, , -1), _xlpm.xn, _xlfn.XLOOKUP($FN12,$DK$6:$DK$200,DT$6:DT$200, , -1), (_xlpm.r - _xlpm.rp)/(_xlpm.rn - _xlpm.rp)*(_xlpm.xn - _xlpm.xp) + _xlpm.xp ) -> 5064.4773 | FY12: =_xlfn.LET( _xlpm.r, $FQ12, _xlpm.rp, _xlfn.XLOOKUP($FM12,$DK$6:$DK$200,$DM$6:$DM$200, , -1), _xlpm.rn, _xlfn.XLOOKUP($FN12,$DK$6:$DK$200,$DM$6:$DM$200, , -1), _xlpm.xp, _xlfn.XLOOKUP($FM12,$DK$6:$DK$200,DU$6:DU$200, , -1), _xlpm.xn, _xlfn.XLOOKUP($FN12,$DK$6:$DK$200,DU$6:DU$200, , -1), (_xlpm.r - _xlpm.rp)/(_xlpm.rn - _xlpm.rp)*(_xlpm.xn - _xlpm.xp) + _xlpm.xp ) -> 730.44264 | ... GH12: =_xlfn.LET( _xlpm.r, $FQ12, _xlpm.rp, _xlfn.XLOOKUP($FM12,$DK$6:$DK$200,$DM$6:$DM$200, , -1), _xlpm.rn, _xlfn.XLOOKUP($FN12,$DK$6:$DK$200,$DM$6:$DM$200, , -1), _xlpm.xp, _xlfn.XLOOKUP($FM12,$DK$6:$DK$200,ED$6:ED$200, , -1), _xlpm.xn, _xlfn.XLOOKUP($FN12,$DK$6:$DK$200,ED$6:ED$200, , -1), (_xlpm.r - _xlpm.rp)/(_xlpm.rn - _xlpm.rp)*(_xlpm.xn - _xlpm.xp) + _xlpm.xp ) -> 3.4663608e+09 | GI12: =_xlfn.LET( _xlpm.r, $FQ12, _xlpm.rp, _xlfn.XLOOKUP($FM12,$DK$6:$DK$200,$DM$6:$DM$200, , -1), _xlpm.rn, _xlfn.XLOOKUP($FN12,$DK$6:$DK$200,$DM$6:$DM$200, , -1), _xlpm.xp, _xlfn.XLOOKUP($FM12,$DK$6:$DK$200,EF$6:EF$200, , -1), _xlpm.xn, _xlfn.XLOOKUP($FN12,$DK$6:$DK$200,EF$6:EF$200, , -1), (_xlpm.r - _xlpm.rp)/(_xlpm.rn - _xlpm.rp)*(_xlpm.xn - _xlpm.xp) + _xlpm.xp ) -> 1.4528735e+08 | GJ12: =_xlfn.LET( _xlpm.r, $FQ12, _xlpm.rp, _xlfn.XLOOKUP($FM12,$DK$6:$DK$200,$DM$6:$DM$200, , -1), _xlpm.rn, _xlfn.XLOOKUP($FN12,$DK$6:$DK$200,$DM$6:$DM$200, , -1), _xlpm.xp, _xlfn.XLOOKUP($FM12,$DK$6:$DK$200,EG$6:EG$200, , -1), _xlpm.xn, _xlfn.XLOOKUP($FN12,$DK$6:$DK$200,EG$6:EG$200, , -1), (_xlpm.r - _xlpm.rp)/(_xlpm.rn - _xlpm.rp)*(_xlpm.xn - _xlpm.xp) + _xlpm.xp ) -> 3.1107053e+08 | GK12: =_xlfn.LET( _xlpm.r, $FQ12, _xlpm.rp, _xlfn.XLOOKUP($FM12,$DK$6:$DK$200,$DM$6:$DM$200, , -1), _xlpm.rn, _xlfn.XLOOKUP($FN12,$DK$6:$DK$200,$DM$6:$DM$200, , -1), _xlpm.xp, _xlfn.XLOOKUP($FM12,$DK$6:$DK$200,EH$6:EH$200, , -1), _xlpm.xn, _xlfn.XLOOKUP($FN12,$DK$6:$DK$200,EH$6:EH$200, , -1), (_xlpm.r - _xlpm.rp)/(_xlpm.rn - _xlpm.rp)*(_xlpm.xn - _xlpm.xp) + _xlpm.xp ) -> 0
A13: 0.16326531 | B13: 5.6925312 | C13: 0.18100768 | D13: =C13*180/PI() -> 10.370976 | E13: 0.36549205 | F13: 19.102041 | G13: -0.22314348 | H13: 0 | I13: 9 | K13: 43.955503 | L13: 4.8353721 | M13: 31.733687 | N13: 9 | P13: -0.3319667 | Q13: 0.1856661 | R13: 9.365804 | S13: -14.31203 | T13: 9 | U13: =SQRT( (P13-P12)^2 + (Q13-Q12)^2 + (R13-R12)^2 ) + U12 -> 9.3746371 | W13: =_xlfn.XLOOKUP(AK13, $U$5:$U$200, $T$5:$T$200, ,-1) -> 10 | X13: =W13+1 -> 11 | Y13: =_xlfn.LET( _xlpm.r, $AK13, _xlpm.rp, _xlfn.XLOOKUP($W13, $T$5:$T$200, $U$5:$U$200, , -1), _xlpm.rn, _xlfn.XLOOKUP($X13, $T$5:$T$200, $U$5:$U$200, , -1), _xlpm.xp, _xlfn.XLOOKUP($W13, $T$5:$T$200, P$5:P$200, , -1), _xlpm.xn, _xlfn.XLOOKUP($X13, $T$5:$T$200, P$5:P$200, , -1), (_xlpm.r - _xlpm.rp)/(_xlpm.rn - _xlpm.rp)*(_xlpm.xn - _xlpm.xp) + _xlpm.xp ) -> -0.43732309 | Z13: =_xlfn.LET( _xlpm.r, $AK13, _xlpm.rp, _xlfn.XLOOKUP($W13, $T$5:$T$200, $U$5:$U$200, , -1), _xlpm.rn, _xlfn.XLOOKUP($X13, $T$5:$T$200, $U$5:$U$200, , -1), _xlpm.xp, _xlfn.XLOOKUP($W13, $T$5:$T$200, Q$5:Q$200, , -1), _xlpm.xn, _xlfn.XLOOKUP($X13, $T$5:$T$200, Q$5:Q$200, , -1), (_xlpm.r - _xlpm.rp)/(_xlpm.rn - _xlpm.rp)*(_xlpm.xn - _xlpm.xp) + _xlpm.xp ) -> 0.23843837 | AA13: =_xlfn.LET( _xlpm.r, $AK13, _xlpm.rp, _xlfn.XLOOKUP($W13, $T$5:$T$200, $U$5:$U$200, , -1), _xlpm.rn, _xlfn.XLOOKUP($X13, $T$5:$T$200, $U$5:$U$200, , -1), _xlpm.xp, _xlfn.XLOOKUP($W13, $T$5:$T$200, R$5:R$200, , -1), _xlpm.xn, _xlfn.XLOOKUP($X13, $T$5:$T$200, R$5:R$200, , -1), (_xlpm.r - _xlpm.rp)/(_xlpm.rn - _xlpm.rp)*(_xlpm.xn - _xlpm.xp) + _xlpm.xp ) -> 11.706147 | AB13: =_xlfn.LET( _xlpm.r, $AK13, _xlpm.rp, _xlfn.XLOOKUP($W13, $T$5:$T$200, $U$5:$U$200, , -1), _xlpm.rn, _xlfn.XLOOKUP($X13, $T$5:$T$200, $U$5:$U$200, , -1), _xlpm.xp, _xlfn.XLOOKUP($W13, $T$5:$T$200, S$5:S$200, , -1), _xlpm.xn, _xlfn.XLOOKUP($X13, $T$5:$T$200, S$5:S$200, , -1), (_xlpm.r - _xlpm.rp)/(_xlpm.rn - _xlpm.rp)*(_xlpm.xn - _xlpm.xp) + _xlpm.xp ) -> -13.481027 | AD13: =_xlfn.XLOOKUP(AK13, $K$5:$K$200, $N$5:$N$200, ,-1) -> 3 | AE13: =AD13+1 -> 4 | AF13: =_xlfn.LET( _xlpm.r, $AK13, _xlpm.rp, _xlfn.XLOOKUP($AD13, $N$5:$N$200, $K$5:$K$200, , -1), _xlpm.rn, _xlfn.XLOOKUP($AE13, $N$5:$N$200, $K$5:$K$200, , -1), _xlpm.xp, _xlfn.XLOOKUP($AD13, $N$5:$N$200, L$5:L$200, , -1), _xlpm.xn, _xlfn.XLOOKUP($AE13, $N$5:$N$200, L$5:L$200, , -1), (_xlpm.r - _xlpm.rp)/(_xlpm.rn - _xlpm.rp)*(_xlpm.xn - _xlpm.xp) + _xlpm.xp ) -> 5.4462289 | AG13: =_xlfn.XLOOKUP(AA13, $F$5:$F$200, $I$5:$I$200, ,-1) -> 5 | AH13: =AG13+1 -> 6 | AI13: =_xlfn.LET( _xlpm.r, $AA13, _xlpm.rp, _xlfn.XLOOKUP($AG13, $I$5:$I$200, $F$5:$F$200, , -1), _xlpm.rn, _xlfn.XLOOKUP($AH13, $I$5:$I$200, $F$5:$F$200, , -1), _xlpm.xp, _xlfn.XLOOKUP($AG13, $I$5:$I$200, E$5:E$200, , -1), _xlpm.xn, _xlfn.XLOOKUP($AH13, $I$5:$I$200, E$5:E$200, , -1), (_xlpm.r - _xlpm.rp)/(_xlpm.rn - _xlpm.rp)*(_xlpm.xn - _xlpm.xp) + _xlpm.xp ) -> 0.41748091 | AK13: 11.717945 | AL13: 1693.2124 | AM13: 0.13808749 | AN13: 0.021494918 | AO13: 1.2790562 | AP13: 1.6704356 | AQ13: 0.34375471 | AR13: 0.027219286 | AS13: 1.5349371e+10 | AT13: 2.9689652e+09 | AU13: 3.2803526 | AV13: 4.6798435 | AW13: 8.5590491 | AX13: 0.77741891 | AY13: 0.46952287 | AZ13: 1.729856 | BA13: -16.870368 | BB13: 0.13663255 | BC13: 0.02077681 | BD13: 8 | BE13: =AI13*AF13 - AF13/2 -> -0.44941786 | BF13: =Y13 -> -0.43732309 | BG13: =$BF13+AM13 -> -0.29923559 | BH13: =AN13 -> 0.021494918 | BI13: =$BF13+AQ13 -> -0.093568375 | BJ13: =AR13 -> 0.027219286 | BK13: =$BF13+BB13 -> -0.30069054 | BL13: =BC13 -> 0.02077681 | BN13: =-BF13 -> 0.43732309 | BO13: =-BG13 -> 0.29923559 | BP13: =BH13 -> 0.021494918 | BQ13: =-BI13 -> 0.093568375 | BR13: =BJ13 -> 0.027219286 | BS13: =-BK13 -> 0.30069054 | BT13: =BL13 -> 0.02077681 | BV13: =IF($BV$3=1, - AB13, 0) -> 13.481027 | BW13: =RADIANS(BV13) -> 0.23528831 | BX13: =BO13*COS($BW13) - BP13*SIN($BW13) -> 0.28597984 | BY13: =BO13*SIN($BW13) + BP13*COS($BW13) -> 0.09066148 | BZ13: =BQ13*COS($BW13) - BR13*SIN($BW13) -> 0.08464485 | CA13: =BQ13*SIN($BW13) + BR13*COS($BW13) -> 0.048282292 | CB13: =BS13*COS($BW13) - BT13*SIN($BW13) -> 0.2875621 | CC13: =BS13*SIN($BW13) + BT13*COS($BW13) -> 0.090302341 | CE13: =AO13^2 * $AL13 -> 2770.0696 | CF13: =AP13^2 * $AL13 -> 4724.6637 | CG13: =$AS13*AU13 -> 5.0351348e+10 | CH13: =$AS13*AV13 -> 7.1832653e+10 | CI13: =AT13*AW13 -> 2.5411519e+10 | CJ13: =$AT13*$AZ13*AX13 -> 3.9927321e+09 | CK13: =$AT13*$AZ13*AY13 -> 2.4114142e+09 | CL13: =0.5*($CE13+$CF13)+0.5*($CE13-$CF13)*COS(-2*$BA13*PI()/180) - 0 -> 2934.6861 | CM13: =0.5*($CE13+$CF13)-0.5*($CE13-$CF13)*COS(-2*$BA13*PI()/180) + 0 -> 4560.0473 | CN13: =0.5*($CE13-$CF13)*SIN(-2*$BA13*PI()/180) + 0 -> -542.82575 | CO13: =0.5*($CG13+$CH13)+0.5*($CG13-$CH13)*COS(-2*$BA13*PI()/180) - 0 -> 5.216051e+10 | CP13: =0.5*($CG13+$CH13)-0.5*($CG13-$CH13)*COS(-2*$BA13*PI()/180) + 0 -> 7.0023492e+10 | CQ13: =0.5*($CG13-$CH13)*SIN(-2*$BA13*PI()/180) + 0 -> -5.9657427e+09 | CR13: =0.5*($CJ13+$CK13) + 0.5*($CJ13-$CK13)*COS(-2*$BA13*PI()/180) -> 3.859553e+09 | CS13: =0.5*($CJ13+$CK13) - 0.5*($CJ13-$CK13)*COS(-2*$BA13*PI()/180) -> 2.5445932e+09 | CT13: =- 0.5*($CJ13-$CK13)*SIN(-2*$BA13*PI()/180) + 0 -> -4.3916026e+08 | CU13: =CL13 + $AL13*$BL13^2 * $CV$2 -> 2935.417 | CV13: =CM13 + $AL13*$BK13^2 * $CV$2 -> 4713.1387 | CW13: =CN13 + $AL13*$BK13*$BL13 * $CV$2 -> -553.40391 | CX13: =CO13 + $DV13*$BL13^2 * $CV$2 -> 5.2171972e+10 | CY13: =CP13 + $DV13*$BK13^2 * $CV$2 -> 7.2424203e+10 | CZ13: =CQ13 + $DV13*$BK13*$BL13 * $CV$2 -> -6.1316246e+09 | DA13: =-CW13 -> 553.40391 | DB13: =-CZ13 -> 6.1316246e+09 | DC13: =-CT13 -> 4.3916026e+08 | DD13: =$DV13*BT13 -> 5.5167005e+08 | DE13: =$DV13*BS13 -> 7.9839957e+09 | DF13: =CR13*BR13 -> 1.0505428e+08 | DG13: =CS13*BQ13 -> 2.3809345e+08 | DI13: =IF($DI$3=1,-AB13, 0) -> 13.481027 | DJ13: =RADIANS(DI13) -> 0.23528831 | DK13: 8 | DL13: =SQRT( (DM13-DM12)^2 + (DN13-DN12)^2 + (DO13-DO12)^2 ) + DL12 -> 11.70866 | DM13: =AA13 -> 11.706147 | DN13: 0 | DO13: =Z13 -> 0.23843837 | DP13: =AL13 -> 1693.2124 | DQ13: =BX13 -> 0.28597984 | DR13: =BY13 -> 0.09066148 | DS13: =0.5*($CU13+$CV13)+0.5*($CU13-$CV13)*COS(2*$DJ13) + $DA13*SIN(2*$DJ13) -> 3282.9435 | DT13: =0.5*($CU13+$CV13)-0.5*($CU13-$CV13)*COS(2*$DJ13) - $DA13*SIN(2*$DJ13) -> 4365.6123 | DU13: =- 0.5*($CU13-$CV13)*SIN(2*$DJ13) + $DA13*COS(2*$DJ13) -> 896.26256 | DV13: =AS13*AZ13 -> 2.6552201e+10 | DW13: =$DD13*COS($DJ13) + $DE13*SIN($DJ13) -> 2.3977259e+09 | DX13: =- $DD13*SIN($DJ13) + $DE13*COS($DJ13) -> 7.6354069e+09 | DY13: =0.5*($CX13+$CY13)+0.5*($CX13-$CY13)*COS(2*$DJ13) + $DB13*SIN(2*$DJ13) -> 5.605269e+10 | DZ13: =0.5*($CX13+$CY13)-0.5*($CX13-$CY13)*COS(2*$DJ13) - $DB13*SIN(2*$DJ13) -> 6.8543485e+10 | EA13: =- 0.5*($CX13-$CY13)*SIN(2*$DJ13) + $DB13*COS(2*$DJ13) -> 1.0056344e+10 | EB13: =CI13 -> 2.5411519e+10 | EC13: =0.5*($CR13+$CS13)+0.5*($CR13-$CS13)*COS(2*$DJ13) - $DC13*SIN(2*$DJ13) -> 3.5889742e+09 | ED13: =0.5*($CR13+$CS13)-0.5*($CR13-$CS13)*COS(2*$DJ13) + $DC13*SIN(2*$DJ13) -> 2.8151721e+09 | EE13: =0.5*($CR13-$CS13)*SIN(2*$DJ13) + $DC13*COS(2*$DJ13) -> 6.8952821e+08 | EF13: =$DF13*COS($DJ13) + $DG13*SIN($DJ13) -> 1.5766488e+08 | EG13: =- $DF13*SIN($DJ13) + $DG13*COS($DJ13) -> 2.070427e+08 | EH13: 0 | EJ13: =$DV13*BL13 -> 5.5167005e+08 | EK13: =$DV13*BK13 -> -7.9839957e+09 | EL13: =CR13*BJ13 -> 1.0505428e+08 | EM13: =CS13*BI13 -> -2.3809345e+08 | EO13: =0.5*($CU13+$CV13)+0.5*($CU13-$CV13)*COS(2*$DJ13) - $CW13*SIN(2*$DJ13) -> 3282.9435 | EP13: =0.5*($CU13+$CV13)-0.5*($CU13-$CV13)*COS(2*$DJ13) + $CW13*SIN(2*$DJ13) -> 4365.6123 | EQ13: =0.5*($CU13-$CV13)*SIN(2*$DJ13) + $CW13*COS(2*$DJ13) -> -896.26256 | ER13: =-EQ13 -> 896.26256 | ES13: =$EJ13*COS($DJ13) - $EK13*SIN($DJ13) -> 2.3977259e+09 | ET13: =$EJ13*SIN($DJ13) + $EK13*COS($DJ13) -> -7.6354069e+09 | EU13: =-ET13 -> 7.6354069e+09 | EV13: =0.5*($CX13+$CY13)+0.5*($CX13-$CY13)*COS(2*$DJ13) - $CZ13*SIN(2*$DJ13) -> 5.605269e+10 | EW13: =0.5*($CX13+$CY13)-0.5*($CX13-$CY13)*COS(2*$DJ13) + $CZ13*SIN(2*$DJ13) -> 6.8543485e+10 | EX13: =0.5*($CX13-$CY13)*SIN(2*$DJ13) + $CZ13*COS(2*$DJ13) -> -1.0056344e+10 | EY13: =-EX13 -> 1.0056344e+10 | EZ13: =0.5*($CR13+$CS13)+0.5*($CR13-$CS13)*COS(2*$DJ13) + $CT13*SIN(2*$DJ13) -> 3.5889742e+09 | FA13: =0.5*($CR13+$CS13)-0.5*($CR13-$CS13)*COS(2*$DJ13) - $CT13*SIN(2*$DJ13) -> 2.8151721e+09 | FB13: =- 0.5*($CR13-$CS13)*SIN(2*$DJ13) + $CT13*COS(2*$DJ13) -> -6.8952821e+08 | FC13: =-FB13 -> 6.8952821e+08 | FD13: =$EL13*COS($DJ13) - $EM13*SIN($DJ13) -> 1.5766488e+08 | FE13: =$EL13*SIN($DJ13) + $EM13*COS($DJ13) -> -2.070427e+08 | FF13: =-FE13 -> 2.070427e+08 | FH13: =$DV13*CC13 -> 2.3977259e+09 | FI13: =$DV13*CB13 -> 7.6354069e+09 | FJ13: =EZ13*CA13 -> 1.732839e+08 | FK13: =FA13*BZ13 -> 2.3828982e+08 | FM13: =_xlfn.XLOOKUP(FQ13,$DM$6:$DM$200,$DK$6:$DK$200, ,-1) -> 7 | FN13: =FM13+1 -> 8 | FP13: 8 | FQ13: 11.7 | FR13: =_xlfn.LET( _xlpm.r, $FQ13, _xlpm.rp, _xlfn.XLOOKUP($FM13,$DK$6:$DK$200,$DM$6:$DM$200, , -1), _xlpm.rn, _xlfn.XLOOKUP($FN13,$DK$6:$DK$200,$DM$6:$DM$200, , -1), _xlpm.xp, _xlfn.XLOOKUP($FM13,$DK$6:$DK$200,DN$6:DN$200, , -1), _xlpm.xn, _xlfn.XLOOKUP($FN13,$DK$6:$DK$200,DN$6:DN$200, , -1), (_xlpm.r - _xlpm.rp)/(_xlpm.rn - _xlpm.rp)*(_xlpm.xn - _xlpm.xp) + _xlpm.xp ) -> 0 | FS13: =_xlfn.LET( _xlpm.r, $FQ13, _xlpm.rp, _xlfn.XLOOKUP($FM13,$DK$6:$DK$200,$DM$6:$DM$200, , -1), _xlpm.rn, _xlfn.XLOOKUP($FN13,$DK$6:$DK$200,$DM$6:$DM$200, , -1), _xlpm.xp, _xlfn.XLOOKUP($FM13,$DK$6:$DK$200,DO$6:DO$200, , -1), _xlpm.xn, _xlfn.XLOOKUP($FN13,$DK$6:$DK$200,DO$6:DO$200, , -1), (_xlpm.r - _xlpm.rp)/(_xlpm.rn - _xlpm.rp)*(_xlpm.xn - _xlpm.xp) + _xlpm.xp ) -> 0.23829869 | FT13: =_xlfn.LET( _xlpm.r, $FQ13, _xlpm.rp, _xlfn.XLOOKUP($FM13,$DK$6:$DK$200,$DM$6:$DM$200, , -1), _xlpm.rn, _xlfn.XLOOKUP($FN13,$DK$6:$DK$200,$DM$6:$DM$200, , -1), _xlpm.xp, _xlfn.XLOOKUP($FM13,$DK$6:$DK$200,DP$6:DP$200, , -1), _xlpm.xn, _xlfn.XLOOKUP($FN13,$DK$6:$DK$200,DP$6:DP$200, , -1), (_xlpm.r - _xlpm.rp)/(_xlpm.rn - _xlpm.rp)*(_xlpm.xn - _xlpm.xp) + _xlpm.xp ) -> 1693.4212 | FU13: =_xlfn.LET( _xlpm.r, $FQ13, _xlpm.rp, _xlfn.XLOOKUP($FM13,$DK$6:$DK$200,$DM$6:$DM$200, , -1), _xlpm.rn, _xlfn.XLOOKUP($FN13,$DK$6:$DK$200,$DM$6:$DM$200, , -1), _xlpm.xp, _xlfn.XLOOKUP($FM13,$DK$6:$DK$200,DQ$6:DQ$200, , -1), _xlpm.xn, _xlfn.XLOOKUP($FN13,$DK$6:$DK$200,DQ$6:DQ$200, , -1), (_xlpm.r - _xlpm.rp)/(_xlpm.rn - _xlpm.rp)*(_xlpm.xn - _xlpm.xp) + _xlpm.xp ) -> 0.28575208 | FV13: =_xlfn.LET( _xlpm.r, $FQ13, _xlpm.rp, _xlfn.XLOOKUP($FM13,$DK$6:$DK$200,$DM$6:$DM$200, , -1), _xlpm.rn, _xlfn.XLOOKUP($FN13,$DK$6:$DK$200,$DM$6:$DM$200, , -1), _xlpm.xp, _xlfn.XLOOKUP($FM13,$DK$6:$DK$200,DR$6:DR$200, , -1), _xlpm.xn, _xlfn.XLOOKUP($FN13,$DK$6:$DK$200,DR$6:DR$200, , -1), (_xlpm.r - _xlpm.rp)/(_xlpm.rn - _xlpm.rp)*(_xlpm.xn - _xlpm.xp) + _xlpm.xp ) -> 0.090598132 | FW13: =_xlfn.LET( _xlpm.r, $FQ13, _xlpm.rp, _xlfn.XLOOKUP($FM13,$DK$6:$DK$200,$DM$6:$DM$200, , -1), _xlpm.rn, _xlfn.XLOOKUP($FN13,$DK$6:$DK$200,$DM$6:$DM$200, , -1), _xlpm.xp, _xlfn.XLOOKUP($FM13,$DK$6:$DK$200,DS$6:DS$200, , -1), _xlpm.xn, _xlfn.XLOOKUP($FN13,$DK$6:$DK$200,DS$6:DS$200, , -1), (_xlpm.r - _xlpm.rp)/(_xlpm.rn - _xlpm.rp)*(_xlpm.xn - _xlpm.xp) + _xlpm.xp ) -> 3285.2251 | FX13: =_xlfn.LET( _xlpm.r, $FQ13, _xlpm.rp, _xlfn.XLOOKUP($FM13,$DK$6:$DK$200,$DM$6:$DM$200, , -1), _xlpm.rn, _xlfn.XLOOKUP($FN13,$DK$6:$DK$200,$DM$6:$DM$200, , -1), _xlpm.xp, _xlfn.XLOOKUP($FM13,$DK$6:$DK$200,DT$6:DT$200, , -1), _xlpm.xn, _xlfn.XLOOKUP($FN13,$DK$6:$DK$200,DT$6:DT$200, , -1), (_xlpm.r - _xlpm.rp)/(_xlpm.rn - _xlpm.rp)*(_xlpm.xn - _xlpm.xp) + _xlpm.xp ) -> 4367.0745 | FY13: =_xlfn.LET( _xlpm.r, $FQ13, _xlpm.rp, _xlfn.XLOOKUP($FM13,$DK$6:$DK$200,$DM$6:$DM$200, , -1), _xlpm.rn, _xlfn.XLOOKUP($FN13,$DK$6:$DK$200,$DM$6:$DM$200, , -1), _xlpm.xp, _xlfn.XLOOKUP($FM13,$DK$6:$DK$200,DU$6:DU$200, , -1), _xlpm.xn, _xlfn.XLOOKUP($FN13,$DK$6:$DK$200,DU$6:DU$200, , -1), (_xlpm.r - _xlpm.rp)/(_xlpm.rn - _xlpm.rp)*(_xlpm.xn - _xlpm.xp) + _xlpm.xp ) -> 895.91511 | ... GH13: =_xlfn.LET( _xlpm.r, $FQ13, _xlpm.rp, _xlfn.XLOOKUP($FM13,$DK$6:$DK$200,$DM$6:$DM$200, , -1), _xlpm.rn, _xlfn.XLOOKUP($FN13,$DK$6:$DK$200,$DM$6:$DM$200, , -1), _xlpm.xp, _xlfn.XLOOKUP($FM13,$DK$6:$DK$200,ED$6:ED$200, , -1), _xlpm.xn, _xlfn.XLOOKUP($FN13,$DK$6:$DK$200,ED$6:ED$200, , -1), (_xlpm.r - _xlpm.rp)/(_xlpm.rn - _xlpm.rp)*(_xlpm.xn - _xlpm.xp) + _xlpm.xp ) -> 2.8165364e+09 | GI13: =_xlfn.LET( _xlpm.r, $FQ13, _xlpm.rp, _xlfn.XLOOKUP($FM13,$DK$6:$DK$200,$DM$6:$DM$200, , -1), _xlpm.rn, _xlfn.XLOOKUP($FN13,$DK$6:$DK$200,$DM$6:$DM$200, , -1), _xlpm.xp, _xlfn.XLOOKUP($FM13,$DK$6:$DK$200,EF$6:EF$200, , -1), _xlpm.xn, _xlfn.XLOOKUP($FN13,$DK$6:$DK$200,EF$6:EF$200, , -1), (_xlpm.r - _xlpm.rp)/(_xlpm.rn - _xlpm.rp)*(_xlpm.xn - _xlpm.xp) + _xlpm.xp ) -> 1.5763882e+08 | GJ13: =_xlfn.LET( _xlpm.r, $FQ13, _xlpm.rp, _xlfn.XLOOKUP($FM13,$DK$6:$DK$200,$DM$6:$DM$200, , -1), _xlpm.rn, _xlfn.XLOOKUP($FN13,$DK$6:$DK$200,$DM$6:$DM$200, , -1), _xlpm.xp, _xlfn.XLOOKUP($FM13,$DK$6:$DK$200,EG$6:EG$200, , -1), _xlpm.xn, _xlfn.XLOOKUP($FN13,$DK$6:$DK$200,EG$6:EG$200, , -1), (_xlpm.r - _xlpm.rp)/(_xlpm.rn - _xlpm.rp)*(_xlpm.xn - _xlpm.xp) + _xlpm.xp ) -> 2.0726097e+08 | GK13: =_xlfn.LET( _xlpm.r, $FQ13, _xlpm.rp, _xlfn.XLOOKUP($FM13,$DK$6:$DK$200,$DM$6:$DM$200, , -1), _xlpm.rn, _xlfn.XLOOKUP($FN13,$DK$6:$DK$200,$DM$6:$DM$200, , -1), _xlpm.xp, _xlfn.XLOOKUP($FM13,$DK$6:$DK$200,EH$6:EH$200, , -1), _xlpm.xn, _xlfn.XLOOKUP($FN13,$DK$6:$DK$200,EH$6:EH$200, , -1), (_xlpm.r - _xlpm.rp)/(_xlpm.rn - _xlpm.rp)*(_xlpm.xn - _xlpm.xp) + _xlpm.xp ) -> 0
A14: 0.18367347 | B14: 5.7426109 | C14: 0.16413076 | D14: =C14*180/PI() -> 9.4039999 | E14: 0.35160781 | F14: 21.489796 | G14: -0.24053559 | H14: 0 | I14: 10 | K14: 50.513008 | L14: 4.5242179 | M14: 30.313826 | N14: 10 | P14: -0.3845451 | Q14: 0.2121439 | R14: 10.53615 | S14: -13.90311 | T14: 10 | U14: =SQRT( (P14-P13)^2 + (Q14-Q13)^2 + (R14-R13)^2 ) + U13 -> 10.546463 | W14: =_xlfn.XLOOKUP(AK14, $U$5:$U$200, $T$5:$T$200, ,-1) -> 14 | X14: =W14+1 -> 15 | Y14: =_xlfn.LET( _xlpm.r, $AK14, _xlpm.rp, _xlfn.XLOOKUP($W14, $T$5:$T$200, $U$5:$U$200, , -1), _xlpm.rn, _xlfn.XLOOKUP($X14, $T$5:$T$200, $U$5:$U$200, , -1), _xlpm.xp, _xlfn.XLOOKUP($W14, $T$5:$T$200, P$5:P$200, , -1), _xlpm.xn, _xlfn.XLOOKUP($X14, $T$5:$T$200, P$5:P$200, , -1), (_xlpm.r - _xlpm.rp)/(_xlpm.rn - _xlpm.rp)*(_xlpm.xn - _xlpm.xp) + _xlpm.xp ) -> -0.68977192 | Z14: =_xlfn.LET( _xlpm.r, $AK14, _xlpm.rp, _xlfn.XLOOKUP($W14, $T$5:$T$200, $U$5:$U$200, , -1), _xlpm.rn, _xlfn.XLOOKUP($X14, $T$5:$T$200, $U$5:$U$200, , -1), _xlpm.xp, _xlfn.XLOOKUP($W14, $T$5:$T$200, Q$5:Q$200, , -1), _xlpm.xn, _xlfn.XLOOKUP($X14, $T$5:$T$200, Q$5:Q$200, , -1), (_xlpm.r - _xlpm.rp)/(_xlpm.rn - _xlpm.rp)*(_xlpm.xn - _xlpm.xp) + _xlpm.xp ) -> 0.34116288 | AA14: =_xlfn.LET( _xlpm.r, $AK14, _xlpm.rp, _xlfn.XLOOKUP($W14, $T$5:$T$200, $U$5:$U$200, , -1), _xlpm.rn, _xlfn.XLOOKUP($X14, $T$5:$T$200, $U$5:$U$200, , -1), _xlpm.xp, _xlfn.XLOOKUP($W14, $T$5:$T$200, R$5:R$200, , -1), _xlpm.xn, _xlfn.XLOOKUP($X14, $T$5:$T$200, R$5:R$200, , -1), (_xlpm.r - _xlpm.rp)/(_xlpm.rn - _xlpm.rp)*(_xlpm.xn - _xlpm.xp) + _xlpm.xp ) -> 17.558755 | AB14: =_xlfn.LET( _xlpm.r, $AK14, _xlpm.rp, _xlfn.XLOOKUP($W14, $T$5:$T$200, $U$5:$U$200, , -1), _xlpm.rn, _xlfn.XLOOKUP($X14, $T$5:$T$200, $U$5:$U$200, , -1), _xlpm.xp, _xlfn.XLOOKUP($W14, $T$5:$T$200, S$5:S$200, , -1), _xlpm.xn, _xlfn.XLOOKUP($X14, $T$5:$T$200, S$5:S$200, , -1), (_xlpm.r - _xlpm.rp)/(_xlpm.rn - _xlpm.rp)*(_xlpm.xn - _xlpm.xp) + _xlpm.xp ) -> -11.03284 | AD14: =_xlfn.XLOOKUP(AK14, $K$5:$K$200, $N$5:$N$200, ,-1) -> 4 | AE14: =AD14+1 -> 5 | AF14: =_xlfn.LET( _xlpm.r, $AK14, _xlpm.rp, _xlfn.XLOOKUP($AD14, $N$5:$N$200, $K$5:$K$200, , -1), _xlpm.rn, _xlfn.XLOOKUP($AE14, $N$5:$N$200, $K$5:$K$200, , -1), _xlpm.xp, _xlfn.XLOOKUP($AD14, $N$5:$N$200, L$5:L$200, , -1), _xlpm.xn, _xlfn.XLOOKUP($AE14, $N$5:$N$200, L$5:L$200, , -1), (_xlpm.r - _xlpm.rp)/(_xlpm.rn - _xlpm.rp)*(_xlpm.xn - _xlpm.xp) + _xlpm.xp ) -> 5.6438272 | AG14: =_xlfn.XLOOKUP(AA14, $F$5:$F$200, $I$5:$I$200, ,-1) -> 8 | AH14: =AG14+1 -> 9 | AI14: =_xlfn.LET( _xlpm.r, $AA14, _xlpm.rp, _xlfn.XLOOKUP($AG14, $I$5:$I$200, $F$5:$F$200, , -1), _xlpm.rn, _xlfn.XLOOKUP($AH14, $I$5:$I$200, $F$5:$F$200, , -1), _xlpm.xp, _xlfn.XLOOKUP($AG14, $I$5:$I$200, E$5:E$200, , -1), _xlpm.xn, _xlfn.XLOOKUP($AH14, $I$5:$I$200, E$5:E$200, , -1), (_xlpm.r - _xlpm.rp)/(_xlpm.rn - _xlpm.rp)*(_xlpm.xn - _xlpm.xp) + _xlpm.xp ) -> 0.375709 | AK14: 17.576917 | AL14: 1050.5803 | AM14: 0.11848604 | AN14: 0.022979524 | AO14: 0.95109579 | AP14: 1.6822735 | AQ14: 0.80909661 | AR14: 0.042160514 | AS14: 1.7434447e+10 | AT14: 2.599168e+09 | AU14: 1.5423875 | AV14: 2.8782925 | AW14: 3.1069015 | AX14: 0.71844763 | AY14: 0.28851894 | AZ14: 1.2418107 | BA14: -12.148812 | BB14: 0.22787449 | BC14: 0.010923026 | BD14: 9 | BE14: =AI14*AF14 - AF14/2 -> -0.70147693 | BF14: =Y14 -> -0.68977192 | BG14: =$BF14+AM14 -> -0.57128588 | BH14: =AN14 -> 0.022979524 | BI14: =$BF14+AQ14 -> 0.11932468 | BJ14: =AR14 -> 0.042160514 | BK14: =$BF14+BB14 -> -0.46189743 | BL14: =BC14 -> 0.010923026 | BN14: =-BF14 -> 0.68977192 | BO14: =-BG14 -> 0.57128588 | BP14: =BH14 -> 0.022979524 | BQ14: =-BI14 -> -0.11932468 | BR14: =BJ14 -> 0.042160514 | BS14: =-BK14 -> 0.46189743 | BT14: =BL14 -> 0.010923026 | BV14: =IF($BV$3=1, - AB14, 0) -> 11.03284 | BW14: =RADIANS(BV14) -> 0.19255938 | BX14: =BO14*COS($BW14) - BP14*SIN($BW14) -> 0.55632955 | BY14: =BO14*SIN($BW14) + BP14*COS($BW14) -> 0.1318827 | BZ14: =BQ14*COS($BW14) - BR14*SIN($BW14) -> -0.12518761 | CA14: =BQ14*SIN($BW14) + BR14*COS($BW14) -> 0.018545933 | CB14: =BS14*COS($BW14) - BT14*SIN($BW14) -> 0.45127013 | CC14: =BS14*SIN($BW14) + BT14*COS($BW14) -> 0.099115193 | CE14: =AO14^2 * $AL14 -> 950.3373 | CF14: =AP14^2 * $AL14 -> 2973.1888 | CG14: =$AS14*AU14 -> 2.6890673e+10 | CH14: =$AS14*AV14 -> 5.0181438e+10 | CI14: =AT14*AW14 -> 8.0753589e+09 | CJ14: =$AT14*$AZ14*AX14 -> 2.3189152e+09 | CK14: =$AT14*$AZ14*AY14 -> 9.3124527e+08 | CL14: =0.5*($CE14+$CF14)+0.5*($CE14-$CF14)*COS(-2*$BA14*PI()/180) - 0 -> 1039.929 | CM14: =0.5*($CE14+$CF14)-0.5*($CE14-$CF14)*COS(-2*$BA14*PI()/180) + 0 -> 2883.597 | CN14: =0.5*($CE14-$CF14)*SIN(-2*$BA14*PI()/180) + 0 -> -416.178 | CO14: =0.5*($CG14+$CH14)+0.5*($CG14-$CH14)*COS(-2*$BA14*PI()/180) - 0 -> 2.7922218e+10 | CP14: =0.5*($CG14+$CH14)-0.5*($CG14-$CH14)*COS(-2*$BA14*PI()/180) + 0 -> 4.9149894e+10 | CQ14: =0.5*($CG14-$CH14)*SIN(-2*$BA14*PI()/180) + 0 -> -4.7918021e+09 | CR14: =0.5*($CJ14+$CK14) + 0.5*($CJ14-$CK14)*COS(-2*$BA14*PI()/180) -> 2.2574555e+09 | CS14: =0.5*($CJ14+$CK14) - 0.5*($CJ14-$CK14)*COS(-2*$BA14*PI()/180) -> 9.9270493e+08 | CT14: =- 0.5*($CJ14-$CK14)*SIN(-2*$BA14*PI()/180) + 0 -> -2.8549684e+08 | CU14: =CL14 + $AL14*$BL14^2 * $CV$2 -> 1040.0544 | CV14: =CM14 + $AL14*$BK14^2 * $CV$2 -> 3107.7375 | CW14: =CN14 + $AL14*$BK14*$BL14 * $CV$2 -> -421.47851 | CX14: =CO14 + $DV14*$BL14^2 * $CV$2 -> 2.7924801e+10 | CY14: =CP14 + $DV14*$BK14^2 * $CV$2 -> 5.3768966e+10 | CZ14: =CQ14 + $DV14*$BK14*$BL14 * $CV$2 -> -4.9010347e+09 | DA14: =-CW14 -> 421.47851 | DB14: =-CZ14 -> 4.9010347e+09 | DC14: =-CT14 -> 2.8549684e+08 | DD14: =$DV14*BT14 -> 2.3648659e+08 | DE14: =$DV14*BS14 -> 1.000021e+10 | DF14: =CR14*BR14 -> 95175485 | DG14: =CS14*BQ14 -> -1.184542e+08 | DI14: =IF($DI$3=1,-AB14, 0) -> 11.03284 | DJ14: =RADIANS(DI14) -> 0.19255938 | DK14: 9 | DL14: =SQRT( (DM14-DM13)^2 + (DN14-DN13)^2 + (DO14-DO13)^2 ) + DL13 -> 17.56217 | DM14: =AA14 -> 17.558755 | DN14: 0 | DO14: =Z14 -> 0.34116288 | DP14: =AL14 -> 1050.5803 | DQ14: =BX14 -> 0.55632955 | DR14: =BY14 -> 0.1318827 | DS14: =0.5*($CU14+$CV14)+0.5*($CU14-$CV14)*COS(2*$DJ14) + $DA14*SIN(2*$DJ14) -> 1274.1158 | DT14: =0.5*($CU14+$CV14)-0.5*($CU14-$CV14)*COS(2*$DJ14) - $DA14*SIN(2*$DJ14) -> 2873.6761 | DU14: =- 0.5*($CU14-$CV14)*SIN(2*$DJ14) + $DA14*COS(2*$DJ14) -> 778.98926 | DV14: =AS14*AZ14 -> 2.1650283e+10 | DW14: =$DD14*COS($DJ14) + $DE14*SIN($DJ14) -> 2.145872e+09 | DX14: =- $DD14*SIN($DJ14) + $DE14*COS($DJ14) -> 9.7701259e+09 | DY14: =0.5*($CX14+$CY14)+0.5*($CX14-$CY14)*COS(2*$DJ14) + $DB14*SIN(2*$DJ14) -> 3.0712462e+10 | DZ14: =0.5*($CX14+$CY14)-0.5*($CX14-$CY14)*COS(2*$DJ14) - $DB14*SIN(2*$DJ14) -> 5.0981305e+10 | EA14: =- 0.5*($CX14-$CY14)*SIN(2*$DJ14) + $DB14*COS(2*$DJ14) -> 9.3964811e+09 | EB14: =CI14 -> 8.0753589e+09 | EC14: =0.5*($CR14+$CS14)+0.5*($CR14-$CS14)*COS(2*$DJ14) - $DC14*SIN(2*$DJ14) -> 2.1038841e+09 | ED14: =0.5*($CR14+$CS14)-0.5*($CR14-$CS14)*COS(2*$DJ14) + $DC14*SIN(2*$DJ14) -> 1.1462764e+09 | EE14: =0.5*($CR14-$CS14)*SIN(2*$DJ14) + $DC14*COS(2*$DJ14) -> 5.0214921e+08 | EF14: =$DF14*COS($DJ14) + $DG14*SIN($DJ14) -> 70747649 | EG14: =- $DF14*SIN($DJ14) + $DG14*COS($DJ14) -> -1.3447878e+08 | EH14: 0 | EJ14: =$DV14*BL14 -> 2.3648659e+08 | EK14: =$DV14*BK14 -> -1.000021e+10 | EL14: =CR14*BJ14 -> 95175485 | EM14: =CS14*BI14 -> 1.184542e+08 | EO14: =0.5*($CU14+$CV14)+0.5*($CU14-$CV14)*COS(2*$DJ14) - $CW14*SIN(2*$DJ14) -> 1274.1158 | EP14: =0.5*($CU14+$CV14)-0.5*($CU14-$CV14)*COS(2*$DJ14) + $CW14*SIN(2*$DJ14) -> 2873.6761 | EQ14: =0.5*($CU14-$CV14)*SIN(2*$DJ14) + $CW14*COS(2*$DJ14) -> -778.98926 | ER14: =-EQ14 -> 778.98926 | ES14: =$EJ14*COS($DJ14) - $EK14*SIN($DJ14) -> 2.145872e+09 | ET14: =$EJ14*SIN($DJ14) + $EK14*COS($DJ14) -> -9.7701259e+09 | EU14: =-ET14 -> 9.7701259e+09 | EV14: =0.5*($CX14+$CY14)+0.5*($CX14-$CY14)*COS(2*$DJ14) - $CZ14*SIN(2*$DJ14) -> 3.0712462e+10 | EW14: =0.5*($CX14+$CY14)-0.5*($CX14-$CY14)*COS(2*$DJ14) + $CZ14*SIN(2*$DJ14) -> 5.0981305e+10 | EX14: =0.5*($CX14-$CY14)*SIN(2*$DJ14) + $CZ14*COS(2*$DJ14) -> -9.3964811e+09 | EY14: =-EX14 -> 9.3964811e+09 | EZ14: =0.5*($CR14+$CS14)+0.5*($CR14-$CS14)*COS(2*$DJ14) + $CT14*SIN(2*$DJ14) -> 2.1038841e+09 | FA14: =0.5*($CR14+$CS14)-0.5*($CR14-$CS14)*COS(2*$DJ14) - $CT14*SIN(2*$DJ14) -> 1.1462764e+09 | FB14: =- 0.5*($CR14-$CS14)*SIN(2*$DJ14) + $CT14*COS(2*$DJ14) -> -5.0214921e+08 | FC14: =-FB14 -> 5.0214921e+08 | FD14: =$EL14*COS($DJ14) - $EM14*SIN($DJ14) -> 70747649 | FE14: =$EL14*SIN($DJ14) + $EM14*COS($DJ14) -> 1.3447878e+08 | FF14: =-FE14 -> -1.3447878e+08 | FH14: =$DV14*CC14 -> 2.145872e+09 | FI14: =$DV14*CB14 -> 9.7701259e+09 | FJ14: =EZ14*CA14 -> 39018494 | FK14: =FA14*BZ14 -> -1.434996e+08 | FM14: =_xlfn.XLOOKUP(FQ14,$DM$6:$DM$200,$DK$6:$DK$200, ,-1) -> 8 | FN14: =FM14+1 -> 9 | FP14: 9 | FQ14: 17.55 | FR14: =_xlfn.LET( _xlpm.r, $FQ14, _xlpm.rp, _xlfn.XLOOKUP($FM14,$DK$6:$DK$200,$DM$6:$DM$200, , -1), _xlpm.rn, _xlfn.XLOOKUP($FN14,$DK$6:$DK$200,$DM$6:$DM$200, , -1), _xlpm.xp, _xlfn.XLOOKUP($FM14,$DK$6:$DK$200,DN$6:DN$200, , -1), _xlpm.xn, _xlfn.XLOOKUP($FN14,$DK$6:$DK$200,DN$6:DN$200, , -1), (_xlpm.r - _xlpm.rp)/(_xlpm.rn - _xlpm.rp)*(_xlpm.xn - _xlpm.xp) + _xlpm.xp ) -> 0 | FS14: =_xlfn.LET( _xlpm.r, $FQ14, _xlpm.rp, _xlfn.XLOOKUP($FM14,$DK$6:$DK$200,$DM$6:$DM$200, , -1), _xlpm.rn, _xlfn.XLOOKUP($FN14,$DK$6:$DK$200,$DM$6:$DM$200, , -1), _xlpm.xp, _xlfn.XLOOKUP($FM14,$DK$6:$DK$200,DO$6:DO$200, , -1), _xlpm.xn, _xlfn.XLOOKUP($FN14,$DK$6:$DK$200,DO$6:DO$200, , -1), (_xlpm.r - _xlpm.rp)/(_xlpm.rn - _xlpm.rp)*(_xlpm.xn - _xlpm.xp) + _xlpm.xp ) -> 0.3410092 | FT14: =_xlfn.LET( _xlpm.r, $FQ14, _xlpm.rp, _xlfn.XLOOKUP($FM14,$DK$6:$DK$200,$DM$6:$DM$200, , -1), _xlpm.rn, _xlfn.XLOOKUP($FN14,$DK$6:$DK$200,$DM$6:$DM$200, , -1), _xlpm.xp, _xlfn.XLOOKUP($FM14,$DK$6:$DK$200,DP$6:DP$200, , -1), _xlpm.xn, _xlfn.XLOOKUP($FN14,$DK$6:$DK$200,DP$6:DP$200, , -1), (_xlpm.r - _xlpm.rp)/(_xlpm.rn - _xlpm.rp)*(_xlpm.xn - _xlpm.xp) + _xlpm.xp ) -> 1051.5417 | FU14: =_xlfn.LET( _xlpm.r, $FQ14, _xlpm.rp, _xlfn.XLOOKUP($FM14,$DK$6:$DK$200,$DM$6:$DM$200, , -1), _xlpm.rn, _xlfn.XLOOKUP($FN14,$DK$6:$DK$200,$DM$6:$DM$200, , -1), _xlpm.xp, _xlfn.XLOOKUP($FM14,$DK$6:$DK$200,DQ$6:DQ$200, , -1), _xlpm.xn, _xlfn.XLOOKUP($FN14,$DK$6:$DK$200,DQ$6:DQ$200, , -1), (_xlpm.r - _xlpm.rp)/(_xlpm.rn - _xlpm.rp)*(_xlpm.xn - _xlpm.xp) + _xlpm.xp ) -> 0.55592511 | FV14: =_xlfn.LET( _xlpm.r, $FQ14, _xlpm.rp, _xlfn.XLOOKUP($FM14,$DK$6:$DK$200,$DM$6:$DM$200, , -1), _xlpm.rn, _xlfn.XLOOKUP($FN14,$DK$6:$DK$200,$DM$6:$DM$200, , -1), _xlpm.xp, _xlfn.XLOOKUP($FM14,$DK$6:$DK$200,DR$6:DR$200, , -1), _xlpm.xn, _xlfn.XLOOKUP($FN14,$DK$6:$DK$200,DR$6:DR$200, , -1), (_xlpm.r - _xlpm.rp)/(_xlpm.rn - _xlpm.rp)*(_xlpm.xn - _xlpm.xp) + _xlpm.xp ) -> 0.13182103 | FW14: =_xlfn.LET( _xlpm.r, $FQ14, _xlpm.rp, _xlfn.XLOOKUP($FM14,$DK$6:$DK$200,$DM$6:$DM$200, , -1), _xlpm.rn, _xlfn.XLOOKUP($FN14,$DK$6:$DK$200,$DM$6:$DM$200, , -1), _xlpm.xp, _xlfn.XLOOKUP($FM14,$DK$6:$DK$200,DS$6:DS$200, , -1), _xlpm.xn, _xlfn.XLOOKUP($FN14,$DK$6:$DK$200,DS$6:DS$200, , -1), (_xlpm.r - _xlpm.rp)/(_xlpm.rn - _xlpm.rp)*(_xlpm.xn - _xlpm.xp) + _xlpm.xp ) -> 1277.121 | FX14: =_xlfn.LET( _xlpm.r, $FQ14, _xlpm.rp, _xlfn.XLOOKUP($FM14,$DK$6:$DK$200,$DM$6:$DM$200, , -1), _xlpm.rn, _xlfn.XLOOKUP($FN14,$DK$6:$DK$200,$DM$6:$DM$200, , -1), _xlpm.xp, _xlfn.XLOOKUP($FM14,$DK$6:$DK$200,DT$6:DT$200, , -1), _xlpm.xn, _xlfn.XLOOKUP($FN14,$DK$6:$DK$200,DT$6:DT$200, , -1), (_xlpm.r - _xlpm.rp)/(_xlpm.rn - _xlpm.rp)*(_xlpm.xn - _xlpm.xp) + _xlpm.xp ) -> 2875.908 | FY14: =_xlfn.LET( _xlpm.r, $FQ14, _xlpm.rp, _xlfn.XLOOKUP($FM14,$DK$6:$DK$200,$DM$6:$DM$200, , -1), _xlpm.rn, _xlfn.XLOOKUP($FN14,$DK$6:$DK$200,$DM$6:$DM$200, , -1), _xlpm.xp, _xlfn.XLOOKUP($FM14,$DK$6:$DK$200,DU$6:DU$200, , -1), _xlpm.xn, _xlfn.XLOOKUP($FN14,$DK$6:$DK$200,DU$6:DU$200, , -1), (_xlpm.r - _xlpm.rp)/(_xlpm.rn - _xlpm.rp)*(_xlpm.xn - _xlpm.xp) + _xlpm.xp ) -> 779.1647 | ... GH14: =_xlfn.LET( _xlpm.r, $FQ14, _xlpm.rp, _xlfn.XLOOKUP($FM14,$DK$6:$DK$200,$DM$6:$DM$200, , -1), _xlpm.rn, _xlfn.XLOOKUP($FN14,$DK$6:$DK$200,$DM$6:$DM$200, , -1), _xlpm.xp, _xlfn.XLOOKUP($FM14,$DK$6:$DK$200,ED$6:ED$200, , -1), _xlpm.xn, _xlfn.XLOOKUP($FN14,$DK$6:$DK$200,ED$6:ED$200, , -1), (_xlpm.r - _xlpm.rp)/(_xlpm.rn - _xlpm.rp)*(_xlpm.xn - _xlpm.xp) + _xlpm.xp ) -> 1.148773e+09 | GI14: =_xlfn.LET( _xlpm.r, $FQ14, _xlpm.rp, _xlfn.XLOOKUP($FM14,$DK$6:$DK$200,$DM$6:$DM$200, , -1), _xlpm.rn, _xlfn.XLOOKUP($FN14,$DK$6:$DK$200,$DM$6:$DM$200, , -1), _xlpm.xp, _xlfn.XLOOKUP($FM14,$DK$6:$DK$200,EF$6:EF$200, , -1), _xlpm.xn, _xlfn.XLOOKUP($FN14,$DK$6:$DK$200,EF$6:EF$200, , -1), (_xlpm.r - _xlpm.rp)/(_xlpm.rn - _xlpm.rp)*(_xlpm.xn - _xlpm.xp) + _xlpm.xp ) -> 70877677 | GJ14: =_xlfn.LET( _xlpm.r, $FQ14, _xlpm.rp, _xlfn.XLOOKUP($FM14,$DK$6:$DK$200,$DM$6:$DM$200, , -1), _xlpm.rn, _xlfn.XLOOKUP($FN14,$DK$6:$DK$200,$DM$6:$DM$200, , -1), _xlpm.xp, _xlfn.XLOOKUP($FM14,$DK$6:$DK$200,EG$6:EG$200, , -1), _xlpm.xn, _xlfn.XLOOKUP($FN14,$DK$6:$DK$200,EG$6:EG$200, , -1), (_xlpm.r - _xlpm.rp)/(_xlpm.rn - _xlpm.rp)*(_xlpm.xn - _xlpm.xp) + _xlpm.xp ) -> -1.3396786e+08 | GK14: =_xlfn.LET( _xlpm.r, $FQ14, _xlpm.rp, _xlfn.XLOOKUP($FM14,$DK$6:$DK$200,$DM$6:$DM$200, , -1), _xlpm.rn, _xlfn.XLOOKUP($FN14,$DK$6:$DK$200,$DM$6:$DM$200, , -1), _xlpm.xp, _xlfn.XLOOKUP($FM14,$DK$6:$DK$200,EH$6:EH$200, , -1), _xlpm.xn, _xlfn.XLOOKUP($FN14,$DK$6:$DK$200,EH$6:EH$200, , -1), (_xlpm.r - _xlpm.rp)/(_xlpm.rn - _xlpm.rp)*(_xlpm.xn - _xlpm.xp) + _xlpm.xp ) -> 0
A15: 0.20408163 | B15: 5.7648368 | C15: 0.14925222 | D15: =C15*180/PI() -> 8.5515222 | E15: 0.34008443 | F15: 23.877551 | G15: -0.24886599 | H15: 0 | I15: 11 | K15: 57.016011 | L15: 4.2216324 | M15: 28.608502 | N15: 11 | P15: -0.437339 | Q15: 0.2384463 | R15: 11.7065 | S15: -13.4809 | T15: 11 | U15: =SQRT( (P15-P14)^2 + (Q15-Q14)^2 + (R15-R14)^2 ) + U14 -> 11.718298 | W15: =_xlfn.XLOOKUP(AK15, $U$5:$U$200, $T$5:$T$200, ,-1) -> 16 | X15: =W15+1 -> 17 | Y15: =_xlfn.LET( _xlpm.r, $AK15, _xlpm.rp, _xlfn.XLOOKUP($W15, $T$5:$T$200, $U$5:$U$200, , -1), _xlpm.rn, _xlfn.XLOOKUP($X15, $T$5:$T$200, $U$5:$U$200, , -1), _xlpm.xp, _xlfn.XLOOKUP($W15, $T$5:$T$200, P$5:P$200, , -1), _xlpm.xn, _xlfn.XLOOKUP($X15, $T$5:$T$200, P$5:P$200, , -1), (_xlpm.r - _xlpm.rp)/(_xlpm.rn - _xlpm.rp)*(_xlpm.xn - _xlpm.xp) + _xlpm.xp ) -> -0.89874328 | Z15: =_xlfn.LET( _xlpm.r, $AK15, _xlpm.rp, _xlfn.XLOOKUP($W15, $T$5:$T$200, $U$5:$U$200, , -1), _xlpm.rn, _xlfn.XLOOKUP($X15, $T$5:$T$200, $U$5:$U$200, , -1), _xlpm.xp, _xlfn.XLOOKUP($W15, $T$5:$T$200, Q$5:Q$200, , -1), _xlpm.xn, _xlfn.XLOOKUP($X15, $T$5:$T$200, Q$5:Q$200, , -1), (_xlpm.r - _xlpm.rp)/(_xlpm.rn - _xlpm.rp)*(_xlpm.xn - _xlpm.xp) + _xlpm.xp ) -> 0.38515865 | AA15: =_xlfn.LET( _xlpm.r, $AK15, _xlpm.rp, _xlfn.XLOOKUP($W15, $T$5:$T$200, $U$5:$U$200, , -1), _xlpm.rn, _xlfn.XLOOKUP($X15, $T$5:$T$200, $U$5:$U$200, , -1), _xlpm.xp, _xlfn.XLOOKUP($W15, $T$5:$T$200, R$5:R$200, , -1), _xlpm.xn, _xlfn.XLOOKUP($X15, $T$5:$T$200, R$5:R$200, , -1), (_xlpm.r - _xlpm.rp)/(_xlpm.rn - _xlpm.rp)*(_xlpm.xn - _xlpm.xp) + _xlpm.xp ) -> 23.413742 | AB15: =_xlfn.LET( _xlpm.r, $AK15, _xlpm.rp, _xlfn.XLOOKUP($W15, $T$5:$T$200, $U$5:$U$200, , -1), _xlpm.rn, _xlfn.XLOOKUP($X15, $T$5:$T$200, $U$5:$U$200, , -1), _xlpm.xp, _xlfn.XLOOKUP($W15, $T$5:$T$200, S$5:S$200, , -1), _xlpm.xn, _xlfn.XLOOKUP($X15, $T$5:$T$200, S$5:S$200, , -1), (_xlpm.r - _xlpm.rp)/(_xlpm.rn - _xlpm.rp)*(_xlpm.xn - _xlpm.xp) + _xlpm.xp ) -> -8.7171287 | AD15: =_xlfn.XLOOKUP(AK15, $K$5:$K$200, $N$5:$N$200, ,-1) -> 5 | AE15: =AD15+1 -> 6 | AF15: =_xlfn.LET( _xlpm.r, $AK15, _xlpm.rp, _xlfn.XLOOKUP($AD15, $N$5:$N$200, $K$5:$K$200, , -1), _xlpm.rn, _xlfn.XLOOKUP($AE15, $N$5:$N$200, $K$5:$K$200, , -1), _xlpm.xp, _xlfn.XLOOKUP($AD15, $N$5:$N$200, L$5:L$200, , -1), _xlpm.xn, _xlfn.XLOOKUP($AE15, $N$5:$N$200, L$5:L$200, , -1), (_xlpm.r - _xlpm.rp)/(_xlpm.rn - _xlpm.rp)*(_xlpm.xn - _xlpm.xp) + _xlpm.xp ) -> 5.7481476 | AG15: =_xlfn.XLOOKUP(AA15, $F$5:$F$200, $I$5:$I$200, ,-1) -> 10 | AH15: =AG15+1 -> 11 | AI15: =_xlfn.LET( _xlpm.r, $AA15, _xlpm.rp, _xlfn.XLOOKUP($AG15, $I$5:$I$200, $F$5:$F$200, , -1), _xlpm.rn, _xlfn.XLOOKUP($AH15, $I$5:$I$200, $F$5:$F$200, , -1), _xlpm.xp, _xlfn.XLOOKUP($AG15, $I$5:$I$200, E$5:E$200, , -1), _xlpm.xn, _xlfn.XLOOKUP($AH15, $I$5:$I$200, E$5:E$200, , -1), (_xlpm.r - _xlpm.rp)/(_xlpm.rn - _xlpm.rp)*(_xlpm.xn - _xlpm.xp) + _xlpm.xp ) -> 0.34232279 | AK15: 23.43589 | AL15: 668.16759 | AM15: 0.1325207 | AN15: 0.029877098 | AO15: 0.84089545 | AP15: 1.6630133 | AQ15: 0.99647378 | AR15: 0.061322628 | AS15: 2.0627464e+10 | AT15: 2.0389726e+09 | AU15: 1.0184901 | AV15: 1.7319464 | AW15: 1.3531493 | AX15: 0.48898323 | AY15: 0.22937211 | AZ15: 0.97074181 | BA15: -13.15361 | BB15: 0.45997933 | BC15: 0.015249504 | BD15: 10 | BE15: =AI15*AF15 - AF15/2 -> -0.90635189 | BF15: =Y15 -> -0.89874328 | BG15: =$BF15+AM15 -> -0.76622258 | BH15: =AN15 -> 0.029877098 | BI15: =$BF15+AQ15 -> 0.097730508 | BJ15: =AR15 -> 0.061322628 | BK15: =$BF15+BB15 -> -0.43876395 | BL15: =BC15 -> 0.015249504 | BN15: =-BF15 -> 0.89874328 | BO15: =-BG15 -> 0.76622258 | BP15: =BH15 -> 0.029877098 | BQ15: =-BI15 -> -0.097730508 | BR15: =BJ15 -> 0.061322628 | BS15: =-BK15 -> 0.43876395 | BT15: =BL15 -> 0.015249504 | BV15: =IF($BV$3=1, - AB15, 0) -> 8.7171287 | BW15: =RADIANS(BV15) -> 0.1521426 | BX15: =BO15*COS($BW15) - BP15*SIN($BW15) -> 0.75284359 | BY15: =BO15*SIN($BW15) + BP15*COS($BW15) -> 0.14565786 | BZ15: =BQ15*COS($BW15) - BR15*SIN($BW15) -> -0.10589542 | CA15: =BQ15*SIN($BW15) + BR15*COS($BW15) -> 0.045802591 | CB15: =BS15*COS($BW15) - BT15*SIN($BW15) -> 0.43138446 | CC15: =BS15*SIN($BW15) + BT15*COS($BW15) -> 0.081570803 | CE15: =AO15^2 * $AL15 -> 472.46476 | CF15: =AP15^2 * $AL15 -> 1847.8931 | CG15: =$AS15*AU15 -> 2.1008868e+10 | CH15: =$AS15*AV15 -> 3.5725662e+10 | CI15: =AT15*AW15 -> 2.7590343e+09 | CJ15: =$AT15*$AZ15*AX15 -> 9.678523e+08 | CK15: =$AT15*$AZ15*AY15 -> 4.5399988e+08 | CL15: =0.5*($CE15+$CF15)+0.5*($CE15-$CF15)*COS(-2*$BA15*PI()/180) - 0 -> 543.69091 | CM15: =0.5*($CE15+$CF15)-0.5*($CE15-$CF15)*COS(-2*$BA15*PI()/180) + 0 -> 1776.667 | CN15: =0.5*($CE15-$CF15)*SIN(-2*$BA15*PI()/180) + 0 -> -304.78404 | CO15: =0.5*($CG15+$CH15)+0.5*($CG15-$CH15)*COS(-2*$BA15*PI()/180) - 0 -> 2.1770973e+10 | CP15: =0.5*($CG15+$CH15)-0.5*($CG15-$CH15)*COS(-2*$BA15*PI()/180) + 0 -> 3.4963557e+10 | CQ15: =0.5*($CG15-$CH15)*SIN(-2*$BA15*PI()/180) + 0 -> -3.2611251e+09 | CR15: =0.5*($CJ15+$CK15) + 0.5*($CJ15-$CK15)*COS(-2*$BA15*PI()/180) -> 9.412426e+08 | CS15: =0.5*($CJ15+$CK15) - 0.5*($CJ15-$CK15)*COS(-2*$BA15*PI()/180) -> 4.8060958e+08 | CT15: =- 0.5*($CJ15-$CK15)*SIN(-2*$BA15*PI()/180) + 0 -> -1.1386563e+08 | CU15: =CL15 + $AL15*$BL15^2 * $CV$2 -> 543.84629 | CV15: =CM15 + $AL15*$BK15^2 * $CV$2 -> 1905.2985 | CW15: =CN15 + $AL15*$BK15*$BL15 * $CV$2 -> -309.2547 | CX15: =CO15 + $DV15*$BL15^2 * $CV$2 -> 2.1775629e+10 | CY15: =CP15 + $DV15*$BK15^2 * $CV$2 -> 3.8818442e+10 | CZ15: =CQ15 + $DV15*$BK15*$BL15 * $CV$2 -> -3.3951039e+09 | DA15: =-CW15 -> 309.2547 | DB15: =-CZ15 -> 3.3951039e+09 | DC15: =-CT15 -> 1.1386563e+08 | DD15: =$DV15*BT15 -> 3.0535519e+08 | DE15: =$DV15*BS15 -> 8.7857838e+09 | DF15: =CR15*BR15 -> 57719470 | DG15: =CS15*BQ15 -> -46970218 | DI15: =IF($DI$3=1,-AB15, 0) -> 8.7171287 | DJ15: =RADIANS(DI15) -> 0.1521426 | DK15: 10 | DL15: =SQRT( (DM15-DM14)^2 + (DN15-DN14)^2 + (DO15-DO14)^2 ) + DL14 -> 23.417322 | DM15: =AA15 -> 23.413742 | DN15: 0 | DO15: =Z15 -> 0.38515865 | DP15: =AL15 -> 668.16759 | DQ15: =BX15 -> 0.75284359 | DR15: =BY15 -> 0.14565786 | DS15: =0.5*($CU15+$CV15)+0.5*($CU15-$CV15)*COS(2*$DJ15) + $DA15*SIN(2*$DJ15) -> 667.77412 | DT15: =0.5*($CU15+$CV15)-0.5*($CU15-$CV15)*COS(2*$DJ15) - $DA15*SIN(2*$DJ15) -> 1781.3706 | DU15: =- 0.5*($CU15-$CV15)*SIN(2*$DJ15) + $DA15*COS(2*$DJ15) -> 499.00118 | DV15: =AS15*AZ15 -> 2.0023942e+10 | DW15: =$DD15*COS($DJ15) + $DE15*SIN($DJ15) -> 1.633369e+09 | DX15: =- $DD15*SIN($DJ15) + $DE15*COS($DJ15) -> 8.6380174e+09 | DY15: =0.5*($CX15+$CY15)+0.5*($CX15-$CY15)*COS(2*$DJ15) + $DB15*SIN(2*$DJ15) -> 2.3184302e+10 | DZ15: =0.5*($CX15+$CY15)-0.5*($CX15-$CY15)*COS(2*$DJ15) - $DB15*SIN(2*$DJ15) -> 3.7409769e+10 | EA15: =- 0.5*($CX15-$CY15)*SIN(2*$DJ15) + $DB15*COS(2*$DJ15) -> 5.792247e+09 | EB15: =CI15 -> 2.7590343e+09 | EC15: =0.5*($CR15+$CS15)+0.5*($CR15-$CS15)*COS(2*$DJ15) - $DC15*SIN(2*$DJ15) -> 8.9654675e+08 | ED15: =0.5*($CR15+$CS15)-0.5*($CR15-$CS15)*COS(2*$DJ15) + $DC15*SIN(2*$DJ15) -> 5.2530543e+08 | EE15: =0.5*($CR15-$CS15)*SIN(2*$DJ15) + $DC15*COS(2*$DJ15) -> 1.7764022e+08 | EF15: =$DF15*COS($DJ15) + $DG15*SIN($DJ15) -> 49934097 | EG15: =- $DF15*SIN($DJ15) + $DG15*COS($DJ15) -> -55175398 | EH15: 0 | EJ15: =$DV15*BL15 -> 3.0535519e+08 | EK15: =$DV15*BK15 -> -8.7857838e+09 | EL15: =CR15*BJ15 -> 57719470 | EM15: =CS15*BI15 -> 46970218 | EO15: =0.5*($CU15+$CV15)+0.5*($CU15-$CV15)*COS(2*$DJ15) - $CW15*SIN(2*$DJ15) -> 667.77412 | EP15: =0.5*($CU15+$CV15)-0.5*($CU15-$CV15)*COS(2*$DJ15) + $CW15*SIN(2*$DJ15) -> 1781.3706 | EQ15: =0.5*($CU15-$CV15)*SIN(2*$DJ15) + $CW15*COS(2*$DJ15) -> -499.00118 | ER15: =-EQ15 -> 499.00118 | ES15: =$EJ15*COS($DJ15) - $EK15*SIN($DJ15) -> 1.633369e+09 | ET15: =$EJ15*SIN($DJ15) + $EK15*COS($DJ15) -> -8.6380174e+09 | EU15: =-ET15 -> 8.6380174e+09 | EV15: =0.5*($CX15+$CY15)+0.5*($CX15-$CY15)*COS(2*$DJ15) - $CZ15*SIN(2*$DJ15) -> 2.3184302e+10 | EW15: =0.5*($CX15+$CY15)-0.5*($CX15-$CY15)*COS(2*$DJ15) + $CZ15*SIN(2*$DJ15) -> 3.7409769e+10 | EX15: =0.5*($CX15-$CY15)*SIN(2*$DJ15) + $CZ15*COS(2*$DJ15) -> -5.792247e+09 | EY15: =-EX15 -> 5.792247e+09 | EZ15: =0.5*($CR15+$CS15)+0.5*($CR15-$CS15)*COS(2*$DJ15) + $CT15*SIN(2*$DJ15) -> 8.9654675e+08 | FA15: =0.5*($CR15+$CS15)-0.5*($CR15-$CS15)*COS(2*$DJ15) - $CT15*SIN(2*$DJ15) -> 5.2530543e+08 | FB15: =- 0.5*($CR15-$CS15)*SIN(2*$DJ15) + $CT15*COS(2*$DJ15) -> -1.7764022e+08 | FC15: =-FB15 -> 1.7764022e+08 | FD15: =$EL15*COS($DJ15) - $EM15*SIN($DJ15) -> 49934097 | FE15: =$EL15*SIN($DJ15) + $EM15*COS($DJ15) -> 55175398 | FF15: =-FE15 -> -55175398 | FH15: =$DV15*CC15 -> 1.633369e+09 | FI15: =$DV15*CB15 -> 8.6380174e+09 | FJ15: =EZ15*CA15 -> 41064164 | FK15: =FA15*BZ15 -> -55627438 | FM15: =_xlfn.XLOOKUP(FQ15,$DM$6:$DM$200,$DK$6:$DK$200, ,-1) -> 9 | FN15: =FM15+1 -> 10 | FP15: 10 | FQ15: 23.4 | FR15: =_xlfn.LET( _xlpm.r, $FQ15, _xlpm.rp, _xlfn.XLOOKUP($FM15,$DK$6:$DK$200,$DM$6:$DM$200, , -1), _xlpm.rn, _xlfn.XLOOKUP($FN15,$DK$6:$DK$200,$DM$6:$DM$200, , -1), _xlpm.xp, _xlfn.XLOOKUP($FM15,$DK$6:$DK$200,DN$6:DN$200, , -1), _xlpm.xn, _xlfn.XLOOKUP($FN15,$DK$6:$DK$200,DN$6:DN$200, , -1), (_xlpm.r - _xlpm.rp)/(_xlpm.rn - _xlpm.rp)*(_xlpm.xn - _xlpm.xp) + _xlpm.xp ) -> 0 | FS15: =_xlfn.LET( _xlpm.r, $FQ15, _xlpm.rp, _xlfn.XLOOKUP($FM15,$DK$6:$DK$200,$DM$6:$DM$200, , -1), _xlpm.rn, _xlfn.XLOOKUP($FN15,$DK$6:$DK$200,$DM$6:$DM$200, , -1), _xlpm.xp, _xlfn.XLOOKUP($FM15,$DK$6:$DK$200,DO$6:DO$200, , -1), _xlpm.xn, _xlfn.XLOOKUP($FN15,$DK$6:$DK$200,DO$6:DO$200, , -1), (_xlpm.r - _xlpm.rp)/(_xlpm.rn - _xlpm.rp)*(_xlpm.xn - _xlpm.xp) + _xlpm.xp ) -> 0.38505539 | FT15: =_xlfn.LET( _xlpm.r, $FQ15, _xlpm.rp, _xlfn.XLOOKUP($FM15,$DK$6:$DK$200,$DM$6:$DM$200, , -1), _xlpm.rn, _xlfn.XLOOKUP($FN15,$DK$6:$DK$200,$DM$6:$DM$200, , -1), _xlpm.xp, _xlfn.XLOOKUP($FM15,$DK$6:$DK$200,DP$6:DP$200, , -1), _xlpm.xn, _xlfn.XLOOKUP($FN15,$DK$6:$DK$200,DP$6:DP$200, , -1), (_xlpm.r - _xlpm.rp)/(_xlpm.rn - _xlpm.rp)*(_xlpm.xn - _xlpm.xp) + _xlpm.xp ) -> 669.06516 | FU15: =_xlfn.LET( _xlpm.r, $FQ15, _xlpm.rp, _xlfn.XLOOKUP($FM15,$DK$6:$DK$200,$DM$6:$DM$200, , -1), _xlpm.rn, _xlfn.XLOOKUP($FN15,$DK$6:$DK$200,$DM$6:$DM$200, , -1), _xlpm.xp, _xlfn.XLOOKUP($FM15,$DK$6:$DK$200,DQ$6:DQ$200, , -1), _xlpm.xn, _xlfn.XLOOKUP($FN15,$DK$6:$DK$200,DQ$6:DQ$200, , -1), (_xlpm.r - _xlpm.rp)/(_xlpm.rn - _xlpm.rp)*(_xlpm.xn - _xlpm.xp) + _xlpm.xp ) -> 0.75238235 | FV15: =_xlfn.LET( _xlpm.r, $FQ15, _xlpm.rp, _xlfn.XLOOKUP($FM15,$DK$6:$DK$200,$DM$6:$DM$200, , -1), _xlpm.rn, _xlfn.XLOOKUP($FN15,$DK$6:$DK$200,$DM$6:$DM$200, , -1), _xlpm.xp, _xlfn.XLOOKUP($FM15,$DK$6:$DK$200,DR$6:DR$200, , -1), _xlpm.xn, _xlfn.XLOOKUP($FN15,$DK$6:$DK$200,DR$6:DR$200, , -1), (_xlpm.r - _xlpm.rp)/(_xlpm.rn - _xlpm.rp)*(_xlpm.xn - _xlpm.xp) + _xlpm.xp ) -> 0.14562552 | FW15: =_xlfn.LET( _xlpm.r, $FQ15, _xlpm.rp, _xlfn.XLOOKUP($FM15,$DK$6:$DK$200,$DM$6:$DM$200, , -1), _xlpm.rn, _xlfn.XLOOKUP($FN15,$DK$6:$DK$200,$DM$6:$DM$200, , -1), _xlpm.xp, _xlfn.XLOOKUP($FM15,$DK$6:$DK$200,DS$6:DS$200, , -1), _xlpm.xn, _xlfn.XLOOKUP($FN15,$DK$6:$DK$200,DS$6:DS$200, , -1), (_xlpm.r - _xlpm.rp)/(_xlpm.rn - _xlpm.rp)*(_xlpm.xn - _xlpm.xp) + _xlpm.xp ) -> 669.19728 | FX15: =_xlfn.LET( _xlpm.r, $FQ15, _xlpm.rp, _xlfn.XLOOKUP($FM15,$DK$6:$DK$200,$DM$6:$DM$200, , -1), _xlpm.rn, _xlfn.XLOOKUP($FN15,$DK$6:$DK$200,$DM$6:$DM$200, , -1), _xlpm.xp, _xlfn.XLOOKUP($FM15,$DK$6:$DK$200,DT$6:DT$200, , -1), _xlpm.xn, _xlfn.XLOOKUP($FN15,$DK$6:$DK$200,DT$6:DT$200, , -1), (_xlpm.r - _xlpm.rp)/(_xlpm.rn - _xlpm.rp)*(_xlpm.xn - _xlpm.xp) + _xlpm.xp ) -> 1783.9344 | FY15: =_xlfn.LET( _xlpm.r, $FQ15, _xlpm.rp, _xlfn.XLOOKUP($FM15,$DK$6:$DK$200,$DM$6:$DM$200, , -1), _xlpm.rn, _xlfn.XLOOKUP($FN15,$DK$6:$DK$200,$DM$6:$DM$200, , -1), _xlpm.xp, _xlfn.XLOOKUP($FM15,$DK$6:$DK$200,DU$6:DU$200, , -1), _xlpm.xn, _xlfn.XLOOKUP($FN15,$DK$6:$DK$200,DU$6:DU$200, , -1), (_xlpm.r - _xlpm.rp)/(_xlpm.rn - _xlpm.rp)*(_xlpm.xn - _xlpm.xp) + _xlpm.xp ) -> 499.65835 | ... GH15: =_xlfn.LET( _xlpm.r, $FQ15, _xlpm.rp, _xlfn.XLOOKUP($FM15,$DK$6:$DK$200,$DM$6:$DM$200, , -1), _xlpm.rn, _xlfn.XLOOKUP($FN15,$DK$6:$DK$200,$DM$6:$DM$200, , -1), _xlpm.xp, _xlfn.XLOOKUP($FM15,$DK$6:$DK$200,ED$6:ED$200, , -1), _xlpm.xn, _xlfn.XLOOKUP($FN15,$DK$6:$DK$200,ED$6:ED$200, , -1), (_xlpm.r - _xlpm.rp)/(_xlpm.rn - _xlpm.rp)*(_xlpm.xn - _xlpm.xp) + _xlpm.xp ) -> 5.2676292e+08 | GI15: =_xlfn.LET( _xlpm.r, $FQ15, _xlpm.rp, _xlfn.XLOOKUP($FM15,$DK$6:$DK$200,$DM$6:$DM$200, , -1), _xlpm.rn, _xlfn.XLOOKUP($FN15,$DK$6:$DK$200,$DM$6:$DM$200, , -1), _xlpm.xp, _xlfn.XLOOKUP($FM15,$DK$6:$DK$200,EF$6:EF$200, , -1), _xlpm.xn, _xlfn.XLOOKUP($FN15,$DK$6:$DK$200,EF$6:EF$200, , -1), (_xlpm.r - _xlpm.rp)/(_xlpm.rn - _xlpm.rp)*(_xlpm.xn - _xlpm.xp) + _xlpm.xp ) -> 49982949 | GJ15: =_xlfn.LET( _xlpm.r, $FQ15, _xlpm.rp, _xlfn.XLOOKUP($FM15,$DK$6:$DK$200,$DM$6:$DM$200, , -1), _xlpm.rn, _xlfn.XLOOKUP($FN15,$DK$6:$DK$200,$DM$6:$DM$200, , -1), _xlpm.xp, _xlfn.XLOOKUP($FM15,$DK$6:$DK$200,EG$6:EG$200, , -1), _xlpm.xn, _xlfn.XLOOKUP($FN15,$DK$6:$DK$200,EG$6:EG$200, , -1), (_xlpm.r - _xlpm.rp)/(_xlpm.rn - _xlpm.rp)*(_xlpm.xn - _xlpm.xp) + _xlpm.xp ) -> -55361532 | GK15: =_xlfn.LET( _xlpm.r, $FQ15, _xlpm.rp, _xlfn.XLOOKUP($FM15,$DK$6:$DK$200,$DM$6:$DM$200, , -1), _xlpm.rn, _xlfn.XLOOKUP($FN15,$DK$6:$DK$200,$DM$6:$DM$200, , -1), _xlpm.xp, _xlfn.XLOOKUP($FM15,$DK$6:$DK$200,EH$6:EH$200, , -1), _xlpm.xn, _xlfn.XLOOKUP($FN15,$DK$6:$DK$200,EH$6:EH$200, , -1), (_xlpm.r - _xlpm.rp)/(_xlpm.rn - _xlpm.rp)*(_xlpm.xn - _xlpm.xp) + _xlpm.xp ) -> 0
A16: 0.2244898 | B16: 5.7561195 | C16: 0.13671431 | D16: =C16*180/PI() -> 7.833153 | E16: 0.33106707 | F16: 26.265306 | G16: -0.25024704 | H16: 0 | I16: 12 | K16: 63.365243 | L16: 3.9455284 | M16: 26.888084 | N16: 12 | P16: -0.4889974 | Q16: 0.2624051 | R16: 12.87694 | S16: -13.01398 | T16: 12 | U16: =SQRT( (P16-P15)^2 + (Q16-Q15)^2 + (R16-R15)^2 ) + U15 -> 12.890123 | W16: =_xlfn.XLOOKUP(AK16, $U$5:$U$200, $T$5:$T$200, ,-1) -> 18 | X16: =W16+1 -> 19 | Y16: =_xlfn.LET( _xlpm.r, $AK16, _xlpm.rp, _xlfn.XLOOKUP($W16, $T$5:$T$200, $U$5:$U$200, , -1), _xlpm.rn, _xlfn.XLOOKUP($X16, $T$5:$T$200, $U$5:$U$200, , -1), _xlpm.xp, _xlfn.XLOOKUP($W16, $T$5:$T$200, P$5:P$200, , -1), _xlpm.xn, _xlfn.XLOOKUP($X16, $T$5:$T$200, P$5:P$200, , -1), (_xlpm.r - _xlpm.rp)/(_xlpm.rn - _xlpm.rp)*(_xlpm.xn - _xlpm.xp) + _xlpm.xp ) -> -0.99874332 | Z16: =_xlfn.LET( _xlpm.r, $AK16, _xlpm.rp, _xlfn.XLOOKUP($W16, $T$5:$T$200, $U$5:$U$200, , -1), _xlpm.rn, _xlfn.XLOOKUP($X16, $T$5:$T$200, $U$5:$U$200, , -1), _xlpm.xp, _xlfn.XLOOKUP($W16, $T$5:$T$200, Q$5:Q$200, , -1), _xlpm.xn, _xlfn.XLOOKUP($X16, $T$5:$T$200, Q$5:Q$200, , -1), (_xlpm.r - _xlpm.rp)/(_xlpm.rn - _xlpm.rp)*(_xlpm.xn - _xlpm.xp) + _xlpm.xp ) -> 0.37198849 | AA16: =_xlfn.LET( _xlpm.r, $AK16, _xlpm.rp, _xlfn.XLOOKUP($W16, $T$5:$T$200, $U$5:$U$200, , -1), _xlpm.rn, _xlfn.XLOOKUP($X16, $T$5:$T$200, $U$5:$U$200, , -1), _xlpm.xp, _xlfn.XLOOKUP($W16, $T$5:$T$200, R$5:R$200, , -1), _xlpm.xn, _xlfn.XLOOKUP($X16, $T$5:$T$200, R$5:R$200, , -1), (_xlpm.r - _xlpm.rp)/(_xlpm.rn - _xlpm.rp)*(_xlpm.xn - _xlpm.xp) + _xlpm.xp ) -> 29.271753 | AB16: =_xlfn.LET( _xlpm.r, $AK16, _xlpm.rp, _xlfn.XLOOKUP($W16, $T$5:$T$200, $U$5:$U$200, , -1), _xlpm.rn, _xlfn.XLOOKUP($X16, $T$5:$T$200, $U$5:$U$200, , -1), _xlpm.xp, _xlfn.XLOOKUP($W16, $T$5:$T$200, S$5:S$200, , -1), _xlpm.xn, _xlfn.XLOOKUP($X16, $T$5:$T$200, S$5:S$200, , -1), (_xlpm.r - _xlpm.rp)/(_xlpm.rn - _xlpm.rp)*(_xlpm.xn - _xlpm.xp) + _xlpm.xp ) -> -7.0256002 | AD16: =_xlfn.XLOOKUP(AK16, $K$5:$K$200, $N$5:$N$200, ,-1) -> 6 | AE16: =AD16+1 -> 7 | AF16: =_xlfn.LET( _xlpm.r, $AK16, _xlpm.rp, _xlfn.XLOOKUP($AD16, $N$5:$N$200, $K$5:$K$200, , -1), _xlpm.rn, _xlfn.XLOOKUP($AE16, $N$5:$N$200, $K$5:$K$200, , -1), _xlpm.xp, _xlfn.XLOOKUP($AD16, $N$5:$N$200, L$5:L$200, , -1), _xlpm.xn, _xlfn.XLOOKUP($AE16, $N$5:$N$200, L$5:L$200, , -1), (_xlpm.r - _xlpm.rp)/(_xlpm.rn - _xlpm.rp)*(_xlpm.xn - _xlpm.xp) + _xlpm.xp ) -> 5.6515687 | AG16: =_xlfn.XLOOKUP(AA16, $F$5:$F$200, $I$5:$I$200, ,-1) -> 13 | AH16: =AG16+1 -> 14 | AI16: =_xlfn.LET( _xlpm.r, $AA16, _xlpm.rp, _xlfn.XLOOKUP($AG16, $I$5:$I$200, $F$5:$F$200, , -1), _xlpm.rn, _xlfn.XLOOKUP($AH16, $I$5:$I$200, $F$5:$F$200, , -1), _xlpm.xp, _xlfn.XLOOKUP($AG16, $I$5:$I$200, E$5:E$200, , -1), _xlpm.xn, _xlfn.XLOOKUP($AH16, $I$5:$I$200, E$5:E$200, , -1), (_xlpm.r - _xlpm.rp)/(_xlpm.rn - _xlpm.rp)*(_xlpm.xn - _xlpm.xp) + _xlpm.xp ) -> 0.32274129 | AK16: 29.294862 | AL16: 530.9955 | AM16: 0.12241835 | AN16: 0.034538377 | AO16: 0.70879916 | AP16: 1.6437341 | AQ16: 1.1424782 | AR16: 0.068895423 | AS16: 2.4446843e+10 | AT16: 1.9266794e+09 | AU16: 0.63341055 | AV16: 1.2862599 | AW16: 0.52830648 | AX16: 0.29857549 | AY16: 0.17316622 | AZ16: 0.83766198 | BA16: -4.909548 | BB16: 0.56604333 | BC16: 0.017980336 | BD16: 11 | BE16: =AI16*AF16 - AF16/2 -> -1.0017898 | BF16: =Y16 -> -0.99874332 | BG16: =$BF16+AM16 -> -0.87632497 | BH16: =AN16 -> 0.034538377 | BI16: =$BF16+AQ16 -> 0.14373492 | BJ16: =AR16 -> 0.068895423 | BK16: =$BF16+BB16 -> -0.43269999 | BL16: =BC16 -> 0.017980336 | BN16: =-BF16 -> 0.99874332 | BO16: =-BG16 -> 0.87632497 | BP16: =BH16 -> 0.034538377 | BQ16: =-BI16 -> -0.14373492 | BR16: =BJ16 -> 0.068895423 | BS16: =-BK16 -> 0.43269999 | BT16: =BL16 -> 0.017980336 | BV16: =IF($BV$3=1, - AB16, 0) -> 7.0256002 | BW16: =RADIANS(BV16) -> 0.12261986 | BX16: =BO16*COS($BW16) - BP16*SIN($BW16) -> 0.86552069 | BY16: =BO16*SIN($BW16) + BP16*COS($BW16) -> 0.14146482 | BZ16: =BQ16*COS($BW16) - BR16*SIN($BW16) -> -0.15108249 | CA16: =BQ16*SIN($BW16) + BR16*COS($BW16) -> 0.050797507 | CB16: =BS16*COS($BW16) - BT16*SIN($BW16) -> 0.42725188 | CC16: =BS16*SIN($BW16) + BT16*COS($BW16) -> 0.070770083 | CE16: =AO16^2 * $AL16 -> 266.77014 | CF16: =AP16^2 * $AL16 -> 1434.6764 | CG16: =$AS16*AU16 -> 1.5484889e+10 | CH16: =$AS16*AV16 -> 3.1444995e+10 | CI16: =AT16*AW16 -> 1.0178772e+09 | CJ16: =$AT16*$AZ16*AX16 -> 4.818728e+08 | CK16: =$AT16*$AZ16*AY16 -> 2.7947402e+08 | CL16: =0.5*($CE16+$CF16)+0.5*($CE16-$CF16)*COS(-2*$BA16*PI()/180) - 0 -> 275.32441 | CM16: =0.5*($CE16+$CF16)-0.5*($CE16-$CF16)*COS(-2*$BA16*PI()/180) + 0 -> 1426.1221 | CN16: =0.5*($CE16-$CF16)*SIN(-2*$BA16*PI()/180) + 0 -> -99.586148 | CO16: =0.5*($CG16+$CH16)+0.5*($CG16-$CH16)*COS(-2*$BA16*PI()/180) - 0 -> 1.5601787e+10 | CP16: =0.5*($CG16+$CH16)-0.5*($CG16-$CH16)*COS(-2*$BA16*PI()/180) + 0 -> 3.1328096e+10 | CQ16: =0.5*($CG16-$CH16)*SIN(-2*$BA16*PI()/180) + 0 -> -1.3609017e+09 | CR16: =0.5*($CJ16+$CK16) + 0.5*($CJ16-$CK16)*COS(-2*$BA16*PI()/180) -> 4.8039034e+08 | CS16: =0.5*($CJ16+$CK16) - 0.5*($CJ16-$CK16)*COS(-2*$BA16*PI()/180) -> 2.8095648e+08 | CT16: =- 0.5*($CJ16-$CK16)*SIN(-2*$BA16*PI()/180) + 0 -> -17258333 | CU16: =CL16 + $AL16*$BL16^2 * $CV$2 -> 275.49607 | CV16: =CM16 + $AL16*$BK16^2 * $CV$2 -> 1525.54 | CW16: =CN16 + $AL16*$BK16*$BL16 * $CV$2 -> -103.71734 | CX16: =CO16 + $DV16*$BL16^2 * $CV$2 -> 1.5608408e+10 | CY16: =CP16 + $DV16*$BK16^2 * $CV$2 -> 3.5162213e+10 | CZ16: =CQ16 + $DV16*$BK16*$BL16 * $CV$2 -> -1.5202239e+09 | DA16: =-CW16 -> 103.71734 | DB16: =-CZ16 -> 1.5202239e+09 | DC16: =-CT16 -> 17258333 | DD16: =$DV16*BT16 -> 3.6820475e+08 | DE16: =$DV16*BS16 -> 8.860913e+09 | DF16: =CR16*BR16 -> 33096696 | DG16: =CS16*BQ16 -> -40383256 | DI16: =IF($DI$3=1,-AB16, 0) -> 7.0256002 | DJ16: =RADIANS(DI16) -> 0.12261986 | DK16: 11 | DL16: =SQRT( (DM16-DM15)^2 + (DN16-DN15)^2 + (DO16-DO15)^2 ) + DL15 -> 29.275348 | DM16: =AA16 -> 29.271753 | DN16: 0 | DO16: =Z16 -> 0.37198849 | DP16: =AL16 -> 530.9955 | DQ16: =BX16 -> 0.86552069 | DR16: =BY16 -> 0.14146482 | DS16: =0.5*($CU16+$CV16)+0.5*($CU16-$CV16)*COS(2*$DJ16) + $DA16*SIN(2*$DJ16) -> 319.37867 | DT16: =0.5*($CU16+$CV16)-0.5*($CU16-$CV16)*COS(2*$DJ16) - $DA16*SIN(2*$DJ16) -> 1481.6574 | DU16: =- 0.5*($CU16-$CV16)*SIN(2*$DJ16) + $DA16*COS(2*$DJ16) -> 252.36241 | DV16: =AS16*AZ16 -> 2.0478191e+10 | DW16: =$DD16*COS($DJ16) + $DE16*SIN($DJ16) -> 1.4492433e+09 | DX16: =- $DD16*SIN($DJ16) + $DE16*COS($DJ16) -> 8.7493456e+09 | DY16: =0.5*($CX16+$CY16)+0.5*($CX16-$CY16)*COS(2*$DJ16) + $DB16*SIN(2*$DJ16) -> 1.6270035e+10 | DZ16: =0.5*($CX16+$CY16)-0.5*($CX16-$CY16)*COS(2*$DJ16) - $DB16*SIN(2*$DJ16) -> 3.4500587e+10 | EA16: =- 0.5*($CX16-$CY16)*SIN(2*$DJ16) + $DB16*COS(2*$DJ16) -> 3.8484606e+09 | EB16: =CI16 -> 1.0178772e+09 | EC16: =0.5*($CR16+$CS16)+0.5*($CR16-$CS16)*COS(2*$DJ16) - $DC16*SIN(2*$DJ16) -> 4.7321659e+08 | ED16: =0.5*($CR16+$CS16)-0.5*($CR16-$CS16)*COS(2*$DJ16) + $DC16*SIN(2*$DJ16) -> 2.8813022e+08 | EE16: =0.5*($CR16-$CS16)*SIN(2*$DJ16) + $DC16*COS(2*$DJ16) -> 40952110 | EF16: =$DF16*COS($DJ16) + $DG16*SIN($DJ16) -> 27908803 | EG16: =- $DF16*SIN($DJ16) + $DG16*COS($DJ16) -> -44128192 | EH16: 0 | EJ16: =$DV16*BL16 -> 3.6820475e+08 | EK16: =$DV16*BK16 -> -8.860913e+09 | EL16: =CR16*BJ16 -> 33096696 | EM16: =CS16*BI16 -> 40383256 | EO16: =0.5*($CU16+$CV16)+0.5*($CU16-$CV16)*COS(2*$DJ16) - $CW16*SIN(2*$DJ16) -> 319.37867 | EP16: =0.5*($CU16+$CV16)-0.5*($CU16-$CV16)*COS(2*$DJ16) + $CW16*SIN(2*$DJ16) -> 1481.6574 | EQ16: =0.5*($CU16-$CV16)*SIN(2*$DJ16) + $CW16*COS(2*$DJ16) -> -252.36241 | ER16: =-EQ16 -> 252.36241 | ES16: =$EJ16*COS($DJ16) - $EK16*SIN($DJ16) -> 1.4492433e+09 | ET16: =$EJ16*SIN($DJ16) + $EK16*COS($DJ16) -> -8.7493456e+09 | EU16: =-ET16 -> 8.7493456e+09 | EV16: =0.5*($CX16+$CY16)+0.5*($CX16-$CY16)*COS(2*$DJ16) - $CZ16*SIN(2*$DJ16) -> 1.6270035e+10 | EW16: =0.5*($CX16+$CY16)-0.5*($CX16-$CY16)*COS(2*$DJ16) + $CZ16*SIN(2*$DJ16) -> 3.4500587e+10 | EX16: =0.5*($CX16-$CY16)*SIN(2*$DJ16) + $CZ16*COS(2*$DJ16) -> -3.8484606e+09 | EY16: =-EX16 -> 3.8484606e+09 | EZ16: =0.5*($CR16+$CS16)+0.5*($CR16-$CS16)*COS(2*$DJ16) + $CT16*SIN(2*$DJ16) -> 4.7321659e+08 | FA16: =0.5*($CR16+$CS16)-0.5*($CR16-$CS16)*COS(2*$DJ16) - $CT16*SIN(2*$DJ16) -> 2.8813022e+08 | FB16: =- 0.5*($CR16-$CS16)*SIN(2*$DJ16) + $CT16*COS(2*$DJ16) -> -40952110 | FC16: =-FB16 -> 40952110 | FD16: =$EL16*COS($DJ16) - $EM16*SIN($DJ16) -> 27908803 | FE16: =$EL16*SIN($DJ16) + $EM16*COS($DJ16) -> 44128192 | FF16: =-FE16 -> -44128192 | FH16: =$DV16*CC16 -> 1.4492433e+09 | FI16: =$DV16*CB16 -> 8.7493456e+09 | FJ16: =EZ16*CA16 -> 24038223 | FK16: =FA16*BZ16 -> -43531431 | FM16: =_xlfn.XLOOKUP(FQ16,$DM$6:$DM$200,$DK$6:$DK$200, ,-1) -> 10 | FN16: =FM16+1 -> 11 | FP16: 11 | FQ16: 29.25 | FR16: =_xlfn.LET( _xlpm.r, $FQ16, _xlpm.rp, _xlfn.XLOOKUP($FM16,$DK$6:$DK$200,$DM$6:$DM$200, , -1), _xlpm.rn, _xlfn.XLOOKUP($FN16,$DK$6:$DK$200,$DM$6:$DM$200, , -1), _xlpm.xp, _xlfn.XLOOKUP($FM16,$DK$6:$DK$200,DN$6:DN$200, , -1), _xlpm.xn, _xlfn.XLOOKUP($FN16,$DK$6:$DK$200,DN$6:DN$200, , -1), (_xlpm.r - _xlpm.rp)/(_xlpm.rn - _xlpm.rp)*(_xlpm.xn - _xlpm.xp) + _xlpm.xp ) -> 0 | FS16: =_xlfn.LET( _xlpm.r, $FQ16, _xlpm.rp, _xlfn.XLOOKUP($FM16,$DK$6:$DK$200,$DM$6:$DM$200, , -1), _xlpm.rn, _xlfn.XLOOKUP($FN16,$DK$6:$DK$200,$DM$6:$DM$200, , -1), _xlpm.xp, _xlfn.XLOOKUP($FM16,$DK$6:$DK$200,DO$6:DO$200, , -1), _xlpm.xn, _xlfn.XLOOKUP($FN16,$DK$6:$DK$200,DO$6:DO$200, , -1), (_xlpm.r - _xlpm.rp)/(_xlpm.rn - _xlpm.rp)*(_xlpm.xn - _xlpm.xp) + _xlpm.xp ) -> 0.3720374 | FT16: =_xlfn.LET( _xlpm.r, $FQ16, _xlpm.rp, _xlfn.XLOOKUP($FM16,$DK$6:$DK$200,$DM$6:$DM$200, , -1), _xlpm.rn, _xlfn.XLOOKUP($FN16,$DK$6:$DK$200,$DM$6:$DM$200, , -1), _xlpm.xp, _xlfn.XLOOKUP($FM16,$DK$6:$DK$200,DP$6:DP$200, , -1), _xlpm.xn, _xlfn.XLOOKUP($FN16,$DK$6:$DK$200,DP$6:DP$200, , -1), (_xlpm.r - _xlpm.rp)/(_xlpm.rn - _xlpm.rp)*(_xlpm.xn - _xlpm.xp) + _xlpm.xp ) -> 531.50486 | FU16: =_xlfn.LET( _xlpm.r, $FQ16, _xlpm.rp, _xlfn.XLOOKUP($FM16,$DK$6:$DK$200,$DM$6:$DM$200, , -1), _xlpm.rn, _xlfn.XLOOKUP($FN16,$DK$6:$DK$200,$DM$6:$DM$200, , -1), _xlpm.xp, _xlfn.XLOOKUP($FM16,$DK$6:$DK$200,DQ$6:DQ$200, , -1), _xlpm.xn, _xlfn.XLOOKUP($FN16,$DK$6:$DK$200,DQ$6:DQ$200, , -1), (_xlpm.r - _xlpm.rp)/(_xlpm.rn - _xlpm.rp)*(_xlpm.xn - _xlpm.xp) + _xlpm.xp ) -> 0.86510228 | FV16: =_xlfn.LET( _xlpm.r, $FQ16, _xlpm.rp, _xlfn.XLOOKUP($FM16,$DK$6:$DK$200,$DM$6:$DM$200, , -1), _xlpm.rn, _xlfn.XLOOKUP($FN16,$DK$6:$DK$200,$DM$6:$DM$200, , -1), _xlpm.xp, _xlfn.XLOOKUP($FM16,$DK$6:$DK$200,DR$6:DR$200, , -1), _xlpm.xn, _xlfn.XLOOKUP($FN16,$DK$6:$DK$200,DR$6:DR$200, , -1), (_xlpm.r - _xlpm.rp)/(_xlpm.rn - _xlpm.rp)*(_xlpm.xn - _xlpm.xp) + _xlpm.xp ) -> 0.14148039 | FW16: =_xlfn.LET( _xlpm.r, $FQ16, _xlpm.rp, _xlfn.XLOOKUP($FM16,$DK$6:$DK$200,$DM$6:$DM$200, , -1), _xlpm.rn, _xlfn.XLOOKUP($FN16,$DK$6:$DK$200,$DM$6:$DM$200, , -1), _xlpm.xp, _xlfn.XLOOKUP($FM16,$DK$6:$DK$200,DS$6:DS$200, , -1), _xlpm.xn, _xlfn.XLOOKUP($FN16,$DK$6:$DK$200,DS$6:DS$200, , -1), (_xlpm.r - _xlpm.rp)/(_xlpm.rn - _xlpm.rp)*(_xlpm.xn - _xlpm.xp) + _xlpm.xp ) -> 320.67239 | FX16: =_xlfn.LET( _xlpm.r, $FQ16, _xlpm.rp, _xlfn.XLOOKUP($FM16,$DK$6:$DK$200,$DM$6:$DM$200, , -1), _xlpm.rn, _xlfn.XLOOKUP($FN16,$DK$6:$DK$200,$DM$6:$DM$200, , -1), _xlpm.xp, _xlfn.XLOOKUP($FM16,$DK$6:$DK$200,DT$6:DT$200, , -1), _xlpm.xn, _xlfn.XLOOKUP($FN16,$DK$6:$DK$200,DT$6:DT$200, , -1), (_xlpm.r - _xlpm.rp)/(_xlpm.rn - _xlpm.rp)*(_xlpm.xn - _xlpm.xp) + _xlpm.xp ) -> 1482.7704 | FY16: =_xlfn.LET( _xlpm.r, $FQ16, _xlpm.rp, _xlfn.XLOOKUP($FM16,$DK$6:$DK$200,$DM$6:$DM$200, , -1), _xlpm.rn, _xlfn.XLOOKUP($FN16,$DK$6:$DK$200,$DM$6:$DM$200, , -1), _xlpm.xp, _xlfn.XLOOKUP($FM16,$DK$6:$DK$200,DU$6:DU$200, , -1), _xlpm.xn, _xlfn.XLOOKUP($FN16,$DK$6:$DK$200,DU$6:DU$200, , -1), (_xlpm.r - _xlpm.rp)/(_xlpm.rn - _xlpm.rp)*(_xlpm.xn - _xlpm.xp) + _xlpm.xp ) -> 253.27826 | ... GH16: =_xlfn.LET( _xlpm.r, $FQ16, _xlpm.rp, _xlfn.XLOOKUP($FM16,$DK$6:$DK$200,$DM$6:$DM$200, , -1), _xlpm.rn, _xlfn.XLOOKUP($FN16,$DK$6:$DK$200,$DM$6:$DM$200, , -1), _xlpm.xp, _xlfn.XLOOKUP($FM16,$DK$6:$DK$200,ED$6:ED$200, , -1), _xlpm.xn, _xlfn.XLOOKUP($FN16,$DK$6:$DK$200,ED$6:ED$200, , -1), (_xlpm.r - _xlpm.rp)/(_xlpm.rn - _xlpm.rp)*(_xlpm.xn - _xlpm.xp) + _xlpm.xp ) -> 2.8901093e+08 | GI16: =_xlfn.LET( _xlpm.r, $FQ16, _xlpm.rp, _xlfn.XLOOKUP($FM16,$DK$6:$DK$200,$DM$6:$DM$200, , -1), _xlpm.rn, _xlfn.XLOOKUP($FN16,$DK$6:$DK$200,$DM$6:$DM$200, , -1), _xlpm.xp, _xlfn.XLOOKUP($FM16,$DK$6:$DK$200,EF$6:EF$200, , -1), _xlpm.xn, _xlfn.XLOOKUP($FN16,$DK$6:$DK$200,EF$6:EF$200, , -1), (_xlpm.r - _xlpm.rp)/(_xlpm.rn - _xlpm.rp)*(_xlpm.xn - _xlpm.xp) + _xlpm.xp ) -> 27990590 | GJ16: =_xlfn.LET( _xlpm.r, $FQ16, _xlpm.rp, _xlfn.XLOOKUP($FM16,$DK$6:$DK$200,$DM$6:$DM$200, , -1), _xlpm.rn, _xlfn.XLOOKUP($FN16,$DK$6:$DK$200,$DM$6:$DM$200, , -1), _xlpm.xp, _xlfn.XLOOKUP($FM16,$DK$6:$DK$200,EG$6:EG$200, , -1), _xlpm.xn, _xlfn.XLOOKUP($FN16,$DK$6:$DK$200,EG$6:EG$200, , -1), (_xlpm.r - _xlpm.rp)/(_xlpm.rn - _xlpm.rp)*(_xlpm.xn - _xlpm.xp) + _xlpm.xp ) -> -44169214 | GK16: =_xlfn.LET( _xlpm.r, $FQ16, _xlpm.rp, _xlfn.XLOOKUP($FM16,$DK$6:$DK$200,$DM$6:$DM$200, , -1), _xlpm.rn, _xlfn.XLOOKUP($FN16,$DK$6:$DK$200,$DM$6:$DM$200, , -1), _xlpm.xp, _xlfn.XLOOKUP($FM16,$DK$6:$DK$200,EH$6:EH$200, , -1), _xlpm.xn, _xlfn.XLOOKUP($FN16,$DK$6:$DK$200,EH$6:EH$200, , -1), (_xlpm.r - _xlpm.rp)/(_xlpm.rn - _xlpm.rp)*(_xlpm.xn - _xlpm.xp) + _xlpm.xp ) -> 0
A17: 0.24489796 | B17: 5.7030985 | C17: 0.12551282 | D17: =C17*180/PI() -> 7.191355 | E17: 0.32410313 | F17: 28.653061 | G17: -0.24941258 | H17: 0 | I17: 13 | K17: 69.470694 | L17: 3.7017136 | M17: 25.328933 | N17: 13 | P17: -0.5403746 | Q17: 0.2857836 | R17: 14.04741 | S17: -12.53597 | T17: 13 | U17: =SQRT( (P17-P16)^2 + (Q17-Q16)^2 + (R17-R16)^2 ) + U16 -> 14.061953 | W17: =_xlfn.XLOOKUP(AK17, $U$5:$U$200, $T$5:$T$200, ,-1) -> 19 | X17: =W17+1 -> 20 | Y17: =_xlfn.LET( _xlpm.r, $AK17, _xlpm.rp, _xlfn.XLOOKUP($W17, $T$5:$T$200, $U$5:$U$200, , -1), _xlpm.rn, _xlfn.XLOOKUP($X17, $T$5:$T$200, $U$5:$U$200, , -1), _xlpm.xp, _xlfn.XLOOKUP($W17, $T$5:$T$200, P$5:P$200, , -1), _xlpm.xn, _xlfn.XLOOKUP($X17, $T$5:$T$200, P$5:P$200, , -1), (_xlpm.r - _xlpm.rp)/(_xlpm.rn - _xlpm.rp)*(_xlpm.xn - _xlpm.xp) + _xlpm.xp ) -> -1.0018525 | Z17: =_xlfn.LET( _xlpm.r, $AK17, _xlpm.rp, _xlfn.XLOOKUP($W17, $T$5:$T$200, $U$5:$U$200, , -1), _xlpm.rn, _xlfn.XLOOKUP($X17, $T$5:$T$200, $U$5:$U$200, , -1), _xlpm.xp, _xlfn.XLOOKUP($W17, $T$5:$T$200, Q$5:Q$200, , -1), _xlpm.xn, _xlfn.XLOOKUP($X17, $T$5:$T$200, Q$5:Q$200, , -1), (_xlpm.r - _xlpm.rp)/(_xlpm.rn - _xlpm.rp)*(_xlpm.xn - _xlpm.xp) + _xlpm.xp ) -> 0.33907398 | AA17: =_xlfn.LET( _xlpm.r, $AK17, _xlpm.rp, _xlfn.XLOOKUP($W17, $T$5:$T$200, $U$5:$U$200, , -1), _xlpm.rn, _xlfn.XLOOKUP($X17, $T$5:$T$200, $U$5:$U$200, , -1), _xlpm.xp, _xlfn.XLOOKUP($W17, $T$5:$T$200, R$5:R$200, , -1), _xlpm.xn, _xlfn.XLOOKUP($X17, $T$5:$T$200, R$5:R$200, , -1), (_xlpm.r - _xlpm.rp)/(_xlpm.rn - _xlpm.rp)*(_xlpm.xn - _xlpm.xp) + _xlpm.xp ) -> 35.130632 | AB17: =_xlfn.LET( _xlpm.r, $AK17, _xlpm.rp, _xlfn.XLOOKUP($W17, $T$5:$T$200, $U$5:$U$200, , -1), _xlpm.rn, _xlfn.XLOOKUP($X17, $T$5:$T$200, $U$5:$U$200, , -1), _xlpm.xp, _xlfn.XLOOKUP($W17, $T$5:$T$200, S$5:S$200, , -1), _xlpm.xn, _xlfn.XLOOKUP($X17, $T$5:$T$200, S$5:S$200, , -1), (_xlpm.r - _xlpm.rp)/(_xlpm.rn - _xlpm.rp)*(_xlpm.xn - _xlpm.xp) + _xlpm.xp ) -> -5.514929 | AD17: =_xlfn.XLOOKUP(AK17, $K$5:$K$200, $N$5:$N$200, ,-1) -> 7 | AE17: =AD17+1 -> 8 | AF17: =_xlfn.LET( _xlpm.r, $AK17, _xlpm.rp, _xlfn.XLOOKUP($AD17, $N$5:$N$200, $K$5:$K$200, , -1), _xlpm.rn, _xlfn.XLOOKUP($AE17, $N$5:$N$200, $K$5:$K$200, , -1), _xlpm.xp, _xlfn.XLOOKUP($AD17, $N$5:$N$200, L$5:L$200, , -1), _xlpm.xn, _xlfn.XLOOKUP($AE17, $N$5:$N$200, L$5:L$200, , -1), (_xlpm.r - _xlpm.rp)/(_xlpm.rn - _xlpm.rp)*(_xlpm.xn - _xlpm.xp) + _xlpm.xp ) -> 5.3563735 | AG17: =_xlfn.XLOOKUP(AA17, $F$5:$F$200, $I$5:$I$200, ,-1) -> 15 | AH17: =AG17+1 -> 16 | AI17: =_xlfn.LET( _xlpm.r, $AA17, _xlpm.rp, _xlfn.XLOOKUP($AG17, $I$5:$I$200, $F$5:$F$200, , -1), _xlpm.rn, _xlfn.XLOOKUP($AH17, $I$5:$I$200, $F$5:$F$200, , -1), _xlpm.xp, _xlfn.XLOOKUP($AG17, $I$5:$I$200, E$5:E$200, , -1), _xlpm.xn, _xlfn.XLOOKUP($AH17, $I$5:$I$200, E$5:E$200, , -1), (_xlpm.r - _xlpm.rp)/(_xlpm.rn - _xlpm.rp)*(_xlpm.xn - _xlpm.xp) + _xlpm.xp ) -> 0.31240804 | AK17: 35.153835 | AL17: 483.98493 | AM17: 0.11952283 | AN17: 0.031485917 | AO17: 0.64792493 | AP17: 1.5640176 | AQ17: 1.1071872 | AR17: 0.076334026 | AS17: 2.91801e+10 | AT17: 2.0610158e+09 | AU17: 0.45725295 | AV17: 0.95396475 | AW17: 0.3021623 | AX17: 0.22741959 | AY17: 0.1471278 | AZ17: 0.7404089 | BA17: -1.8974687 | BB17: 0.61827407 | BC17: 0.016299095 | BD17: 12 | BE17: =AI17*AF17 - AF17/2 -> -1.0048126 | BF17: =Y17 -> -1.0018525 | BG17: =$BF17+AM17 -> -0.88232966 | BH17: =AN17 -> 0.031485917 | BI17: =$BF17+AQ17 -> 0.10533475 | BJ17: =AR17 -> 0.076334026 | BK17: =$BF17+BB17 -> -0.38357842 | BL17: =BC17 -> 0.016299095 | BN17: =-BF17 -> 1.0018525 | BO17: =-BG17 -> 0.88232966 | BP17: =BH17 -> 0.031485917 | BQ17: =-BI17 -> -0.10533475 | BR17: =BJ17 -> 0.076334026 | BS17: =-BK17 -> 0.38357842 | BT17: =BL17 -> 0.016299095 | BV17: =IF($BV$3=1, - AB17, 0) -> 5.514929 | BW17: =RADIANS(BV17) -> 0.09625367 | BX17: =BO17*COS($BW17) - BP17*SIN($BW17) -> 0.87521957 | BY17: =BO17*SIN($BW17) + BP17*COS($BW17) -> 0.11613656 | BZ17: =BQ17*COS($BW17) - BR17*SIN($BW17) -> -0.11218327 | CA17: =BQ17*SIN($BW17) + BR17*COS($BW17) -> 0.065857482 | CB17: =BS17*COS($BW17) - BT17*SIN($BW17) -> 0.38023649 | CC17: =BS17*SIN($BW17) + BT17*COS($BW17) -> 0.053087497 | CE17: =AO17^2 * $AL17 -> 203.18012 | CF17: =AP17^2 * $AL17 -> 1183.9002 | CG17: =$AS17*AU17 -> 1.3342687e+10 | CH17: =$AS17*AV17 -> 2.7836787e+10 | CI17: =AT17*AW17 -> 6.2276126e+08 | CJ17: =$AT17*$AZ17*AX17 -> 3.4704102e+08 | CK17: =$AT17*$AZ17*AY17 -> 2.245162e+08 | CL17: =0.5*($CE17+$CF17)+0.5*($CE17-$CF17)*COS(-2*$BA17*PI()/180) - 0 -> 204.25533 | CM17: =0.5*($CE17+$CF17)-0.5*($CE17-$CF17)*COS(-2*$BA17*PI()/180) + 0 -> 1182.825 | CN17: =0.5*($CE17-$CF17)*SIN(-2*$BA17*PI()/180) + 0 -> -32.454839 | CO17: =0.5*($CG17+$CH17)+0.5*($CG17-$CH17)*COS(-2*$BA17*PI()/180) - 0 -> 1.3358577e+10 | CP17: =0.5*($CG17+$CH17)-0.5*($CG17-$CH17)*COS(-2*$BA17*PI()/180) + 0 -> 2.7820896e+10 | CQ17: =0.5*($CG17-$CH17)*SIN(-2*$BA17*PI()/180) + 0 -> -4.7965133e+08 | CR17: =0.5*($CJ17+$CK17) + 0.5*($CJ17-$CK17)*COS(-2*$BA17*PI()/180) -> 3.4690669e+08 | CS17: =0.5*($CJ17+$CK17) - 0.5*($CJ17-$CK17)*COS(-2*$BA17*PI()/180) -> 2.2465053e+08 | CT17: =- 0.5*($CJ17-$CK17)*SIN(-2*$BA17*PI()/180) + 0 -> -4054697.8 | CU17: =CL17 + $AL17*$BL17^2 * $CV$2 -> 204.3839 | CV17: =CM17 + $AL17*$BK17^2 * $CV$2 -> 1254.0349 | CW17: =CN17 + $AL17*$BK17*$BL17 * $CV$2 -> -35.480704 | CX17: =CO17 + $DV17*$BL17^2 * $CV$2 -> 1.3364317e+10 | CY17: =CP17 + $DV17*$BK17^2 * $CV$2 -> 3.0999722e+10 | CZ17: =CQ17 + $DV17*$BK17*$BL17 * $CV$2 -> -6.1472667e+08 | DA17: =-CW17 -> 35.480704 | DB17: =-CZ17 -> 6.1472667e+08 | DC17: =-CT17 -> 4054697.8 | DD17: =$DV17*BT17 -> 3.521453e+08 | DE17: =$DV17*BS17 -> 8.2872906e+09 | DF17: =CR17*BR17 -> 26480784 | DG17: =CS17*BQ17 -> -23663507 | DI17: =IF($DI$3=1,-AB17, 0) -> 5.514929 | DJ17: =RADIANS(DI17) -> 0.09625367 | DK17: 12 | DL17: =SQRT( (DM17-DM16)^2 + (DN17-DN16)^2 + (DO17-DO16)^2 ) + DL16 -> 35.134319 | DM17: =AA17 -> 35.130632 | DN17: 0 | DO17: =Z17 -> 0.33907398 | DP17: =AL17 -> 483.98493 | DQ17: =BX17 -> 0.87521957 | DR17: =BY17 -> 0.11613656 | DS17: =0.5*($CU17+$CV17)+0.5*($CU17-$CV17)*COS(2*$DJ17) + $DA17*SIN(2*$DJ17) -> 220.86687 | DT17: =0.5*($CU17+$CV17)-0.5*($CU17-$CV17)*COS(2*$DJ17) - $DA17*SIN(2*$DJ17) -> 1237.5519 | DU17: =- 0.5*($CU17-$CV17)*SIN(2*$DJ17) + $DA17*COS(2*$DJ17) -> 135.23517 | DV17: =AS17*AZ17 -> 2.1605205e+10 | DW17: =$DD17*COS($DJ17) + $DE17*SIN($DJ17) -> 1.1469663e+09 | DX17: =- $DD17*SIN($DJ17) + $DE17*COS($DJ17) -> 8.2150874e+09 | DY17: =0.5*($CX17+$CY17)+0.5*($CX17-$CY17)*COS(2*$DJ17) + $DB17*SIN(2*$DJ17) -> 1.3644811e+10 | DZ17: =0.5*($CX17+$CY17)-0.5*($CX17-$CY17)*COS(2*$DJ17) - $DB17*SIN(2*$DJ17) -> 3.0719228e+10 | EA17: =- 0.5*($CX17-$CY17)*SIN(2*$DJ17) + $DB17*COS(2*$DJ17) -> 2.2903786e+09 | EB17: =CI17 -> 6.2276126e+08 | EC17: =0.5*($CR17+$CS17)+0.5*($CR17-$CS17)*COS(2*$DJ17) - $DC17*SIN(2*$DJ17) -> 3.4500176e+08 | ED17: =0.5*($CR17+$CS17)-0.5*($CR17-$CS17)*COS(2*$DJ17) + $DC17*SIN(2*$DJ17) -> 2.2655545e+08 | EE17: =0.5*($CR17-$CS17)*SIN(2*$DJ17) + $DC17*COS(2*$DJ17) -> 15674854 | EF17: =$DF17*COS($DJ17) + $DG17*SIN($DJ17) -> 24084026 | EG17: =- $DF17*SIN($DJ17) + $DG17*COS($DJ17) -> -26098912 | EH17: 0 | EJ17: =$DV17*BL17 -> 3.521453e+08 | EK17: =$DV17*BK17 -> -8.2872906e+09 | EL17: =CR17*BJ17 -> 26480784 | EM17: =CS17*BI17 -> 23663507 | EO17: =0.5*($CU17+$CV17)+0.5*($CU17-$CV17)*COS(2*$DJ17) - $CW17*SIN(2*$DJ17) -> 220.86687 | EP17: =0.5*($CU17+$CV17)-0.5*($CU17-$CV17)*COS(2*$DJ17) + $CW17*SIN(2*$DJ17) -> 1237.5519 | EQ17: =0.5*($CU17-$CV17)*SIN(2*$DJ17) + $CW17*COS(2*$DJ17) -> -135.23517 | ER17: =-EQ17 -> 135.23517 | ES17: =$EJ17*COS($DJ17) - $EK17*SIN($DJ17) -> 1.1469663e+09 | ET17: =$EJ17*SIN($DJ17) + $EK17*COS($DJ17) -> -8.2150874e+09 | EU17: =-ET17 -> 8.2150874e+09 | EV17: =0.5*($CX17+$CY17)+0.5*($CX17-$CY17)*COS(2*$DJ17) - $CZ17*SIN(2*$DJ17) -> 1.3644811e+10 | EW17: =0.5*($CX17+$CY17)-0.5*($CX17-$CY17)*COS(2*$DJ17) + $CZ17*SIN(2*$DJ17) -> 3.0719228e+10 | EX17: =0.5*($CX17-$CY17)*SIN(2*$DJ17) + $CZ17*COS(2*$DJ17) -> -2.2903786e+09 | EY17: =-EX17 -> 2.2903786e+09 | EZ17: =0.5*($CR17+$CS17)+0.5*($CR17-$CS17)*COS(2*$DJ17) + $CT17*SIN(2*$DJ17) -> 3.4500176e+08 | FA17: =0.5*($CR17+$CS17)-0.5*($CR17-$CS17)*COS(2*$DJ17) - $CT17*SIN(2*$DJ17) -> 2.2655545e+08 | FB17: =- 0.5*($CR17-$CS17)*SIN(2*$DJ17) + $CT17*COS(2*$DJ17) -> -15674854 | FC17: =-FB17 -> 15674854 | FD17: =$EL17*COS($DJ17) - $EM17*SIN($DJ17) -> 24084026 | FE17: =$EL17*SIN($DJ17) + $EM17*COS($DJ17) -> 26098912 | FF17: =-FE17 -> -26098912 | FH17: =$DV17*CC17 -> 1.1469663e+09 | FI17: =$DV17*CB17 -> 8.2150874e+09 | FJ17: =EZ17*CA17 -> 22720948 | FK17: =FA17*BZ17 -> -25415731 | FM17: =_xlfn.XLOOKUP(FQ17,$DM$6:$DM$200,$DK$6:$DK$200, ,-1) -> 11 | FN17: =FM17+1 -> 12 | FP17: 12 | FQ17: 35.1 | FR17: =_xlfn.LET( _xlpm.r, $FQ17, _xlpm.rp, _xlfn.XLOOKUP($FM17,$DK$6:$DK$200,$DM$6:$DM$200, , -1), _xlpm.rn, _xlfn.XLOOKUP($FN17,$DK$6:$DK$200,$DM$6:$DM$200, , -1), _xlpm.xp, _xlfn.XLOOKUP($FM17,$DK$6:$DK$200,DN$6:DN$200, , -1), _xlpm.xn, _xlfn.XLOOKUP($FN17,$DK$6:$DK$200,DN$6:DN$200, , -1), (_xlpm.r - _xlpm.rp)/(_xlpm.rn - _xlpm.rp)*(_xlpm.xn - _xlpm.xp) + _xlpm.xp ) -> 0 | FS17: =_xlfn.LET( _xlpm.r, $FQ17, _xlpm.rp, _xlfn.XLOOKUP($FM17,$DK$6:$DK$200,$DM$6:$DM$200, , -1), _xlpm.rn, _xlfn.XLOOKUP($FN17,$DK$6:$DK$200,$DM$6:$DM$200, , -1), _xlpm.xp, _xlfn.XLOOKUP($FM17,$DK$6:$DK$200,DO$6:DO$200, , -1), _xlpm.xn, _xlfn.XLOOKUP($FN17,$DK$6:$DK$200,DO$6:DO$200, , -1), (_xlpm.r - _xlpm.rp)/(_xlpm.rn - _xlpm.rp)*(_xlpm.xn - _xlpm.xp) + _xlpm.xp ) -> 0.33924607 | FT17: =_xlfn.LET( _xlpm.r, $FQ17, _xlpm.rp, _xlfn.XLOOKUP($FM17,$DK$6:$DK$200,$DM$6:$DM$200, , -1), _xlpm.rn, _xlfn.XLOOKUP($FN17,$DK$6:$DK$200,$DM$6:$DM$200, , -1), _xlpm.xp, _xlfn.XLOOKUP($FM17,$DK$6:$DK$200,DP$6:DP$200, , -1), _xlpm.xn, _xlfn.XLOOKUP($FN17,$DK$6:$DK$200,DP$6:DP$200, , -1), (_xlpm.r - _xlpm.rp)/(_xlpm.rn - _xlpm.rp)*(_xlpm.xn - _xlpm.xp) + _xlpm.xp ) -> 484.23071 | FU17: =_xlfn.LET( _xlpm.r, $FQ17, _xlpm.rp, _xlfn.XLOOKUP($FM17,$DK$6:$DK$200,$DM$6:$DM$200, , -1), _xlpm.rn, _xlfn.XLOOKUP($FN17,$DK$6:$DK$200,$DM$6:$DM$200, , -1), _xlpm.xp, _xlfn.XLOOKUP($FM17,$DK$6:$DK$200,DQ$6:DQ$200, , -1), _xlpm.xn, _xlfn.XLOOKUP($FN17,$DK$6:$DK$200,DQ$6:DQ$200, , -1), (_xlpm.r - _xlpm.rp)/(_xlpm.rn - _xlpm.rp)*(_xlpm.xn - _xlpm.xp) + _xlpm.xp ) -> 0.87516886 | FV17: =_xlfn.LET( _xlpm.r, $FQ17, _xlpm.rp, _xlfn.XLOOKUP($FM17,$DK$6:$DK$200,$DM$6:$DM$200, , -1), _xlpm.rn, _xlfn.XLOOKUP($FN17,$DK$6:$DK$200,$DM$6:$DM$200, , -1), _xlpm.xp, _xlfn.XLOOKUP($FM17,$DK$6:$DK$200,DR$6:DR$200, , -1), _xlpm.xn, _xlfn.XLOOKUP($FN17,$DK$6:$DK$200,DR$6:DR$200, , -1), (_xlpm.r - _xlpm.rp)/(_xlpm.rn - _xlpm.rp)*(_xlpm.xn - _xlpm.xp) + _xlpm.xp ) -> 0.11626899 | FW17: =_xlfn.LET( _xlpm.r, $FQ17, _xlpm.rp, _xlfn.XLOOKUP($FM17,$DK$6:$DK$200,$DM$6:$DM$200, , -1), _xlpm.rn, _xlfn.XLOOKUP($FN17,$DK$6:$DK$200,$DM$6:$DM$200, , -1), _xlpm.xp, _xlfn.XLOOKUP($FM17,$DK$6:$DK$200,DS$6:DS$200, , -1), _xlpm.xn, _xlfn.XLOOKUP($FN17,$DK$6:$DK$200,DS$6:DS$200, , -1), (_xlpm.r - _xlpm.rp)/(_xlpm.rn - _xlpm.rp)*(_xlpm.xn - _xlpm.xp) + _xlpm.xp ) -> 221.38191 | FX17: =_xlfn.LET( _xlpm.r, $FQ17, _xlpm.rp, _xlfn.XLOOKUP($FM17,$DK$6:$DK$200,$DM$6:$DM$200, , -1), _xlpm.rn, _xlfn.XLOOKUP($FN17,$DK$6:$DK$200,$DM$6:$DM$200, , -1), _xlpm.xp, _xlfn.XLOOKUP($FM17,$DK$6:$DK$200,DT$6:DT$200, , -1), _xlpm.xn, _xlfn.XLOOKUP($FN17,$DK$6:$DK$200,DT$6:DT$200, , -1), (_xlpm.r - _xlpm.rp)/(_xlpm.rn - _xlpm.rp)*(_xlpm.xn - _xlpm.xp) + _xlpm.xp ) -> 1238.8281 | FY17: =_xlfn.LET( _xlpm.r, $FQ17, _xlpm.rp, _xlfn.XLOOKUP($FM17,$DK$6:$DK$200,$DM$6:$DM$200, , -1), _xlpm.rn, _xlfn.XLOOKUP($FN17,$DK$6:$DK$200,$DM$6:$DM$200, , -1), _xlpm.xp, _xlfn.XLOOKUP($FM17,$DK$6:$DK$200,DU$6:DU$200, , -1), _xlpm.xn, _xlfn.XLOOKUP($FN17,$DK$6:$DK$200,DU$6:DU$200, , -1), (_xlpm.r - _xlpm.rp)/(_xlpm.rn - _xlpm.rp)*(_xlpm.xn - _xlpm.xp) + _xlpm.xp ) -> 135.84755 | ... GH17: =_xlfn.LET( _xlpm.r, $FQ17, _xlpm.rp, _xlfn.XLOOKUP($FM17,$DK$6:$DK$200,$DM$6:$DM$200, , -1), _xlpm.rn, _xlfn.XLOOKUP($FN17,$DK$6:$DK$200,$DM$6:$DM$200, , -1), _xlpm.xp, _xlfn.XLOOKUP($FM17,$DK$6:$DK$200,ED$6:ED$200, , -1), _xlpm.xn, _xlfn.XLOOKUP($FN17,$DK$6:$DK$200,ED$6:ED$200, , -1), (_xlpm.r - _xlpm.rp)/(_xlpm.rn - _xlpm.rp)*(_xlpm.xn - _xlpm.xp) + _xlpm.xp ) -> 2.2687738e+08 | GI17: =_xlfn.LET( _xlpm.r, $FQ17, _xlpm.rp, _xlfn.XLOOKUP($FM17,$DK$6:$DK$200,$DM$6:$DM$200, , -1), _xlpm.rn, _xlfn.XLOOKUP($FN17,$DK$6:$DK$200,$DM$6:$DM$200, , -1), _xlpm.xp, _xlfn.XLOOKUP($FM17,$DK$6:$DK$200,EF$6:EF$200, , -1), _xlpm.xn, _xlfn.XLOOKUP($FN17,$DK$6:$DK$200,EF$6:EF$200, , -1), (_xlpm.r - _xlpm.rp)/(_xlpm.rn - _xlpm.rp)*(_xlpm.xn - _xlpm.xp) + _xlpm.xp ) -> 24104023 | GJ17: =_xlfn.LET( _xlpm.r, $FQ17, _xlpm.rp, _xlfn.XLOOKUP($FM17,$DK$6:$DK$200,$DM$6:$DM$200, , -1), _xlpm.rn, _xlfn.XLOOKUP($FN17,$DK$6:$DK$200,$DM$6:$DM$200, , -1), _xlpm.xp, _xlfn.XLOOKUP($FM17,$DK$6:$DK$200,EG$6:EG$200, , -1), _xlpm.xn, _xlfn.XLOOKUP($FN17,$DK$6:$DK$200,EG$6:EG$200, , -1), (_xlpm.r - _xlpm.rp)/(_xlpm.rn - _xlpm.rp)*(_xlpm.xn - _xlpm.xp) + _xlpm.xp ) -> -26193174 | GK17: =_xlfn.LET( _xlpm.r, $FQ17, _xlpm.rp, _xlfn.XLOOKUP($FM17,$DK$6:$DK$200,$DM$6:$DM$200, , -1), _xlpm.rn, _xlfn.XLOOKUP($FN17,$DK$6:$DK$200,$DM$6:$DM$200, , -1), _xlpm.xp, _xlfn.XLOOKUP($FM17,$DK$6:$DK$200,EH$6:EH$200, , -1), _xlpm.xn, _xlfn.XLOOKUP($FN17,$DK$6:$DK$200,EH$6:EH$200, , -1), (_xlpm.r - _xlpm.rp)/(_xlpm.rn - _xlpm.rp)*(_xlpm.xn - _xlpm.xp) + _xlpm.xp ) -> 0
