Workbook

Sheet READ_ME
B2: Tabs | C2: Details | D2: Notes | F2: Abbreviations
B3: NASA | C3: Raw data of noFPM structural models of HVAB | D3: SI units convertion | F3: FPM | G3: Fully Populated Matrix
B4: NASA_2_CORAL | C4: Process noFPM data to use as input in CORAL | D4: discussion about axes rotation | F4: 2 | G4: to
B5: beam_frmt | C5: beam.str format | D5: used for "output" | F5: diff | G5: differences
B6: EXI_beam_diff | C6: Comparison of "NASA_2_CORAL_noFPM" & "EXI_beam" models | D6: plots, [%] differences | F6: frmt | G6: format
B7: output | C7: TXT format of beam.str | D7: "beam_frmt" | F7: EXI | G7: existing
B8: EXI_beam | C8: Existing beam.str | D8: Diploma thesis beam.str

Sheet NASA
B1: NASA | V1: NASA | AE1: NASA | AL1: NASA | BE1: initialization | BI1: NASA
B2: File Name: | C2: https://www.aiaa-hpw.org/_files/ugd/0bda64_8380011662e748a2bde4a3ecefe95fd1.pdf | V2: File Name: | W2: https://www.aiaa-hpw.org/_files/ugd/0bda64_8380011662e748a2bde4a3ecefe95fd1.pdf | AL2: File Name: | AM2: https://www.aiaa-hpw.org/_files/ugd/0bda64_8380011662e748a2bde4a3ecefe95fd1.pdf | BE2: R | BF2: 66.5 | BG2: [in] | BI2: File Name:
B3: Details: | C3: RAW | D3: DATA | E3: Structural properties for blade model: standard Timoshenko beam | V3: Details: | W3: RAW | X3: DATA | Y3: Geometric properties of blade | AE3: Details: | AF3: PROCESS | AL3: Details: | AM3: COPY | AN3: DATA | AO3: Structural properties for blade model: standard Timoshenko beam | BE3: h_hinge | BF3: 3.5 | BG3: [in] | BI3: Details: | BJ3: PROCESS | BL3: DATA | BM3: Structural properties in SI untis
AM4: PROCESS | BE4: h_link | BF4: 5.8 | BG4: [in] | BI4: Notes: | BJ4: NASA | BK4: units | BL4: in | BM4: lbf*s^2 / in^2 | BN4: lbf | BO4: lbf*in^2 | BP4: in | BQ4: in | BR4: in | BS4: in | BT4: in | BU4: in | BV4: lbf*in^2 | BW4: lbf*in^2 | BX4: lbf*in^2 | BY4: lbf*s^2 | BZ4: lbf*s^2 | CA4: lbf*s^2
B5: r/R | C5: R | D5: rA | E5: EA | F5: GJ@SC | G5: SCη | H5: SCζ | I5: CGη | J5: CGζ | K5: η | L5: ζ | M5: EI_f | N5: EI_c | O5: EI_fc | P5: I_f | Q5: I_c | R5: I_fc | U5: R | W5: r/R | X5: Twist | Y5: c | Z5: Sweep | AA5: DX | AB5: DY | AC5: DZ | AE5: LOOKUP | AG5: Twist | AH5: c | AI5: Sweep | AL5: r/R | AM5: R | AN5: rA | AO5: EA | AP5: GJ@SC | AQ5: SCη | AR5: SCζ | AS5: CGη | AT5: CGζ | AU5: η | AV5: ζ | AW5: EI_f | AX5: EI_c | AY5: EI_fc | AZ5: I_f | BA5: I_c | BB5: I_fc | BI5: Twist | BJ5: c | BK5: sweep | BL5: R | BM5: rA | BN5: EA | BO5: GJ@SC | BP5: SCη | BQ5: SCζ | BR5: CGη | BS5: CGζ | BT5: η | BU5: ζ | BV5: EI_f | BW5: EI_c | BX5: EI_fc | BY5: I_f | BZ5: I_c | CA5: I_fc | CB5: $ 24
B6: [-] | C6: in | D6: lbf*s^2 / in^2 | E6: lbf | F6: lbf*in^2 | G6: in | H6: in | I6: in | J6: in | K6: in | L6: in | M6: lbf*in^2 | N6: lbf*in^2 | O6: lbf*in^2 | P6: lbf*s^2 | Q6: lbf*s^2 | R6: lbf*s^2 | S6: $ 29 | U6: m | V6: $ 9 | W6: [-] | X6: (deg) | Y6: (in) | Z6: (deg) | AA6: (in) | AB6: (in) | AC6: (in) | AE6: pre | AF6: next | AG6: (deg) | AH6: (in) | AI6: (in) | AJ6: check | AL6: [-] | AM6: in | AN6: lbf*s^2 / in^2 | AO6: lbf | AP6: lbf*in^2 | AQ6: in | AR6: in | AS6: in | AT6: in | AU6: in | AV6: in | AW6: lbf*in^2 | AX6: lbf*in^2 | AY6: lbf*in^2 | AZ6: lbf*s^2 | BA6: lbf*s^2 | BB6: lbf*s^2 | BC6: $ 24 | BE6: conversion units | BI6: deg | BJ6: m | BK6: m | BL6: m | BM6: N*s^2/m^2 | BN6: N | BO6: N*m^2 | BP6: m | BQ6: m | BR6: m | BS6: m | BT6: m | BU6: m | BV6: N*m^2 | BW6: N*m^2 | BX6: N*m^2 | BY6: N*s^2 | BZ6: N*s^2 | CA6: N*s^2
A7: check | B7: =($BF$3+$BF$4)/$BF$2 -> 0.13984962 | C7: =B7* $BF$2 -> 9.3 | D7: =D8 -> 0.000298 | E7: =E8 -> 13000000 | F7: =F8 -> 274000 | G7: =G8 -> 0.127 | H7: =H8 -> 0.012 | I7: =I8 -> 1.279 | J7: =J8 -> -0.027 | K7: =K8 -> -0.001 | ... R7: =R8 -> 1.62e-05 | S7: 1 | U7: =W7* $BF$2 *$BG$8 - $BF$3 *$BG$8 -> 0.14732063 | V7: 1 | W7: 0.13985 | X7: 8.2 | Y7: 5.45 | Z7: 0 | AA7: 9.3 | AB7: 0 | AC7: 0 | AE7: =_xlfn.XLOOKUP(AL7, $W$7:$W$200, $V$7:$V$200, , 1) -> 1 | AF7: =AE7+1 -> 2 | AG7: =_xlfn.LET( _xlpm.r, $AL7, _xlpm.rp, _xlfn.XLOOKUP($AE7, $V$7:$V$202, $W$7:$W$202, , -1), _xlpm.rn, _xlfn.XLOOKUP($AF7, $V$7:$V$202, $W$7:$W$202, , -1), _xlpm.xp, _xlfn.XLOOKUP($AE7, $V$7:$V$202, X$7:X$202, , -1), _xlpm.xn, _xlfn.XLOOKUP($AF7, $V$7:$V$202, X$7:X$202, , -1), (_xlpm.r - _xlpm.rp)/(_xlpm.rn - _xlpm.rp)*(_xlpm.xn - _xlpm.xp) + _xlpm.xp ) -> 8.2 | AH7: =_xlfn.LET( _xlpm.r, $AL7, _xlpm.rp, _xlfn.XLOOKUP($AE7, $V$7:$V$202, $W$7:$W$202, , -1), _xlpm.rn, _xlfn.XLOOKUP($AF7, $V$7:$V$202, $W$7:$W$202, , -1), _xlpm.xp, _xlfn.XLOOKUP($AE7, $V$7:$V$202, Y$7:Y$202, , -1), _xlpm.xn, _xlfn.XLOOKUP($AF7, $V$7:$V$202, Y$7:Y$202, , -1), (_xlpm.r - _xlpm.rp)/(_xlpm.rn - _xlpm.rp)*(_xlpm.xn - _xlpm.xp) + _xlpm.xp ) -> 5.45 | AI7: =- _xlfn.LET( _xlpm.r, $AL7, _xlpm.rp, _xlfn.XLOOKUP($AE7, $V$7:$V$202, $W$7:$W$202, , -1), _xlpm.rn, _xlfn.XLOOKUP($AF7, $V$7:$V$202, $W$7:$W$202, , -1), _xlpm.xp, _xlfn.XLOOKUP($AE7, $V$7:$V$202, AB$7:AB$202, , -1), _xlpm.xn, _xlfn.XLOOKUP($AF7, $V$7:$V$202, AB$7:AB$202, , -1), (_xlpm.r - _xlpm.rp)/(_xlpm.rn - _xlpm.rp)*(_xlpm.xn - _xlpm.xp) + _xlpm.xp ) -> 0 | AJ7: =_xlfn.LET( _xlpm.r, $AL7, _xlpm.rp, _xlfn.XLOOKUP($AE7, $V$7:$V$202, $W$7:$W$202, , -1), _xlpm.rn, _xlfn.XLOOKUP($AF7, $V$7:$V$202, $W$7:$W$202, , -1), _xlpm.xp, _xlfn.XLOOKUP($AE7, $V$7:$V$202, Z$7:Z$202, , -1), _xlpm.xn, _xlfn.XLOOKUP($AF7, $V$7:$V$202, Z$7:Z$202, , -1), (_xlpm.r - _xlpm.rp)/(_xlpm.rn - _xlpm.rp)*(_xlpm.xn - _xlpm.xp) + _xlpm.xp ) -> 0 | AL7: =B7 -> 0.13984962 | AM7: =C7 -> 9.3 | AN7: =AN8 -> 0.000298 | AO7: =AO8 -> 13000000 | AP7: =AP8 -> 274000 | AQ7: =AQ8 -> 0.127 | AR7: =AR8 -> 0.012 | AS7: =AS8 -> 1.279 | AT7: =AT8 -> -0.027 | AU7: =AU8 -> -0.001 | ... BB7: =BB8 -> 1.62e-05 | BC7: 1 | BI7: =AG7 -> 8.2 | BJ7: =AH7 *$BG$8 -> 0.13843 | BK7: =AI7 *$BG$8 -> 0 | BL7: =AM7 * $BG$8 - $BF$3*$BG$8 -> 0.14732 | BM7: =AN7 * $BG$9/ ($BG$8^2) -> 2.0546377 | BN7: =AO7 * $BG$9 -> 57826881 | BO7: =AP7 * $BG$9*$BG$8^2 -> 786.32922 | BP7: =AQ7 * $BG$8 -> 0.0032258 | BQ7: =AR7 * $BG$8 -> 0.0003048 | BR7: =AS7 * $BG$8 -> 0.0324866 | BS7: =AT7 * $BG$8 -> -0.0006858 | BT7: =AU7 * $BG$8 -> -2.54e-05 | BU7: =AV7 * $BG$8 -> -5.08e-05 | BV7: =AW7 * $BG$9*$BG$8^2 -> 828.97179 | BW7: =AX7 * $BG$9*$BG$8^2 -> 20289.59 | BX7: =AY7 * $BG$9*$BG$8^2 -> 94.703884 | BY7: =AZ7 * $BG$9 -> 3.2027196e-05 | BZ7: =BA7 * $BG$9 -> 0.0040300888 | CA7: =BB7 * $BG$9 -> 7.206119e-05 | CB7: 1
A8: =IF(B8=B7, "same", "") | B8: 0.178 | C8: =B8* $BF$2 -> 11.837 | D8: 0.000298 | E8: 13000000 | F8: 274000 | G8: 0.127 | H8: 0.012 | I8: 1.279 | J8: -0.027 | K8: -0.001 | L8: -0.002 | M8: 288859 | N8: 7070000 | O8: 33000 | P8: 7.2e-06 | Q8: 0.000906 | R8: 1.62e-05 | S8: 2 | U8: =W8* $BF$2 *$BG$8 - $BF$3 *$BG$8 -> 0.1935513 | V8: 2 | W8: 0.16722 | X8: 8.2 | Y8: 5.45 | Z8: 0 | AA8: 11.12 | AB8: 0 | AC8: 0 | AE8: =_xlfn.XLOOKUP(AL8, $W$7:$W$200, $V$7:$V$200, , -1) -> 2 | AF8: =AE8+1 -> 3 | AG8: =_xlfn.LET( _xlpm.r, $AL8, _xlpm.rp, _xlfn.XLOOKUP($AE8, $V$7:$V$202, $W$7:$W$202, , -1), _xlpm.rn, _xlfn.XLOOKUP($AF8, $V$7:$V$202, $W$7:$W$202, , -1), _xlpm.xp, _xlfn.XLOOKUP($AE8, $V$7:$V$202, X$7:X$202, , -1), _xlpm.xn, _xlfn.XLOOKUP($AF8, $V$7:$V$202, X$7:X$202, , -1), (_xlpm.r - _xlpm.rp)/(_xlpm.rn - _xlpm.rp)*(_xlpm.xn - _xlpm.xp) + _xlpm.xp ) -> 8.0484739 | AH8: =_xlfn.LET( _xlpm.r, $AL8, _xlpm.rp, _xlfn.XLOOKUP($AE8, $V$7:$V$202, $W$7:$W$202, , -1), _xlpm.rn, _xlfn.XLOOKUP($AF8, $V$7:$V$202, $W$7:$W$202, , -1), _xlpm.xp, _xlfn.XLOOKUP($AE8, $V$7:$V$202, Y$7:Y$202, , -1), _xlpm.xn, _xlfn.XLOOKUP($AF8, $V$7:$V$202, Y$7:Y$202, , -1), (_xlpm.r - _xlpm.rp)/(_xlpm.rn - _xlpm.rp)*(_xlpm.xn - _xlpm.xp) + _xlpm.xp ) -> 5.45 | AI8: =- _xlfn.LET( _xlpm.r, $AL8, _xlpm.rp, _xlfn.XLOOKUP($AE8, $V$7:$V$202, $W$7:$W$202, , -1), _xlpm.rn, _xlfn.XLOOKUP($AF8, $V$7:$V$202, $W$7:$W$202, , -1), _xlpm.xp, _xlfn.XLOOKUP($AE8, $V$7:$V$202, AB$7:AB$202, , -1), _xlpm.xn, _xlfn.XLOOKUP($AF8, $V$7:$V$202, AB$7:AB$202, , -1), (_xlpm.r - _xlpm.rp)/(_xlpm.rn - _xlpm.rp)*(_xlpm.xn - _xlpm.xp) + _xlpm.xp ) -> 0 | AJ8: =_xlfn.LET( _xlpm.r, $AL8, _xlpm.rp, _xlfn.XLOOKUP($AE8, $V$7:$V$202, $W$7:$W$202, , -1), _xlpm.rn, _xlfn.XLOOKUP($AF8, $V$7:$V$202, $W$7:$W$202, , -1), _xlpm.xp, _xlfn.XLOOKUP($AE8, $V$7:$V$202, Z$7:Z$202, , -1), _xlpm.xn, _xlfn.XLOOKUP($AF8, $V$7:$V$202, Z$7:Z$202, , -1), (_xlpm.r - _xlpm.rp)/(_xlpm.rn - _xlpm.rp)*(_xlpm.xn - _xlpm.xp) + _xlpm.xp ) -> 0 | AL8: =B8 -> 0.178 | AM8: =C8 -> 11.837 | AN8: 0.000298 | AO8: 13000000 | AP8: 274000 | AQ8: 0.127 | AR8: 0.012 | AS8: 1.279 | AT8: -0.027 | AU8: -0.001 | AV8: -0.002 | AW8: 288859 | AX8: 7070000 | AY8: 33000 | AZ8: 7.2e-06 | BA8: 0.000906 | BB8: 1.62e-05 | BC8: 2 | BE8: in2m | BF8: [in] to [m] | BG8: 0.0254 | BI8: =AG8 -> 8.0484739 | BJ8: =AH8 *$BG$8 -> 0.13843 | BK8: =AI8 *$BG$8 -> 0 | BL8: =AM8 * $BG$8 - $BF$3*$BG$8 -> 0.2117598 | BM8: =AN8 * $BG$9/ ($BG$8^2) -> 2.0546377 | BN8: =AO8 * $BG$9 -> 57826881 | BO8: =AP8 * $BG$9*$BG$8^2 -> 786.32922 | BP8: =AQ8 * $BG$8 -> 0.0032258 | BQ8: =AR8 * $BG$8 -> 0.0003048 | BR8: =AS8 * $BG$8 -> 0.0324866 | BS8: =AT8 * $BG$8 -> -0.0006858 | BT8: =AU8 * $BG$8 -> -2.54e-05 | BU8: =AV8 * $BG$8 -> -5.08e-05 | BV8: =AW8 * $BG$9*$BG$8^2 -> 828.97179 | BW8: =AX8 * $BG$9*$BG$8^2 -> 20289.59 | BX8: =AY8 * $BG$9*$BG$8^2 -> 94.703884 | BY8: =AZ8 * $BG$9 -> 3.2027196e-05 | BZ8: =BA8 * $BG$9 -> 0.0040300888 | CA8: =BB8 * $BG$9 -> 7.206119e-05 | CB8: 2
A9: =IF(B9=B8, "same", "") | B9: 0.215 | C9: =B9* $BF$2 -> 14.2975 | D9: 0.000219 | E9: 7380000 | F9: 236000 | G9: -0.002 | H9: 0.054 | I9: -0.017 | J9: 0.031 | K9: -0.052 | L9: 0.04 | M9: 308234 | N9: 4540000 | O9: -19900 | P9: 6.16e-06 | Q9: 0.000363 | R9: -1.88e-06 | S9: 3 | U9: =W9* $BF$2 *$BG$8 - $BF$3 *$BG$8 -> 0.33655051 | V9: 3 | W9: 0.25188 | X9: 7.01 | Y9: 5.45 | Z9: 0 | AA9: 16.75 | AB9: 0 | AC9: 0 | AE9: =_xlfn.XLOOKUP(AL9, $W$7:$W$200, $V$7:$V$200, , -1) -> 2 | AF9: =AE9+1 -> 3 | AG9: =_xlfn.LET( _xlpm.r, $AL9, _xlpm.rp, _xlfn.XLOOKUP($AE9, $V$7:$V$202, $W$7:$W$202, , -1), _xlpm.rn, _xlfn.XLOOKUP($AF9, $V$7:$V$202, $W$7:$W$202, , -1), _xlpm.xp, _xlfn.XLOOKUP($AE9, $V$7:$V$202, X$7:X$202, , -1), _xlpm.xn, _xlfn.XLOOKUP($AF9, $V$7:$V$202, X$7:X$202, , -1), (_xlpm.r - _xlpm.rp)/(_xlpm.rn - _xlpm.rp)*(_xlpm.xn - _xlpm.xp) + _xlpm.xp ) -> 7.5283936 | AH9: =_xlfn.LET( _xlpm.r, $AL9, _xlpm.rp, _xlfn.XLOOKUP($AE9, $V$7:$V$202, $W$7:$W$202, , -1), _xlpm.rn, _xlfn.XLOOKUP($AF9, $V$7:$V$202, $W$7:$W$202, , -1), _xlpm.xp, _xlfn.XLOOKUP($AE9, $V$7:$V$202, Y$7:Y$202, , -1), _xlpm.xn, _xlfn.XLOOKUP($AF9, $V$7:$V$202, Y$7:Y$202, , -1), (_xlpm.r - _xlpm.rp)/(_xlpm.rn - _xlpm.rp)*(_xlpm.xn - _xlpm.xp) + _xlpm.xp ) -> 5.45 | AI9: =- _xlfn.LET( _xlpm.r, $AL9, _xlpm.rp, _xlfn.XLOOKUP($AE9, $V$7:$V$202, $W$7:$W$202, , -1), _xlpm.rn, _xlfn.XLOOKUP($AF9, $V$7:$V$202, $W$7:$W$202, , -1), _xlpm.xp, _xlfn.XLOOKUP($AE9, $V$7:$V$202, AB$7:AB$202, , -1), _xlpm.xn, _xlfn.XLOOKUP($AF9, $V$7:$V$202, AB$7:AB$202, , -1), (_xlpm.r - _xlpm.rp)/(_xlpm.rn - _xlpm.rp)*(_xlpm.xn - _xlpm.xp) + _xlpm.xp ) -> 0 | AJ9: =_xlfn.LET( _xlpm.r, $AL9, _xlpm.rp, _xlfn.XLOOKUP($AE9, $V$7:$V$202, $W$7:$W$202, , -1), _xlpm.rn, _xlfn.XLOOKUP($AF9, $V$7:$V$202, $W$7:$W$202, , -1), _xlpm.xp, _xlfn.XLOOKUP($AE9, $V$7:$V$202, Z$7:Z$202, , -1), _xlpm.xn, _xlfn.XLOOKUP($AF9, $V$7:$V$202, Z$7:Z$202, , -1), (_xlpm.r - _xlpm.rp)/(_xlpm.rn - _xlpm.rp)*(_xlpm.xn - _xlpm.xp) + _xlpm.xp ) -> 0 | AL9: =B9 -> 0.215 | AM9: =C9 -> 14.2975 | AN9: 0.000219 | AO9: 7380000 | AP9: 236000 | AQ9: -0.002 | AR9: 0.054 | AS9: -0.017 | AT9: 0.031 | AU9: -0.052 | AV9: 0.04 | AW9: 308234 | AX9: 4540000 | AY9: -19900 | AZ9: 6.16e-06 | BA9: 0.000363 | BB9: -1.88e-06 | BC9: 3 | BE9: lbf2N | BF9: [lbf] to [N] | BG9: 4.4482216 | BI9: =AG9 -> 7.5283936 | BJ9: =AH9 *$BG$8 -> 0.13843 | BK9: =AI9 *$BG$8 -> 0 | BL9: =AM9 * $BG$8 - $BF$3*$BG$8 -> 0.2742565 | BM9: =AN9 * $BG$9/ ($BG$8^2) -> 1.5099518 | BN9: =AO9 * $BG$9 -> 32827876 | BO9: =AP9 * $BG$9*$BG$8^2 -> 677.27626 | BP9: =AQ9 * $BG$8 -> -5.08e-05 | BQ9: =AR9 * $BG$8 -> 0.0013716 | BR9: =AS9 * $BG$8 -> -0.0004318 | BS9: =AT9 * $BG$8 -> 0.0007874 | BT9: =AU9 * $BG$8 -> -0.0013208 | BU9: =AV9 * $BG$8 -> 0.001016 | BV9: =AW9 * $BG$9*$BG$8^2 -> 884.57445 | BW9: =AX9 * $BG$9*$BG$8^2 -> 13028.959 | BX9: =AY9 * $BG$9*$BG$8^2 -> -57.109312 | BY9: =AZ9 * $BG$9 -> 2.7401045e-05 | BZ9: =BA9 * $BG$9 -> 0.0016147044 | CA9: =BB9 * $BG$9 -> -8.3626566e-06 | CB9: 3
A10: =IF(B10=B9, "same", "") | B10: 0.252 | C10: =B10* $BF$2 -> 16.758 | D10: 0.000206 | E10: 6280000 | F10: 214000 | G10: 0.031 | H10: 0.112 | I10: -0.05 | J10: 0.056 | K10: -0.051 | L10: 0.078 | M10: 345802 | N10: 4030000 | O10: -55600 | P10: 6.75e-06 | Q10: 0.000336 | R10: -5.93e-06 | S10: 4 | U10: =W10* $BF$2 *$BG$8 - $BF$3 *$BG$8 -> 1.011177 | V10: 4 | W10: 0.65128 | X10: 1.4 | Y10: 5.45 | Z10: 0 | AA10: 43.31 | AB10: 0 | AC10: 0 | AE10: =_xlfn.XLOOKUP(AL10, $W$7:$W$200, $V$7:$V$200, , -1) -> 3 | AF10: =AE10+1 -> 4 | AG10: =_xlfn.LET( _xlpm.r, $AL10, _xlpm.rp, _xlfn.XLOOKUP($AE10, $V$7:$V$202, $W$7:$W$202, , -1), _xlpm.rn, _xlfn.XLOOKUP($AF10, $V$7:$V$202, $W$7:$W$202, , -1), _xlpm.xp, _xlfn.XLOOKUP($AE10, $V$7:$V$202, X$7:X$202, , -1), _xlpm.xn, _xlfn.XLOOKUP($AF10, $V$7:$V$202, X$7:X$202, , -1), (_xlpm.r - _xlpm.rp)/(_xlpm.rn - _xlpm.rp)*(_xlpm.xn - _xlpm.xp) + _xlpm.xp ) -> 7.0083145 | AH10: =_xlfn.LET( _xlpm.r, $AL10, _xlpm.rp, _xlfn.XLOOKUP($AE10, $V$7:$V$202, $W$7:$W$202, , -1), _xlpm.rn, _xlfn.XLOOKUP($AF10, $V$7:$V$202, $W$7:$W$202, , -1), _xlpm.xp, _xlfn.XLOOKUP($AE10, $V$7:$V$202, Y$7:Y$202, , -1), _xlpm.xn, _xlfn.XLOOKUP($AF10, $V$7:$V$202, Y$7:Y$202, , -1), (_xlpm.r - _xlpm.rp)/(_xlpm.rn - _xlpm.rp)*(_xlpm.xn - _xlpm.xp) + _xlpm.xp ) -> 5.45 | AI10: =- _xlfn.LET( _xlpm.r, $AL10, _xlpm.rp, _xlfn.XLOOKUP($AE10, $V$7:$V$202, $W$7:$W$202, , -1), _xlpm.rn, _xlfn.XLOOKUP($AF10, $V$7:$V$202, $W$7:$W$202, , -1), _xlpm.xp, _xlfn.XLOOKUP($AE10, $V$7:$V$202, AB$7:AB$202, , -1), _xlpm.xn, _xlfn.XLOOKUP($AF10, $V$7:$V$202, AB$7:AB$202, , -1), (_xlpm.r - _xlpm.rp)/(_xlpm.rn - _xlpm.rp)*(_xlpm.xn - _xlpm.xp) + _xlpm.xp ) -> 0 | AJ10: =_xlfn.LET( _xlpm.r, $AL10, _xlpm.rp, _xlfn.XLOOKUP($AE10, $V$7:$V$202, $W$7:$W$202, , -1), _xlpm.rn, _xlfn.XLOOKUP($AF10, $V$7:$V$202, $W$7:$W$202, , -1), _xlpm.xp, _xlfn.XLOOKUP($AE10, $V$7:$V$202, Z$7:Z$202, , -1), _xlpm.xn, _xlfn.XLOOKUP($AF10, $V$7:$V$202, Z$7:Z$202, , -1), (_xlpm.r - _xlpm.rp)/(_xlpm.rn - _xlpm.rp)*(_xlpm.xn - _xlpm.xp) + _xlpm.xp ) -> 0 | AL10: =B10 -> 0.252 | AM10: =C10 -> 16.758 | AN10: 0.000206 | AO10: 6280000 | AP10: 214000 | AQ10: 0.031 | AR10: 0.112 | AS10: -0.05 | AT10: 0.056 | AU10: -0.051 | AV10: 0.078 | AW10: 345802 | AX10: 4030000 | AY10: -55600 | AZ10: 6.75e-06 | BA10: 0.000336 | BB10: -5.93e-06 | BC10: 4 | BI10: =AG10 -> 7.0083145 | BJ10: =AH10 *$BG$8 -> 0.13843 | BK10: =AI10 *$BG$8 -> 0 | BL10: =AM10 * $BG$8 - $BF$3*$BG$8 -> 0.3367532 | BM10: =AN10 * $BG$9/ ($BG$8^2) -> 1.42032 | BN10: =AO10 * $BG$9 -> 27934832 | BO10: =AP10 * $BG$9*$BG$8^2 -> 614.14034 | BP10: =AQ10 * $BG$8 -> 0.0007874 | BQ10: =AR10 * $BG$8 -> 0.0028448 | BR10: =AS10 * $BG$8 -> -0.00127 | BS10: =AT10 * $BG$8 -> 0.0014224 | BT10: =AU10 * $BG$8 -> -0.0012954 | BU10: =AV10 * $BG$8 -> 0.0019812 | BV10: =AW10 * $BG$9*$BG$8^2 -> 992.38765 | BW10: =AX10 * $BG$9*$BG$8^2 -> 11565.353 | BX10: =AY10 * $BG$9*$BG$8^2 -> -159.56169 | BY10: =AZ10 * $BG$9 -> 3.0025496e-05 | BZ10: =BA10 * $BG$9 -> 0.0014946025 | CA10: =BB10 * $BG$9 -> -2.6377954e-05 | CB10: 4
A11: =IF(B11=B10, "same", "") | B11: 0.389 | C11: =B11* $BF$2 -> 25.8685 | D11: 0.000158 | E11: 6190000 | F11: 169000 | G11: 0.081 | H11: 0.134 | I11: 0.665 | J11: 0.056 | K11: -0.026 | L11: 0.112 | M11: 259208 | N11: 3930000 | O11: -19500 | P11: 6.54e-06 | Q11: 0.000262 | R11: 2.82e-06 | S11: 5 | U11: =W11* $BF$2 *$BG$8 - $BF$3 *$BG$8 -> 1.0954969 | V11: 5 | W11: 0.7012 | X11: 0.7 | Y11: 5.45 | Z11: 0 | AA11: 46.63 | AB11: 0 | AC11: 0 | AE11: =_xlfn.XLOOKUP(AL11, $W$7:$W$200, $V$7:$V$200, , -1) -> 3 | AF11: =AE11+1 -> 4 | AG11: =_xlfn.LET( _xlpm.r, $AL11, _xlpm.rp, _xlfn.XLOOKUP($AE11, $V$7:$V$202, $W$7:$W$202, , -1), _xlpm.rn, _xlfn.XLOOKUP($AF11, $V$7:$V$202, $W$7:$W$202, , -1), _xlpm.xp, _xlfn.XLOOKUP($AE11, $V$7:$V$202, X$7:X$202, , -1), _xlpm.xn, _xlfn.XLOOKUP($AF11, $V$7:$V$202, X$7:X$202, , -1), (_xlpm.r - _xlpm.rp)/(_xlpm.rn - _xlpm.rp)*(_xlpm.xn - _xlpm.xp) + _xlpm.xp ) -> 5.084003 | AH11: =_xlfn.LET( _xlpm.r, $AL11, _xlpm.rp, _xlfn.XLOOKUP($AE11, $V$7:$V$202, $W$7:$W$202, , -1), _xlpm.rn, _xlfn.XLOOKUP($AF11, $V$7:$V$202, $W$7:$W$202, , -1), _xlpm.xp, _xlfn.XLOOKUP($AE11, $V$7:$V$202, Y$7:Y$202, , -1), _xlpm.xn, _xlfn.XLOOKUP($AF11, $V$7:$V$202, Y$7:Y$202, , -1), (_xlpm.r - _xlpm.rp)/(_xlpm.rn - _xlpm.rp)*(_xlpm.xn - _xlpm.xp) + _xlpm.xp ) -> 5.45 | AI11: =- _xlfn.LET( _xlpm.r, $AL11, _xlpm.rp, _xlfn.XLOOKUP($AE11, $V$7:$V$202, $W$7:$W$202, , -1), _xlpm.rn, _xlfn.XLOOKUP($AF11, $V$7:$V$202, $W$7:$W$202, , -1), _xlpm.xp, _xlfn.XLOOKUP($AE11, $V$7:$V$202, AB$7:AB$202, , -1), _xlpm.xn, _xlfn.XLOOKUP($AF11, $V$7:$V$202, AB$7:AB$202, , -1), (_xlpm.r - _xlpm.rp)/(_xlpm.rn - _xlpm.rp)*(_xlpm.xn - _xlpm.xp) + _xlpm.xp ) -> 0 | AJ11: =_xlfn.LET( _xlpm.r, $AL11, _xlpm.rp, _xlfn.XLOOKUP($AE11, $V$7:$V$202, $W$7:$W$202, , -1), _xlpm.rn, _xlfn.XLOOKUP($AF11, $V$7:$V$202, $W$7:$W$202, , -1), _xlpm.xp, _xlfn.XLOOKUP($AE11, $V$7:$V$202, Z$7:Z$202, , -1), _xlpm.xn, _xlfn.XLOOKUP($AF11, $V$7:$V$202, Z$7:Z$202, , -1), (_xlpm.r - _xlpm.rp)/(_xlpm.rn - _xlpm.rp)*(_xlpm.xn - _xlpm.xp) + _xlpm.xp ) -> 0 | AL11: =B11 -> 0.389 | AM11: =C11 -> 25.8685 | AN11: 0.000158 | AO11: 6190000 | AP11: 169000 | AQ11: 0.081 | AR11: 0.134 | AS11: 0.665 | AT11: 0.056 | AU11: -0.026 | AV11: 0.112 | AW11: 259208 | AX11: 3930000 | AY11: -19500 | AZ11: 6.54e-06 | BA11: 0.000262 | BB11: 2.82e-06 | BC11: 5 | BI11: =AG11 -> 5.084003 | BJ11: =AH11 *$BG$8 -> 0.13843 | BK11: =AI11 *$BG$8 -> 0 | BL11: =AM11 * $BG$8 - $BF$3*$BG$8 -> 0.5681599 | BM11: =AN11 * $BG$9/ ($BG$8^2) -> 1.0893717 | BN11: =AO11 * $BG$9 -> 27534492 | BO11: =AP11 * $BG$9*$BG$8^2 -> 484.99868 | BP11: =AQ11 * $BG$8 -> 0.0020574 | BQ11: =AR11 * $BG$8 -> 0.0034036 | BR11: =AS11 * $BG$8 -> 0.016891 | BS11: =AT11 * $BG$8 -> 0.0014224 | BT11: =AU11 * $BG$8 -> -0.0006604 | BU11: =AV11 * $BG$8 -> 0.0028448 | BV11: =AW11 * $BG$9*$BG$8^2 -> 743.87892 | BW11: =AX11 * $BG$9*$BG$8^2 -> 11278.372 | BX11: =AY11 * $BG$9*$BG$8^2 -> -55.961386 | BY11: =AZ11 * $BG$9 -> 2.9091369e-05 | BZ11: =BA11 * $BG$9 -> 0.0011654341 | CA11: =BB11 * $BG$9 -> 1.2543985e-05 | CB11: 5
A12: =IF(B12=B11, "same", "") | B12: 0.405 | C12: =B12* $BF$2 -> 26.9325 | D12: 0.000157 | E12: 6190000 | F12: 168000 | G12: 0.089 | H12: 0.091 | I12: 0.66 | J12: 0.097 | K12: -0.025 | L12: 0.047 | M12: 258124 | N12: 3920000 | O12: -69700 | P12: 6.43e-06 | Q12: 0.000263 | R12: -1.15e-06 | S12: 6 | U12: =W12* $BF$2 *$BG$8 - $BF$3 *$BG$8 -> 1.2636468 | V12: 6 | W12: 0.80075 | X12: -0.7 | Y12: 5.45 | Z12: 0 | AA12: 53.25 | AB12: 0 | AC12: 0 | AE12: =_xlfn.XLOOKUP(AL12, $W$7:$W$200, $V$7:$V$200, , -1) -> 3 | AF12: =AE12+1 -> 4 | AG12: =_xlfn.LET( _xlpm.r, $AL12, _xlpm.rp, _xlfn.XLOOKUP($AE12, $V$7:$V$202, $W$7:$W$202, , -1), _xlpm.rn, _xlfn.XLOOKUP($AF12, $V$7:$V$202, $W$7:$W$202, , -1), _xlpm.xp, _xlfn.XLOOKUP($AE12, $V$7:$V$202, X$7:X$202, , -1), _xlpm.xn, _xlfn.XLOOKUP($AF12, $V$7:$V$202, X$7:X$202, , -1), (_xlpm.r - _xlpm.rp)/(_xlpm.rn - _xlpm.rp)*(_xlpm.xn - _xlpm.xp) + _xlpm.xp ) -> 4.8592659 | AH12: =_xlfn.LET( _xlpm.r, $AL12, _xlpm.rp, _xlfn.XLOOKUP($AE12, $V$7:$V$202, $W$7:$W$202, , -1), _xlpm.rn, _xlfn.XLOOKUP($AF12, $V$7:$V$202, $W$7:$W$202, , -1), _xlpm.xp, _xlfn.XLOOKUP($AE12, $V$7:$V$202, Y$7:Y$202, , -1), _xlpm.xn, _xlfn.XLOOKUP($AF12, $V$7:$V$202, Y$7:Y$202, , -1), (_xlpm.r - _xlpm.rp)/(_xlpm.rn - _xlpm.rp)*(_xlpm.xn - _xlpm.xp) + _xlpm.xp ) -> 5.45 | AI12: =- _xlfn.LET( _xlpm.r, $AL12, _xlpm.rp, _xlfn.XLOOKUP($AE12, $V$7:$V$202, $W$7:$W$202, , -1), _xlpm.rn, _xlfn.XLOOKUP($AF12, $V$7:$V$202, $W$7:$W$202, , -1), _xlpm.xp, _xlfn.XLOOKUP($AE12, $V$7:$V$202, AB$7:AB$202, , -1), _xlpm.xn, _xlfn.XLOOKUP($AF12, $V$7:$V$202, AB$7:AB$202, , -1), (_xlpm.r - _xlpm.rp)/(_xlpm.rn - _xlpm.rp)*(_xlpm.xn - _xlpm.xp) + _xlpm.xp ) -> 0 | AJ12: =_xlfn.LET( _xlpm.r, $AL12, _xlpm.rp, _xlfn.XLOOKUP($AE12, $V$7:$V$202, $W$7:$W$202, , -1), _xlpm.rn, _xlfn.XLOOKUP($AF12, $V$7:$V$202, $W$7:$W$202, , -1), _xlpm.xp, _xlfn.XLOOKUP($AE12, $V$7:$V$202, Z$7:Z$202, , -1), _xlpm.xn, _xlfn.XLOOKUP($AF12, $V$7:$V$202, Z$7:Z$202, , -1), (_xlpm.r - _xlpm.rp)/(_xlpm.rn - _xlpm.rp)*(_xlpm.xn - _xlpm.xp) + _xlpm.xp ) -> 0 | AL12: =B12 -> 0.405 | AM12: =C12 -> 26.9325 | AN12: 0.000157 | AO12: 6190000 | AP12: 168000 | AQ12: 0.089 | AR12: 0.091 | AS12: 0.66 | AT12: 0.097 | AU12: -0.025 | AV12: 0.047 | AW12: 258124 | AX12: 3920000 | AY12: -69700 | AZ12: 6.43e-06 | BA12: 0.000263 | BB12: -1.15e-06 | BC12: 6 | BE12: Linaer Blade Twist | BF12: [deg] | BG12: -14 | BI12: =AG12 -> 4.8592659 | BJ12: =AH12 *$BG$8 -> 0.13843 | BK12: =AI12 *$BG$8 -> 0 | BL12: =AM12 * $BG$8 - $BF$3*$BG$8 -> 0.5951855 | BM12: =AN12 * $BG$9/ ($BG$8^2) -> 1.0824769 | BN12: =AO12 * $BG$9 -> 27534492 | BO12: =AP12 * $BG$9*$BG$8^2 -> 482.12886 | BP12: =AQ12 * $BG$8 -> 0.0022606 | BQ12: =AR12 * $BG$8 -> 0.0023114 | BR12: =AS12 * $BG$8 -> 0.016764 | BS12: =AT12 * $BG$8 -> 0.0024638 | BT12: =AU12 * $BG$8 -> -0.000635 | BU12: =AV12 * $BG$8 -> 0.0011938 | BV12: =AW12 * $BG$9*$BG$8^2 -> 740.76804 | BW12: =AX12 * $BG$9*$BG$8^2 -> 11249.673 | BX12: =AY12 * $BG$9*$BG$8^2 -> -200.02608 | BY12: =AZ12 * $BG$9 -> 2.8602065e-05 | BZ12: =BA12 * $BG$9 -> 0.0011698823 | CA12: =BB12 * $BG$9 -> -5.1154549e-06 | CB12: 6
A13: =IF(B13=B12, "same", "") | B13: 0.469 | C13: =B13* $BF$2 -> 31.1885 | D13: 0.000204 | E13: 5780000 | F13: 214000 | G13: 0.033 | H13: 0.113 | I13: -0.04 | J13: 0.055 | K13: -0.051 | L13: 0.078 | M13: 323093 | N13: 3890000 | O13: -51800 | P13: 6.5e-06 | Q13: 0.000343 | R13: -5.59e-06 | S13: 7 | U13: =W13* $BF$2 *$BG$8 - $BF$3 *$BG$8 -> 1.3477302 | V13: 7 | W13: 0.85053 | X13: -1.4 | Y13: 5.45 | Z13: 0 | AA13: 56.56 | AB13: 0 | AC13: 0 | AE13: =_xlfn.XLOOKUP(AL13, $W$7:$W$200, $V$7:$V$200, , -1) -> 3 | AF13: =AE13+1 -> 4 | AG13: =_xlfn.LET( _xlpm.r, $AL13, _xlpm.rp, _xlfn.XLOOKUP($AE13, $V$7:$V$202, $W$7:$W$202, , -1), _xlpm.rn, _xlfn.XLOOKUP($AF13, $V$7:$V$202, $W$7:$W$202, , -1), _xlpm.xp, _xlfn.XLOOKUP($AE13, $V$7:$V$202, X$7:X$202, , -1), _xlpm.xn, _xlfn.XLOOKUP($AF13, $V$7:$V$202, X$7:X$202, , -1), (_xlpm.r - _xlpm.rp)/(_xlpm.rn - _xlpm.rp)*(_xlpm.xn - _xlpm.xp) + _xlpm.xp ) -> 3.9603175 | AH13: =_xlfn.LET( _xlpm.r, $AL13, _xlpm.rp, _xlfn.XLOOKUP($AE13, $V$7:$V$202, $W$7:$W$202, , -1), _xlpm.rn, _xlfn.XLOOKUP($AF13, $V$7:$V$202, $W$7:$W$202, , -1), _xlpm.xp, _xlfn.XLOOKUP($AE13, $V$7:$V$202, Y$7:Y$202, , -1), _xlpm.xn, _xlfn.XLOOKUP($AF13, $V$7:$V$202, Y$7:Y$202, , -1), (_xlpm.r - _xlpm.rp)/(_xlpm.rn - _xlpm.rp)*(_xlpm.xn - _xlpm.xp) + _xlpm.xp ) -> 5.45 | AI13: =- _xlfn.LET( _xlpm.r, $AL13, _xlpm.rp, _xlfn.XLOOKUP($AE13, $V$7:$V$202, $W$7:$W$202, , -1), _xlpm.rn, _xlfn.XLOOKUP($AF13, $V$7:$V$202, $W$7:$W$202, , -1), _xlpm.xp, _xlfn.XLOOKUP($AE13, $V$7:$V$202, AB$7:AB$202, , -1), _xlpm.xn, _xlfn.XLOOKUP($AF13, $V$7:$V$202, AB$7:AB$202, , -1), (_xlpm.r - _xlpm.rp)/(_xlpm.rn - _xlpm.rp)*(_xlpm.xn - _xlpm.xp) + _xlpm.xp ) -> 0 | AJ13: =_xlfn.LET( _xlpm.r, $AL13, _xlpm.rp, _xlfn.XLOOKUP($AE13, $V$7:$V$202, $W$7:$W$202, , -1), _xlpm.rn, _xlfn.XLOOKUP($AF13, $V$7:$V$202, $W$7:$W$202, , -1), _xlpm.xp, _xlfn.XLOOKUP($AE13, $V$7:$V$202, Z$7:Z$202, , -1), _xlpm.xn, _xlfn.XLOOKUP($AF13, $V$7:$V$202, Z$7:Z$202, , -1), (_xlpm.r - _xlpm.rp)/(_xlpm.rn - _xlpm.rp)*(_xlpm.xn - _xlpm.xp) + _xlpm.xp ) -> 0 | AL13: =B13 -> 0.469 | AM13: =C13 -> 31.1885 | AN13: 0.000204 | AO13: 5780000 | AP13: 214000 | AQ13: 0.033 | AR13: 0.113 | AS13: -0.04 | AT13: 0.055 | AU13: -0.051 | AV13: 0.078 | AW13: 323093 | AX13: 3890000 | AY13: -51800 | AZ13: 6.5e-06 | BA13: 0.000343 | BB13: -5.59e-06 | BC13: 7 | BI13: =AG13 -> 3.9603175 | BJ13: =AH13 *$BG$8 -> 0.13843 | BK13: =AI13 *$BG$8 -> 0 | BL13: =AM13 * $BG$8 - $BF$3*$BG$8 -> 0.7032879 | BM13: =AN13 * $BG$9/ ($BG$8^2) -> 1.4065305 | BN13: =AO13 * $BG$9 -> 25710721 | BO13: =AP13 * $BG$9*$BG$8^2 -> 614.14034 | BP13: =AQ13 * $BG$8 -> 0.0008382 | BQ13: =AR13 * $BG$8 -> 0.0028702 | BR13: =AS13 * $BG$8 -> -0.001016 | BS13: =AT13 * $BG$8 -> 0.001397 | BT13: =AU13 * $BG$8 -> -0.0012954 | BU13: =AV13 * $BG$8 -> 0.0019812 | BV13: =AW13 * $BG$9*$BG$8^2 -> 927.21703 | BW13: =AX13 * $BG$9*$BG$8^2 -> 11163.579 | BX13: =AY13 * $BG$9*$BG$8^2 -> -148.6564 | BY13: =AZ13 * $BG$9 -> 2.891344e-05 | BZ13: =BA13 * $BG$9 -> 0.00152574 | CA13: =BB13 * $BG$9 -> -2.4865559e-05 | CB13: 7
A14: =IF(B14=B13, "same", "") | B14: 0.529 | C14: =B14* $BF$2 -> 35.1785 | D14: 0.0002 | E14: 5190000 | F14: 216000 | G14: 0.04 | H14: 0.112 | I14: -0.049 | J14: 0.055 | K14: -0.031 | L14: 0.078 | M14: 296044 | N14: 3600000 | O14: -42300 | P14: 6.5e-06 | Q14: 0.000334 | R14: -5.88e-06 | S14: 8 | U14: 1.5161 | V14: 8 | W14: 0.95023 | X14: -2.8 | Y14: 5.45 | Z14: 0 | AA14: 63.19 | AB14: 0 | AC14: 0 | AE14: =_xlfn.XLOOKUP(AL14, $W$7:$W$200, $V$7:$V$200, , -1) -> 3 | AF14: =AE14+1 -> 4 | AG14: =_xlfn.LET( _xlpm.r, $AL14, _xlpm.rp, _xlfn.XLOOKUP($AE14, $V$7:$V$202, $W$7:$W$202, , -1), _xlpm.rn, _xlfn.XLOOKUP($AF14, $V$7:$V$202, $W$7:$W$202, , -1), _xlpm.xp, _xlfn.XLOOKUP($AE14, $V$7:$V$202, X$7:X$202, , -1), _xlpm.xn, _xlfn.XLOOKUP($AF14, $V$7:$V$202, X$7:X$202, , -1), (_xlpm.r - _xlpm.rp)/(_xlpm.rn - _xlpm.rp)*(_xlpm.xn - _xlpm.xp) + _xlpm.xp ) -> 3.1175533 | AH14: =_xlfn.LET( _xlpm.r, $AL14, _xlpm.rp, _xlfn.XLOOKUP($AE14, $V$7:$V$202, $W$7:$W$202, , -1), _xlpm.rn, _xlfn.XLOOKUP($AF14, $V$7:$V$202, $W$7:$W$202, , -1), _xlpm.xp, _xlfn.XLOOKUP($AE14, $V$7:$V$202, Y$7:Y$202, , -1), _xlpm.xn, _xlfn.XLOOKUP($AF14, $V$7:$V$202, Y$7:Y$202, , -1), (_xlpm.r - _xlpm.rp)/(_xlpm.rn - _xlpm.rp)*(_xlpm.xn - _xlpm.xp) + _xlpm.xp ) -> 5.45 | AI14: =- _xlfn.LET( _xlpm.r, $AL14, _xlpm.rp, _xlfn.XLOOKUP($AE14, $V$7:$V$202, $W$7:$W$202, , -1), _xlpm.rn, _xlfn.XLOOKUP($AF14, $V$7:$V$202, $W$7:$W$202, , -1), _xlpm.xp, _xlfn.XLOOKUP($AE14, $V$7:$V$202, AB$7:AB$202, , -1), _xlpm.xn, _xlfn.XLOOKUP($AF14, $V$7:$V$202, AB$7:AB$202, , -1), (_xlpm.r - _xlpm.rp)/(_xlpm.rn - _xlpm.rp)*(_xlpm.xn - _xlpm.xp) + _xlpm.xp ) -> 0 | AJ14: =_xlfn.LET( _xlpm.r, $AL14, _xlpm.rp, _xlfn.XLOOKUP($AE14, $V$7:$V$202, $W$7:$W$202, , -1), _xlpm.rn, _xlfn.XLOOKUP($AF14, $V$7:$V$202, $W$7:$W$202, , -1), _xlpm.xp, _xlfn.XLOOKUP($AE14, $V$7:$V$202, Z$7:Z$202, , -1), _xlpm.xn, _xlfn.XLOOKUP($AF14, $V$7:$V$202, Z$7:Z$202, , -1), (_xlpm.r - _xlpm.rp)/(_xlpm.rn - _xlpm.rp)*(_xlpm.xn - _xlpm.xp) + _xlpm.xp ) -> 0 | AL14: =B14 -> 0.529 | AM14: =C14 -> 35.1785 | AN14: 0.0002 | AO14: 5190000 | AP14: 216000 | AQ14: 0.04 | AR14: 0.112 | AS14: -0.049 | AT14: 0.055 | AU14: -0.031 | AV14: 0.078 | AW14: 296044 | AX14: 3600000 | AY14: -42300 | AZ14: 6.5e-06 | BA14: 0.000334 | BB14: -5.88e-06 | BC14: 8 | BI14: =AG14 -> 3.1175533 | BJ14: =AH14 *$BG$8 -> 0.13843 | BK14: =AI14 *$BG$8 -> 0 | BL14: =AM14 * $BG$8 - $BF$3*$BG$8 -> 0.8046339 | BM14: =AN14 * $BG$9/ ($BG$8^2) -> 1.3789515 | BN14: =AO14 * $BG$9 -> 23086270 | BO14: =AP14 * $BG$9*$BG$8^2 -> 619.87997 | BP14: =AQ14 * $BG$8 -> 0.001016 | BQ14: =AR14 * $BG$8 -> 0.0028448 | BR14: =AS14 * $BG$8 -> -0.0012446 | BS14: =AT14 * $BG$8 -> 0.001397 | BT14: =AU14 * $BG$8 -> -0.0007874 | BU14: =AV14 * $BG$8 -> 0.0019812 | BV14: =AW14 * $BG$9*$BG$8^2 -> 849.59141 | BW14: =AX14 * $BG$9*$BG$8^2 -> 10331.333 | BX14: =AY14 * $BG$9*$BG$8^2 -> -121.39316 | BY14: =AZ14 * $BG$9 -> 2.891344e-05 | BZ14: =BA14 * $BG$9 -> 0.001485706 | CA14: =BB14 * $BG$9 -> -2.6155543e-05 | CB14: 8
A15: =IF(B15=B14, "same", "") | B15: 0.595 | C15: =B15* $BF$2 -> 39.5675 | D15: 0.000216 | E15: 4730000 | F15: 115000 | G15: 0.118 | H15: 0.114 | I15: -0.055 | J15: 0.069 | K15: 0.086 | L15: 0.084 | M15: 148270 | N15: 2940000 | O15: -7010 | P15: 5.49e-06 | Q15: 0.000374 | R15: -1.85e-06 | S15: 9 | U15: =W15* $BF$2 *$BG$8 - $BF$3 *$BG$8 -> 1.6002 | V15: 9 | W15: 1 | X15: -3.5 | Y15: 3.27 | Z15: 30 | AA15: 66.5 | AB15: -1.911 | AC15: 0 | AE15: =_xlfn.XLOOKUP(AL15, $W$7:$W$200, $V$7:$V$200, , -1) -> 3 | AF15: =AE15+1 -> 4 | AG15: =_xlfn.LET( _xlpm.r, $AL15, _xlpm.rp, _xlfn.XLOOKUP($AE15, $V$7:$V$202, $W$7:$W$202, , -1), _xlpm.rn, _xlfn.XLOOKUP($AF15, $V$7:$V$202, $W$7:$W$202, , -1), _xlpm.xp, _xlfn.XLOOKUP($AE15, $V$7:$V$202, X$7:X$202, , -1), _xlpm.xn, _xlfn.XLOOKUP($AF15, $V$7:$V$202, X$7:X$202, , -1), (_xlpm.r - _xlpm.rp)/(_xlpm.rn - _xlpm.rp)*(_xlpm.xn - _xlpm.xp) + _xlpm.xp ) -> 2.1905128 | AH15: =_xlfn.LET( _xlpm.r, $AL15, _xlpm.rp, _xlfn.XLOOKUP($AE15, $V$7:$V$202, $W$7:$W$202, , -1), _xlpm.rn, _xlfn.XLOOKUP($AF15, $V$7:$V$202, $W$7:$W$202, , -1), _xlpm.xp, _xlfn.XLOOKUP($AE15, $V$7:$V$202, Y$7:Y$202, , -1), _xlpm.xn, _xlfn.XLOOKUP($AF15, $V$7:$V$202, Y$7:Y$202, , -1), (_xlpm.r - _xlpm.rp)/(_xlpm.rn - _xlpm.rp)*(_xlpm.xn - _xlpm.xp) + _xlpm.xp ) -> 5.45 | AI15: =- _xlfn.LET( _xlpm.r, $AL15, _xlpm.rp, _xlfn.XLOOKUP($AE15, $V$7:$V$202, $W$7:$W$202, , -1), _xlpm.rn, _xlfn.XLOOKUP($AF15, $V$7:$V$202, $W$7:$W$202, , -1), _xlpm.xp, _xlfn.XLOOKUP($AE15, $V$7:$V$202, AB$7:AB$202, , -1), _xlpm.xn, _xlfn.XLOOKUP($AF15, $V$7:$V$202, AB$7:AB$202, , -1), (_xlpm.r - _xlpm.rp)/(_xlpm.rn - _xlpm.rp)*(_xlpm.xn - _xlpm.xp) + _xlpm.xp ) -> 0 | AJ15: =_xlfn.LET( _xlpm.r, $AL15, _xlpm.rp, _xlfn.XLOOKUP($AE15, $V$7:$V$202, $W$7:$W$202, , -1), _xlpm.rn, _xlfn.XLOOKUP($AF15, $V$7:$V$202, $W$7:$W$202, , -1), _xlpm.xp, _xlfn.XLOOKUP($AE15, $V$7:$V$202, Z$7:Z$202, , -1), _xlpm.xn, _xlfn.XLOOKUP($AF15, $V$7:$V$202, Z$7:Z$202, , -1), (_xlpm.r - _xlpm.rp)/(_xlpm.rn - _xlpm.rp)*(_xlpm.xn - _xlpm.xp) + _xlpm.xp ) -> 0 | AL15: =B15 -> 0.595 | AM15: =C15 -> 39.5675 | AN15: 0.000216 | AO15: 4730000 | AP15: 115000 | AQ15: 0.118 | AR15: 0.114 | AS15: -0.055 | AT15: 0.069 | AU15: 0.086 | AV15: 0.084 | AW15: 148270 | AX15: 2940000 | AY15: -7010 | AZ15: 5.49e-06 | BA15: 0.000374 | BB15: -1.85e-06 | BC15: 9 | BI15: =AG15 -> 2.1905128 | BJ15: =AH15 *$BG$8 -> 0.13843 | BK15: =AI15 *$BG$8 -> 0 | BL15: =AM15 * $BG$8 - $BF$3*$BG$8 -> 0.9161145 | BM15: =AN15 * $BG$9/ ($BG$8^2) -> 1.4892676 | BN15: =AO15 * $BG$9 -> 21040088 | BO15: =AP15 * $BG$9*$BG$8^2 -> 330.02869 | BP15: =AQ15 * $BG$8 -> 0.0029972 | BQ15: =AR15 * $BG$8 -> 0.0028956 | BR15: =AS15 * $BG$8 -> -0.001397 | BS15: =AT15 * $BG$8 -> 0.0017526 | BT15: =AU15 * $BG$8 -> 0.0021844 | BU15: =AV15 * $BG$8 -> 0.0021336 | BV15: =AW15 * $BG$9*$BG$8^2 -> 425.50742 | BW15: =AX15 * $BG$9*$BG$8^2 -> 8437.2551 | BX15: =AY15 * $BG$9*$BG$8^2 -> -20.117401 | BY15: =AZ15 * $BG$9 -> 2.4420737e-05 | BZ15: =BA15 * $BG$9 -> 0.0016636349 | CA15: =BB15 * $BG$9 -> -8.22921e-06 | CB15: 9
A16: =IF(B16=B15, "same", "") | B16: 0.6 | C16: =B16* $BF$2 -> 39.9 | D16: 0.000219 | E16: 4740000 | F16: 116000 | G16: 0.118 | H16: 0.119 | I16: 0.005 | J16: 0.062 | K16: 0.087 | L16: 0.085 | M16: 148925 | N16: 2940000 | O16: -9080 | P16: 6.83e-06 | Q16: 0.000372 | R16: -1.09e-05 | S16: 10 | AE16: =_xlfn.XLOOKUP(AL16, $W$7:$W$200, $V$7:$V$200, , -1) -> 3 | AF16: =AE16+1 -> 4 | AG16: =_xlfn.LET( _xlpm.r, $AL16, _xlpm.rp, _xlfn.XLOOKUP($AE16, $V$7:$V$202, $W$7:$W$202, , -1), _xlpm.rn, _xlfn.XLOOKUP($AF16, $V$7:$V$202, $W$7:$W$202, , -1), _xlpm.xp, _xlfn.XLOOKUP($AE16, $V$7:$V$202, X$7:X$202, , -1), _xlpm.xn, _xlfn.XLOOKUP($AF16, $V$7:$V$202, X$7:X$202, , -1), (_xlpm.r - _xlpm.rp)/(_xlpm.rn - _xlpm.rp)*(_xlpm.xn - _xlpm.xp) + _xlpm.xp ) -> 2.1202824 | AH16: =_xlfn.LET( _xlpm.r, $AL16, _xlpm.rp, _xlfn.XLOOKUP($AE16, $V$7:$V$202, $W$7:$W$202, , -1), _xlpm.rn, _xlfn.XLOOKUP($AF16, $V$7:$V$202, $W$7:$W$202, , -1), _xlpm.xp, _xlfn.XLOOKUP($AE16, $V$7:$V$202, Y$7:Y$202, , -1), _xlpm.xn, _xlfn.XLOOKUP($AF16, $V$7:$V$202, Y$7:Y$202, , -1), (_xlpm.r - _xlpm.rp)/(_xlpm.rn - _xlpm.rp)*(_xlpm.xn - _xlpm.xp) + _xlpm.xp ) -> 5.45 | AI16: =- _xlfn.LET( _xlpm.r, $AL16, _xlpm.rp, _xlfn.XLOOKUP($AE16, $V$7:$V$202, $W$7:$W$202, , -1), _xlpm.rn, _xlfn.XLOOKUP($AF16, $V$7:$V$202, $W$7:$W$202, , -1), _xlpm.xp, _xlfn.XLOOKUP($AE16, $V$7:$V$202, AB$7:AB$202, , -1), _xlpm.xn, _xlfn.XLOOKUP($AF16, $V$7:$V$202, AB$7:AB$202, , -1), (_xlpm.r - _xlpm.rp)/(_xlpm.rn - _xlpm.rp)*(_xlpm.xn - _xlpm.xp) + _xlpm.xp ) -> 0 | AJ16: =_xlfn.LET( _xlpm.r, $AL16, _xlpm.rp, _xlfn.XLOOKUP($AE16, $V$7:$V$202, $W$7:$W$202, , -1), _xlpm.rn, _xlfn.XLOOKUP($AF16, $V$7:$V$202, $W$7:$W$202, , -1), _xlpm.xp, _xlfn.XLOOKUP($AE16, $V$7:$V$202, Z$7:Z$202, , -1), _xlpm.xn, _xlfn.XLOOKUP($AF16, $V$7:$V$202, Z$7:Z$202, , -1), (_xlpm.r - _xlpm.rp)/(_xlpm.rn - _xlpm.rp)*(_xlpm.xn - _xlpm.xp) + _xlpm.xp ) -> 0 | AL16: =B16 -> 0.6 | AM16: =C16 -> 39.9 | AN16: 0.000219 | AO16: 4740000 | AP16: 116000 | AQ16: 0.118 | AR16: 0.119 | AS16: 0.005 | AT16: 0.062 | AU16: 0.087 | AV16: 0.085 | AW16: 148925 | AX16: 2940000 | AY16: -9080 | AZ16: 6.83e-06 | BA16: 0.000372 | BB16: -1.09e-05 | BC16: 10 | BI16: =AG16 -> 2.1202824 | BJ16: =AH16 *$BG$8 -> 0.13843 | BK16: =AI16 *$BG$8 -> 0 | BL16: =AM16 * $BG$8 - $BF$3*$BG$8 -> 0.92456 | BM16: =AN16 * $BG$9/ ($BG$8^2) -> 1.5099518 | BN16: =AO16 * $BG$9 -> 21084570 | BO16: =AP16 * $BG$9*$BG$8^2 -> 332.8985 | BP16: =AQ16 * $BG$8 -> 0.0029972 | BQ16: =AR16 * $BG$8 -> 0.0030226 | BR16: =AS16 * $BG$8 -> 0.000127 | BS16: =AT16 * $BG$8 -> 0.0015748 | BT16: =AU16 * $BG$8 -> 0.0022098 | BU16: =AV16 * $BG$8 -> 0.002159 | BV16: =AW16 * $BG$9*$BG$8^2 -> 427.38715 | BW16: =AX16 * $BG$9*$BG$8^2 -> 8437.2551 | BX16: =AY16 * $BG$9*$BG$8^2 -> -26.057917 | BY16: =AZ16 * $BG$9 -> 3.0381354e-05 | BZ16: =BA16 * $BG$9 -> 0.0016547384 | CA16: =BB16 * $BG$9 -> -4.8485616e-05 | CB16: 10
A17: =IF(B17=B16, "same", "") | B17: 0.608 | C17: =B17* $BF$2 -> 40.432 | D17: 0.000245 | E17: 4730000 | F17: 115000 | G17: 0.12 | H17: 0.114 | I17: -0.233 | J17: 0.052 | K17: 0.085 | L17: 0.084 | M17: 148135 | N17: 2920000 | O17: -7940 | P17: 6.11e-06 | Q17: 0.000394 | R17: -7.67e-06 | S17: 11 | AE17: =_xlfn.XLOOKUP(AL17, $W$7:$W$200, $V$7:$V$200, , -1) -> 3 | AF17: =AE17+1 -> 4 | AG17: =_xlfn.LET( _xlpm.r, $AL17, _xlpm.rp, _xlfn.XLOOKUP($AE17, $V$7:$V$202, $W$7:$W$202, , -1), _xlpm.rn, _xlfn.XLOOKUP($AF17, $V$7:$V$202, $W$7:$W$202, , -1), _xlpm.xp, _xlfn.XLOOKUP($AE17, $V$7:$V$202, X$7:X$202, , -1), _xlpm.xn, _xlfn.XLOOKUP($AF17, $V$7:$V$202, X$7:X$202, , -1), (_xlpm.r - _xlpm.rp)/(_xlpm.rn - _xlpm.rp)*(_xlpm.xn - _xlpm.xp) + _xlpm.xp ) -> 2.0079139 | AH17: =_xlfn.LET( _xlpm.r, $AL17, _xlpm.rp, _xlfn.XLOOKUP($AE17, $V$7:$V$202, $W$7:$W$202, , -1), _xlpm.rn, _xlfn.XLOOKUP($AF17, $V$7:$V$202, $W$7:$W$202, , -1), _xlpm.xp, _xlfn.XLOOKUP($AE17, $V$7:$V$202, Y$7:Y$202, , -1), _xlpm.xn, _xlfn.XLOOKUP($AF17, $V$7:$V$202, Y$7:Y$202, , -1), (_xlpm.r - _xlpm.rp)/(_xlpm.rn - _xlpm.rp)*(_xlpm.xn - _xlpm.xp) + _xlpm.xp ) -> 5.45 | AI17: =- _xlfn.LET( _xlpm.r, $AL17, _xlpm.rp, _xlfn.XLOOKUP($AE17, $V$7:$V$202, $W$7:$W$202, , -1), _xlpm.rn, _xlfn.XLOOKUP($AF17, $V$7:$V$202, $W$7:$W$202, , -1), _xlpm.xp, _xlfn.XLOOKUP($AE17, $V$7:$V$202, AB$7:AB$202, , -1), _xlpm.xn, _xlfn.XLOOKUP($AF17, $V$7:$V$202, AB$7:AB$202, , -1), (_xlpm.r - _xlpm.rp)/(_xlpm.rn - _xlpm.rp)*(_xlpm.xn - _xlpm.xp) + _xlpm.xp ) -> 0 | AJ17: =_xlfn.LET( _xlpm.r, $AL17, _xlpm.rp, _xlfn.XLOOKUP($AE17, $V$7:$V$202, $W$7:$W$202, , -1), _xlpm.rn, _xlfn.XLOOKUP($AF17, $V$7:$V$202, $W$7:$W$202, , -1), _xlpm.xp, _xlfn.XLOOKUP($AE17, $V$7:$V$202, Z$7:Z$202, , -1), _xlpm.xn, _xlfn.XLOOKUP($AF17, $V$7:$V$202, Z$7:Z$202, , -1), (_xlpm.r - _xlpm.rp)/(_xlpm.rn - _xlpm.rp)*(_xlpm.xn - _xlpm.xp) + _xlpm.xp ) -> 0 | AL17: =B17 -> 0.608 | AM17: =C17 -> 40.432 | AN17: 0.000245 | AO17: 4730000 | AP17: 115000 | AQ17: 0.12 | AR17: 0.114 | AS17: -0.233 | AT17: 0.052 | AU17: 0.085 | AV17: 0.084 | AW17: 148135 | AX17: 2920000 | AY17: -7940 | AZ17: 6.11e-06 | BA17: 0.000394 | BB17: -7.67e-06 | BC17: 11 | BI17: =AG17 -> 2.0079139 | BJ17: =AH17 *$BG$8 -> 0.13843 | BK17: =AI17 *$BG$8 -> 0 | BL17: =AM17 * $BG$8 - $BF$3*$BG$8 -> 0.9380728 | BM17: =AN17 * $BG$9/ ($BG$8^2) -> 1.6892155 | BN17: =AO17 * $BG$9 -> 21040088 | BO17: =AP17 * $BG$9*$BG$8^2 -> 330.02869 | BP17: =AQ17 * $BG$8 -> 0.003048 | BQ17: =AR17 * $BG$8 -> 0.0028956 | BR17: =AS17 * $BG$8 -> -0.0059182 | BS17: =AT17 * $BG$8 -> 0.0013208 | BT17: =AU17 * $BG$8 -> 0.002159 | BU17: =AV17 * $BG$8 -> 0.0021336 | BV17: =AW17 * $BG$9*$BG$8^2 -> 425.11999 | BW17: =AX17 * $BG$9*$BG$8^2 -> 8379.8588 | BX17: =AY17 * $BG$9*$BG$8^2 -> -22.786328 | BY17: =AZ17 * $BG$9 -> 2.7178634e-05 | BZ17: =BA17 * $BG$9 -> 0.0017525993 | CA17: =BB17 * $BG$9 -> -3.411786e-05 | CB17: 11
A18: =IF(B18=B17, "same", "") | B18: 0.676 | C18: =B18* $BF$2 -> 44.954 | D18: 0.000222 | E18: 4480000 | F18: 86100 | G18: 0.15 | H18: 0.112 | I18: -0.277 | J18: 0.048 | K18: 0.126 | L18: 0.085 | M18: 107293 | N18: 2610000 | O18: 5730 | P18: 4.57e-06 | Q18: 0.000342 | R18: -4.17e-06 | S18: 12 | AE18: =_xlfn.XLOOKUP(AL18, $W$7:$W$200, $V$7:$V$200, , -1) -> 4 | AF18: =AE18+1 -> 5 | AG18: =_xlfn.LET( _xlpm.r, $AL18, _xlpm.rp, _xlfn.XLOOKUP($AE18, $V$7:$V$202, $W$7:$W$202, , -1), _xlpm.rn, _xlfn.XLOOKUP($AF18, $V$7:$V$202, $W$7:$W$202, , -1), _xlpm.xp, _xlfn.XLOOKUP($AE18, $V$7:$V$202, X$7:X$202, , -1), _xlpm.xn, _xlfn.XLOOKUP($AF18, $V$7:$V$202, X$7:X$202, , -1), (_xlpm.r - _xlpm.rp)/(_xlpm.rn - _xlpm.rp)*(_xlpm.xn - _xlpm.xp) + _xlpm.xp ) -> 1.0533654 | AH18: =_xlfn.LET( _xlpm.r, $AL18, _xlpm.rp, _xlfn.XLOOKUP($AE18, $V$7:$V$202, $W$7:$W$202, , -1), _xlpm.rn, _xlfn.XLOOKUP($AF18, $V$7:$V$202, $W$7:$W$202, , -1), _xlpm.xp, _xlfn.XLOOKUP($AE18, $V$7:$V$202, Y$7:Y$202, , -1), _xlpm.xn, _xlfn.XLOOKUP($AF18, $V$7:$V$202, Y$7:Y$202, , -1), (_xlpm.r - _xlpm.rp)/(_xlpm.rn - _xlpm.rp)*(_xlpm.xn - _xlpm.xp) + _xlpm.xp ) -> 5.45 | AI18: =- _xlfn.LET( _xlpm.r, $AL18, _xlpm.rp, _xlfn.XLOOKUP($AE18, $V$7:$V$202, $W$7:$W$202, , -1), _xlpm.rn, _xlfn.XLOOKUP($AF18, $V$7:$V$202, $W$7:$W$202, , -1), _xlpm.xp, _xlfn.XLOOKUP($AE18, $V$7:$V$202, AB$7:AB$202, , -1), _xlpm.xn, _xlfn.XLOOKUP($AF18, $V$7:$V$202, AB$7:AB$202, , -1), (_xlpm.r - _xlpm.rp)/(_xlpm.rn - _xlpm.rp)*(_xlpm.xn - _xlpm.xp) + _xlpm.xp ) -> 0 | AJ18: =_xlfn.LET( _xlpm.r, $AL18, _xlpm.rp, _xlfn.XLOOKUP($AE18, $V$7:$V$202, $W$7:$W$202, , -1), _xlpm.rn, _xlfn.XLOOKUP($AF18, $V$7:$V$202, $W$7:$W$202, , -1), _xlpm.xp, _xlfn.XLOOKUP($AE18, $V$7:$V$202, Z$7:Z$202, , -1), _xlpm.xn, _xlfn.XLOOKUP($AF18, $V$7:$V$202, Z$7:Z$202, , -1), (_xlpm.r - _xlpm.rp)/(_xlpm.rn - _xlpm.rp)*(_xlpm.xn - _xlpm.xp) + _xlpm.xp ) -> 0 | AL18: =B18 -> 0.676 | AM18: =C18 -> 44.954 | AN18: =AVERAGE(D18:D20) -> 0.00020166667 | AO18: =AVERAGE(E18:E20) -> 4480000 | AP18: =AVERAGE(F18:F20) -> 86266.667 | AQ18: =AVERAGE(G18:G20) -> 0.15033333 | AR18: =AVERAGE(H18:H20) -> 0.11166667 | AS18: =AVERAGE(I18:I20) -> -0.13533333 | AT18: =AVERAGE(J18:J20) -> 0.055 | AU18: =AVERAGE(K18:K20) -> 0.12666667 | ... BB18: =AVERAGE(R18:R20) -> -3.334e-06 | BC18: 12 | BI18: =AG18 -> 1.0533654 | BJ18: =AH18 *$BG$8 -> 0.13843 | BK18: =AI18 *$BG$8 -> 0 | BL18: =AM18 * $BG$8 - $BF$3*$BG$8 -> 1.0529316 | BM18: =AN18 * $BG$9/ ($BG$8^2) -> 1.3904427 | BN18: =AO18 * $BG$9 -> 19928033 | BO18: =AP18 * $BG$9*$BG$8^2 -> 247.56934 | BP18: =AQ18 * $BG$8 -> 0.0038184667 | BQ18: =AR18 * $BG$8 -> 0.0028363333 | BR18: =AS18 * $BG$8 -> -0.0034374667 | BS18: =AT18 * $BG$8 -> 0.001397 | BT18: =AU18 * $BG$8 -> 0.0032173333 | BU18: =AV18 * $BG$8 -> 0.0021674667 | BV18: =AW18 * $BG$9*$BG$8^2 -> 308.33002 | BW18: =AX18 * $BG$9*$BG$8^2 -> 7518.9144 | BX18: =AY18 * $BG$9*$BG$8^2 -> 17.046699 | BY18: =AZ18 * $BG$9 -> 2.0135617e-05 | BZ18: =BA18 * $BG$9 -> 0.0014708786 | CA18: =BB18 * $BG$9 -> -1.4830371e-05 | CB18: 12
A19: =IF(B19=B18, "same", "") -> same | B19: 0.676 | C19: =B19* $BF$2 -> 44.954 | D19: 0.000193 | E19: 4480000 | F19: 86200 | G19: 0.151 | H19: 0.11 | I19: -0.088 | J19: 0.065 | K19: 0.127 | L19: 0.085 | M19: 107422 | N19: 2620000 | O19: 6540 | P19: 4.06e-06 | Q19: 0.000325 | R19: 8.38e-07 | S19: 13 | AE19: =_xlfn.XLOOKUP(AL19, $W$7:$W$200, $V$7:$V$200, , -1) -> 4 | AF19: =AE19+1 -> 5 | AG19: =_xlfn.LET( _xlpm.r, $AL19, _xlpm.rp, _xlfn.XLOOKUP($AE19, $V$7:$V$202, $W$7:$W$202, , -1), _xlpm.rn, _xlfn.XLOOKUP($AF19, $V$7:$V$202, $W$7:$W$202, , -1), _xlpm.xp, _xlfn.XLOOKUP($AE19, $V$7:$V$202, X$7:X$202, , -1), _xlpm.xn, _xlfn.XLOOKUP($AF19, $V$7:$V$202, X$7:X$202, , -1), (_xlpm.r - _xlpm.rp)/(_xlpm.rn - _xlpm.rp)*(_xlpm.xn - _xlpm.xp) + _xlpm.xp ) -> 0.70280449 | AH19: =_xlfn.LET( _xlpm.r, $AL19, _xlpm.rp, _xlfn.XLOOKUP($AE19, $V$7:$V$202, $W$7:$W$202, , -1), _xlpm.rn, _xlfn.XLOOKUP($AF19, $V$7:$V$202, $W$7:$W$202, , -1), _xlpm.xp, _xlfn.XLOOKUP($AE19, $V$7:$V$202, Y$7:Y$202, , -1), _xlpm.xn, _xlfn.XLOOKUP($AF19, $V$7:$V$202, Y$7:Y$202, , -1), (_xlpm.r - _xlpm.rp)/(_xlpm.rn - _xlpm.rp)*(_xlpm.xn - _xlpm.xp) + _xlpm.xp ) -> 5.45 | AI19: =- _xlfn.LET( _xlpm.r, $AL19, _xlpm.rp, _xlfn.XLOOKUP($AE19, $V$7:$V$202, $W$7:$W$202, , -1), _xlpm.rn, _xlfn.XLOOKUP($AF19, $V$7:$V$202, $W$7:$W$202, , -1), _xlpm.xp, _xlfn.XLOOKUP($AE19, $V$7:$V$202, AB$7:AB$202, , -1), _xlpm.xn, _xlfn.XLOOKUP($AF19, $V$7:$V$202, AB$7:AB$202, , -1), (_xlpm.r - _xlpm.rp)/(_xlpm.rn - _xlpm.rp)*(_xlpm.xn - _xlpm.xp) + _xlpm.xp ) -> 0 | AJ19: =_xlfn.LET( _xlpm.r, $AL19, _xlpm.rp, _xlfn.XLOOKUP($AE19, $V$7:$V$202, $W$7:$W$202, , -1), _xlpm.rn, _xlfn.XLOOKUP($AF19, $V$7:$V$202, $W$7:$W$202, , -1), _xlpm.xp, _xlfn.XLOOKUP($AE19, $V$7:$V$202, Z$7:Z$202, , -1), _xlpm.xn, _xlfn.XLOOKUP($AF19, $V$7:$V$202, Z$7:Z$202, , -1), (_xlpm.r - _xlpm.rp)/(_xlpm.rn - _xlpm.rp)*(_xlpm.xn - _xlpm.xp) + _xlpm.xp ) -> 0 | AL19: =B21 -> 0.701 | AM19: =C21 -> 46.6165 | AN19: 0.000206 | AO19: 4240000 | AP19: 64700 | AQ19: 0.279 | AR19: 0.108 | AS19: -0.264 | AT19: 0.047 | AU19: 0.175 | AV19: 0.087 | AW19: 74230 | AX19: 2370000 | AY19: 11700 | AZ19: 3.53e-06 | BA19: 0.000325 | BB19: -4.04e-06 | BC19: 13 | BI19: =AG19 -> 0.70280449 | BJ19: =AH19 *$BG$8 -> 0.13843 | BK19: =AI19 *$BG$8 -> 0 | BL19: =AM19 * $BG$8 - $BF$3*$BG$8 -> 1.0951591 | BM19: =AN19 * $BG$9/ ($BG$8^2) -> 1.42032 | BN19: =AO19 * $BG$9 -> 18860460 | BO19: =AP19 * $BG$9*$BG$8^2 -> 185.67701 | BP19: =AQ19 * $BG$8 -> 0.0070866 | BQ19: =AR19 * $BG$8 -> 0.0027432 | BR19: =AS19 * $BG$8 -> -0.0067056 | BS19: =AT19 * $BG$8 -> 0.0011938 | BT19: =AU19 * $BG$8 -> 0.004445 | BU19: =AV19 * $BG$8 -> 0.0022098 | BV19: =AW19 * $BG$9*$BG$8^2 -> 213.02634 | BW19: =AX19 * $BG$9*$BG$8^2 -> 6801.4607 | BX19: =AY19 * $BG$9*$BG$8^2 -> 33.576831 | BY19: =AZ19 * $BG$9 -> 1.5702222e-05 | BZ19: =BA19 * $BG$9 -> 0.001445672 | CA19: =BB19 * $BG$9 -> -1.7970815e-05 | CB19: 13
A20: =IF(B20=B19, "same", "") -> same | B20: 0.676 | C20: =B20* $BF$2 -> 44.954 | D20: 0.00019 | E20: 4480000 | F20: 86500 | G20: 0.15 | H20: 0.113 | I20: -0.041 | J20: 0.052 | K20: 0.127 | L20: 0.086 | M20: 107602 | N20: 2630000 | O20: 5550 | P20: 4.95e-06 | Q20: 0.000325 | R20: -6.67e-06 | S20: 14 | AE20: =_xlfn.XLOOKUP(AL20, $W$7:$W$200, $V$7:$V$200, , -1) -> 5 | AF20: =AE20+1 -> 6 | AG20: =_xlfn.LET( _xlpm.r, $AL20, _xlpm.rp, _xlfn.XLOOKUP($AE20, $V$7:$V$202, $W$7:$W$202, , -1), _xlpm.rn, _xlfn.XLOOKUP($AF20, $V$7:$V$202, $W$7:$W$202, , -1), _xlpm.xp, _xlfn.XLOOKUP($AE20, $V$7:$V$202, X$7:X$202, , -1), _xlpm.xn, _xlfn.XLOOKUP($AF20, $V$7:$V$202, X$7:X$202, , -1), (_xlpm.r - _xlpm.rp)/(_xlpm.rn - _xlpm.rp)*(_xlpm.xn - _xlpm.xp) + _xlpm.xp ) -> 0.084028127 | AH20: =_xlfn.LET( _xlpm.r, $AL20, _xlpm.rp, _xlfn.XLOOKUP($AE20, $V$7:$V$202, $W$7:$W$202, , -1), _xlpm.rn, _xlfn.XLOOKUP($AF20, $V$7:$V$202, $W$7:$W$202, , -1), _xlpm.xp, _xlfn.XLOOKUP($AE20, $V$7:$V$202, Y$7:Y$202, , -1), _xlpm.xn, _xlfn.XLOOKUP($AF20, $V$7:$V$202, Y$7:Y$202, , -1), (_xlpm.r - _xlpm.rp)/(_xlpm.rn - _xlpm.rp)*(_xlpm.xn - _xlpm.xp) + _xlpm.xp ) -> 5.45 | AI20: =- _xlfn.LET( _xlpm.r, $AL20, _xlpm.rp, _xlfn.XLOOKUP($AE20, $V$7:$V$202, $W$7:$W$202, , -1), _xlpm.rn, _xlfn.XLOOKUP($AF20, $V$7:$V$202, $W$7:$W$202, , -1), _xlpm.xp, _xlfn.XLOOKUP($AE20, $V$7:$V$202, AB$7:AB$202, , -1), _xlpm.xn, _xlfn.XLOOKUP($AF20, $V$7:$V$202, AB$7:AB$202, , -1), (_xlpm.r - _xlpm.rp)/(_xlpm.rn - _xlpm.rp)*(_xlpm.xn - _xlpm.xp) + _xlpm.xp ) -> 0 | AJ20: =_xlfn.LET( _xlpm.r, $AL20, _xlpm.rp, _xlfn.XLOOKUP($AE20, $V$7:$V$202, $W$7:$W$202, , -1), _xlpm.rn, _xlfn.XLOOKUP($AF20, $V$7:$V$202, $W$7:$W$202, , -1), _xlpm.xp, _xlfn.XLOOKUP($AE20, $V$7:$V$202, Z$7:Z$202, , -1), _xlpm.xn, _xlfn.XLOOKUP($AF20, $V$7:$V$202, Z$7:Z$202, , -1), (_xlpm.r - _xlpm.rp)/(_xlpm.rn - _xlpm.rp)*(_xlpm.xn - _xlpm.xp) + _xlpm.xp ) -> 0 | AL20: =B22 -> 0.745 | AM20: =C22 -> 49.5425 | AN20: 0.000179 | AO20: 4240000 | AP20: 64700 | AQ20: 0.281 | AR20: 0.108 | AS20: -0.035 | AT20: 0.065 | AU20: 0.176 | AV20: 0.087 | AW20: 74337 | AX20: 2380000 | AY20: 12400 | AZ20: 3.1e-06 | BA20: 0.000306 | BB20: 6.76e-07 | BC20: 14 | BI20: =AG20 -> 0.084028127 | BJ20: =AH20 *$BG$8 -> 0.13843 | BK20: =AI20 *$BG$8 -> 0 | BL20: =AM20 * $BG$8 - $BF$3*$BG$8 -> 1.1694795 | BM20: =AN20 * $BG$9/ ($BG$8^2) -> 1.2341616 | BN20: =AO20 * $BG$9 -> 18860460 | BO20: =AP20 * $BG$9*$BG$8^2 -> 185.67701 | BP20: =AQ20 * $BG$8 -> 0.0071374 | BQ20: =AR20 * $BG$8 -> 0.0027432 | BR20: =AS20 * $BG$8 -> -0.000889 | BS20: =AT20 * $BG$8 -> 0.001651 | BT20: =AU20 * $BG$8 -> 0.0044704 | BU20: =AV20 * $BG$8 -> 0.0022098 | BV20: =AW20 * $BG$9*$BG$8^2 -> 213.33341 | BW20: =AX20 * $BG$9*$BG$8^2 -> 6830.1589 | BX20: =AY20 * $BG$9*$BG$8^2 -> 35.585702 | BY20: =AZ20 * $BG$9 -> 1.3789487e-05 | BZ20: =BA20 * $BG$9 -> 0.0013611558 | CA20: =BB20 * $BG$9 -> 3.0069978e-06 | CB20: 14
A21: =IF(B21=B20, "same", "") | B21: 0.701 | C21: =B21* $BF$2 -> 46.6165 | D21: 0.000206 | E21: 4240000 | F21: 64700 | G21: 0.279 | H21: 0.108 | I21: -0.264 | J21: 0.047 | K21: 0.175 | L21: 0.087 | M21: 74230 | N21: 2370000 | O21: 11700 | P21: 3.53e-06 | Q21: 0.000325 | R21: -4.04e-06 | S21: 15 | AE21: =_xlfn.XLOOKUP(AL21, $W$7:$W$200, $V$7:$V$200, , -1) -> 5 | AF21: =AE21+1 -> 6 | AG21: =_xlfn.LET( _xlpm.r, $AL21, _xlpm.rp, _xlfn.XLOOKUP($AE21, $V$7:$V$202, $W$7:$W$202, , -1), _xlpm.rn, _xlfn.XLOOKUP($AF21, $V$7:$V$202, $W$7:$W$202, , -1), _xlpm.xp, _xlfn.XLOOKUP($AE21, $V$7:$V$202, X$7:X$202, , -1), _xlpm.xn, _xlfn.XLOOKUP($AF21, $V$7:$V$202, X$7:X$202, , -1), (_xlpm.r - _xlpm.rp)/(_xlpm.rn - _xlpm.rp)*(_xlpm.xn - _xlpm.xp) + _xlpm.xp ) -> 0.013711703 | AH21: =_xlfn.LET( _xlpm.r, $AL21, _xlpm.rp, _xlfn.XLOOKUP($AE21, $V$7:$V$202, $W$7:$W$202, , -1), _xlpm.rn, _xlfn.XLOOKUP($AF21, $V$7:$V$202, $W$7:$W$202, , -1), _xlpm.xp, _xlfn.XLOOKUP($AE21, $V$7:$V$202, Y$7:Y$202, , -1), _xlpm.xn, _xlfn.XLOOKUP($AF21, $V$7:$V$202, Y$7:Y$202, , -1), (_xlpm.r - _xlpm.rp)/(_xlpm.rn - _xlpm.rp)*(_xlpm.xn - _xlpm.xp) + _xlpm.xp ) -> 5.45 | AI21: =- _xlfn.LET( _xlpm.r, $AL21, _xlpm.rp, _xlfn.XLOOKUP($AE21, $V$7:$V$202, $W$7:$W$202, , -1), _xlpm.rn, _xlfn.XLOOKUP($AF21, $V$7:$V$202, $W$7:$W$202, , -1), _xlpm.xp, _xlfn.XLOOKUP($AE21, $V$7:$V$202, AB$7:AB$202, , -1), _xlpm.xn, _xlfn.XLOOKUP($AF21, $V$7:$V$202, AB$7:AB$202, , -1), (_xlpm.r - _xlpm.rp)/(_xlpm.rn - _xlpm.rp)*(_xlpm.xn - _xlpm.xp) + _xlpm.xp ) -> 0 | AJ21: =_xlfn.LET( _xlpm.r, $AL21, _xlpm.rp, _xlfn.XLOOKUP($AE21, $V$7:$V$202, $W$7:$W$202, , -1), _xlpm.rn, _xlfn.XLOOKUP($AF21, $V$7:$V$202, $W$7:$W$202, , -1), _xlpm.xp, _xlfn.XLOOKUP($AE21, $V$7:$V$202, Z$7:Z$202, , -1), _xlpm.xn, _xlfn.XLOOKUP($AF21, $V$7:$V$202, Z$7:Z$202, , -1), (_xlpm.r - _xlpm.rp)/(_xlpm.rn - _xlpm.rp)*(_xlpm.xn - _xlpm.xp) + _xlpm.xp ) -> 0 | AL21: =B23 -> 0.75 | AM21: =C23 -> 49.875 | AN21: 0.000177 | AO21: 4250000 | AP21: 65000 | AQ21: 0.28 | AR21: 0.11 | AS21: 0.012 | AT21: 0.053 | AU21: 0.176 | AV21: 0.087 | AW21: 74471 | AX21: 2380000 | AY21: 11600 | AZ21: 3.68e-06 | BA21: 0.0003 | BB21: -4.93e-06 | BC21: 15 | BI21: =AG21 -> 0.013711703 | BJ21: =AH21 *$BG$8 -> 0.13843 | BK21: =AI21 *$BG$8 -> 0 | BL21: =AM21 * $BG$8 - $BF$3*$BG$8 -> 1.177925 | BM21: =AN21 * $BG$9/ ($BG$8^2) -> 1.220372 | BN21: =AO21 * $BG$9 -> 18904942 | BO21: =AP21 * $BG$9*$BG$8^2 -> 186.53795 | BP21: =AQ21 * $BG$8 -> 0.007112 | BQ21: =AR21 * $BG$8 -> 0.002794 | BR21: =AS21 * $BG$8 -> 0.0003048 | BS21: =AT21 * $BG$8 -> 0.0013462 | BT21: =AU21 * $BG$8 -> 0.0044704 | BU21: =AV21 * $BG$8 -> 0.0022098 | BV21: =AW21 * $BG$9*$BG$8^2 -> 213.71797 | BW21: =AX21 * $BG$9*$BG$8^2 -> 6830.1589 | BX21: =AY21 * $BG$9*$BG$8^2 -> 33.28985 | BY21: =AZ21 * $BG$9 -> 1.6369456e-05 | BZ21: =BA21 * $BG$9 -> 0.0013344665 | CA21: =BB21 * $BG$9 -> -2.1929733e-05 | CB21: 15
A22: =IF(B22=B21, "same", "") | B22: 0.745 | C22: =B22* $BF$2 -> 49.5425 | D22: 0.000179 | E22: 4240000 | F22: 64700 | G22: 0.281 | H22: 0.108 | I22: -0.035 | J22: 0.065 | K22: 0.176 | L22: 0.087 | M22: 74337 | N22: 2380000 | O22: 12400 | P22: 3.1e-06 | Q22: 0.000306 | R22: 6.76e-07 | S22: 16 | AE22: =_xlfn.XLOOKUP(AL22, $W$7:$W$200, $V$7:$V$200, , -1) -> 6 | AF22: =AE22+1 -> 7 | AG22: =_xlfn.LET( _xlpm.r, $AL22, _xlpm.rp, _xlfn.XLOOKUP($AE22, $V$7:$V$202, $W$7:$W$202, , -1), _xlpm.rn, _xlfn.XLOOKUP($AF22, $V$7:$V$202, $W$7:$W$202, , -1), _xlpm.xp, _xlfn.XLOOKUP($AE22, $V$7:$V$202, X$7:X$202, , -1), _xlpm.xn, _xlfn.XLOOKUP($AF22, $V$7:$V$202, X$7:X$202, , -1), (_xlpm.r - _xlpm.rp)/(_xlpm.rn - _xlpm.rp)*(_xlpm.xn - _xlpm.xp) + _xlpm.xp ) -> -1.0550623 | AH22: =_xlfn.LET( _xlpm.r, $AL22, _xlpm.rp, _xlfn.XLOOKUP($AE22, $V$7:$V$202, $W$7:$W$202, , -1), _xlpm.rn, _xlfn.XLOOKUP($AF22, $V$7:$V$202, $W$7:$W$202, , -1), _xlpm.xp, _xlfn.XLOOKUP($AE22, $V$7:$V$202, Y$7:Y$202, , -1), _xlpm.xn, _xlfn.XLOOKUP($AF22, $V$7:$V$202, Y$7:Y$202, , -1), (_xlpm.r - _xlpm.rp)/(_xlpm.rn - _xlpm.rp)*(_xlpm.xn - _xlpm.xp) + _xlpm.xp ) -> 5.45 | AI22: =- _xlfn.LET( _xlpm.r, $AL22, _xlpm.rp, _xlfn.XLOOKUP($AE22, $V$7:$V$202, $W$7:$W$202, , -1), _xlpm.rn, _xlfn.XLOOKUP($AF22, $V$7:$V$202, $W$7:$W$202, , -1), _xlpm.xp, _xlfn.XLOOKUP($AE22, $V$7:$V$202, AB$7:AB$202, , -1), _xlpm.xn, _xlfn.XLOOKUP($AF22, $V$7:$V$202, AB$7:AB$202, , -1), (_xlpm.r - _xlpm.rp)/(_xlpm.rn - _xlpm.rp)*(_xlpm.xn - _xlpm.xp) + _xlpm.xp ) -> 0 | AJ22: =_xlfn.LET( _xlpm.r, $AL22, _xlpm.rp, _xlfn.XLOOKUP($AE22, $V$7:$V$202, $W$7:$W$202, , -1), _xlpm.rn, _xlfn.XLOOKUP($AF22, $V$7:$V$202, $W$7:$W$202, , -1), _xlpm.xp, _xlfn.XLOOKUP($AE22, $V$7:$V$202, Z$7:Z$202, , -1), _xlpm.xn, _xlfn.XLOOKUP($AF22, $V$7:$V$202, Z$7:Z$202, , -1), (_xlpm.r - _xlpm.rp)/(_xlpm.rn - _xlpm.rp)*(_xlpm.xn - _xlpm.xp) + _xlpm.xp ) -> 0 | AL22: =B24 -> 0.826 | AM22: =C24 -> 54.929 | AN22: =AVERAGE(D24:D26) -> 0.000191 | AO22: =AVERAGE(E24:E26) -> 3673333.3 | AP22: =AVERAGE(F24:F26) -> 42133.333 | AQ22: =AVERAGE(G24:G26) -> 0.21933333 | AR22: =AVERAGE(H24:H26) -> 0.078333333 | AS22: =AVERAGE(I24:I26) -> -0.15866667 | AT22: =AVERAGE(J24:J26) -> 0.039666667 | AU22: =AVERAGE(K24:K26) -> 0.21866667 | ... BB22: =AVERAGE(R24:R26) -> -1.41e-06 | BC22: 16 | BI22: =AG22 -> -1.0550623 | BJ22: =AH22 *$BG$8 -> 0.13843 | BK22: =AI22 *$BG$8 -> 0 | BL22: =AM22 * $BG$8 - $BF$3*$BG$8 -> 1.3062966 | BM22: =AN22 * $BG$9/ ($BG$8^2) -> 1.3168986 | BN22: =AO22 * $BG$9 -> 16339801 | BO22: =AP22 * $BG$9*$BG$8^2 -> 120.91486 | BP22: =AQ22 * $BG$8 -> 0.0055710667 | BQ22: =AR22 * $BG$8 -> 0.0019896667 | BR22: =AS22 * $BG$8 -> -0.0040301333 | BS22: =AT22 * $BG$8 -> 0.0010075333 | BT22: =AU22 * $BG$8 -> 0.0055541333 | BU22: =AV22 * $BG$8 -> 0.0015494 | BV22: =AW22 * $BG$9*$BG$8^2 -> 128.32472 | BW22: =AX22 * $BG$9*$BG$8^2 -> 6112.7052 | BX22: =AY22 * $BG$9*$BG$8^2 -> 31.950603 | BY22: =AZ22 * $BG$9 -> 1.0601595e-05 | BZ22: =BA22 * $BG$9 -> 0.0013522594 | CA22: =BB22 * $BG$9 -> -6.2719925e-06 | CB22: 16
A23: =IF(B23=B22, "same", "") | B23: 0.75 | C23: =B23* $BF$2 -> 49.875 | D23: 0.000177 | E23: 4250000 | F23: 65000 | G23: 0.28 | H23: 0.11 | I23: 0.012 | J23: 0.053 | K23: 0.176 | L23: 0.087 | M23: 74471 | N23: 2380000 | O23: 11600 | P23: 3.68e-06 | Q23: 0.0003 | R23: -4.93e-06 | S23: 17 | AE23: =_xlfn.XLOOKUP(AL23, $W$7:$W$200, $V$7:$V$200, , -1) -> 7 | AF23: =AE23+1 -> 8 | AG23: =_xlfn.LET( _xlpm.r, $AL23, _xlpm.rp, _xlfn.XLOOKUP($AE23, $V$7:$V$202, $W$7:$W$202, , -1), _xlpm.rn, _xlfn.XLOOKUP($AF23, $V$7:$V$202, $W$7:$W$202, , -1), _xlpm.xp, _xlfn.XLOOKUP($AE23, $V$7:$V$202, X$7:X$202, , -1), _xlpm.xn, _xlfn.XLOOKUP($AF23, $V$7:$V$202, X$7:X$202, , -1), (_xlpm.r - _xlpm.rp)/(_xlpm.rn - _xlpm.rp)*(_xlpm.xn - _xlpm.xp) + _xlpm.xp ) -> -1.4065998 | AH23: =_xlfn.LET( _xlpm.r, $AL23, _xlpm.rp, _xlfn.XLOOKUP($AE23, $V$7:$V$202, $W$7:$W$202, , -1), _xlpm.rn, _xlfn.XLOOKUP($AF23, $V$7:$V$202, $W$7:$W$202, , -1), _xlpm.xp, _xlfn.XLOOKUP($AE23, $V$7:$V$202, Y$7:Y$202, , -1), _xlpm.xn, _xlfn.XLOOKUP($AF23, $V$7:$V$202, Y$7:Y$202, , -1), (_xlpm.r - _xlpm.rp)/(_xlpm.rn - _xlpm.rp)*(_xlpm.xn - _xlpm.xp) + _xlpm.xp ) -> 5.45 | AI23: =- _xlfn.LET( _xlpm.r, $AL23, _xlpm.rp, _xlfn.XLOOKUP($AE23, $V$7:$V$202, $W$7:$W$202, , -1), _xlpm.rn, _xlfn.XLOOKUP($AF23, $V$7:$V$202, $W$7:$W$202, , -1), _xlpm.xp, _xlfn.XLOOKUP($AE23, $V$7:$V$202, AB$7:AB$202, , -1), _xlpm.xn, _xlfn.XLOOKUP($AF23, $V$7:$V$202, AB$7:AB$202, , -1), (_xlpm.r - _xlpm.rp)/(_xlpm.rn - _xlpm.rp)*(_xlpm.xn - _xlpm.xp) + _xlpm.xp ) -> 0 | AJ23: =_xlfn.LET( _xlpm.r, $AL23, _xlpm.rp, _xlfn.XLOOKUP($AE23, $V$7:$V$202, $W$7:$W$202, , -1), _xlpm.rn, _xlfn.XLOOKUP($AF23, $V$7:$V$202, $W$7:$W$202, , -1), _xlpm.xp, _xlfn.XLOOKUP($AE23, $V$7:$V$202, Z$7:Z$202, , -1), _xlpm.xn, _xlfn.XLOOKUP($AF23, $V$7:$V$202, Z$7:Z$202, , -1), (_xlpm.r - _xlpm.rp)/(_xlpm.rn - _xlpm.rp)*(_xlpm.xn - _xlpm.xp) + _xlpm.xp ) -> 0 | AL23: =B27 -> 0.851 | AM23: =C27 -> 56.5915 | AN23: 0.000212 | AO23: 3110000 | AP23: 27300 | AQ23: 0.315 | AR23: 0.061 | AS23: -0.336 | AT23: 0.023 | AU23: 0.26 | AV23: 0.035 | AW23: 24143 | AX23: 1890000 | AY23: 7400 | AZ23: 1.63e-06 | BA23: 0.000301 | BB23: -5.93e-07 | BC23: 17 | BI23: =AG23 -> -1.4065998 | BJ23: =AH23 *$BG$8 -> 0.13843 | BK23: =AI23 *$BG$8 -> 0 | BL23: =AM23 * $BG$8 - $BF$3*$BG$8 -> 1.3485241 | BM23: =AN23 * $BG$9/ ($BG$8^2) -> 1.4616885 | BN23: =AO23 * $BG$9 -> 13833969 | BO23: =AP23 * $BG$9*$BG$8^2 -> 78.34594 | BP23: =AQ23 * $BG$8 -> 0.008001 | BQ23: =AR23 * $BG$8 -> 0.0015494 | BR23: =AS23 * $BG$8 -> -0.0085344 | BS23: =AT23 * $BG$8 -> 0.0005842 | BT23: =AU23 * $BG$8 -> 0.006604 | BU23: =AV23 * $BG$8 -> 0.000889 | BV23: =AW23 * $BG$9*$BG$8^2 -> 69.285935 | BW23: =AX23 * $BG$9*$BG$8^2 -> 5423.9497 | BX23: =AY23 * $BG$9*$BG$8^2 -> 21.236628 | BY23: =AZ23 * $BG$9 -> 7.2506012e-06 | BZ23: =BA23 * $BG$9 -> 0.0013389147 | CA23: =BB23 * $BG$9 -> -2.6377954e-06 | CB23: 17
A24: =IF(B24=B23, "same", "") | B24: 0.826 | C24: =B24* $BF$2 -> 54.929 | D24: 0.000214 | E24: 3670000 | F24: 42000 | G24: 0.218 | H24: 0.078 | I24: -0.316 | J24: 0.034 | K24: 0.218 | L24: 0.061 | M24: 44624 | N24: 2120000 | O24: 11000 | P24: 2.48e-06 | Q24: 0.000317 | R24: -2.16e-06 | S24: 18 | AE24: =_xlfn.XLOOKUP(AL24, $W$7:$W$200, $V$7:$V$200, , -1) -> 7 | AF24: =AE24+1 -> 8 | AG24: =_xlfn.LET( _xlpm.r, $AL24, _xlpm.rp, _xlfn.XLOOKUP($AE24, $V$7:$V$202, $W$7:$W$202, , -1), _xlpm.rn, _xlfn.XLOOKUP($AF24, $V$7:$V$202, $W$7:$W$202, , -1), _xlpm.xp, _xlfn.XLOOKUP($AE24, $V$7:$V$202, X$7:X$202, , -1), _xlpm.xn, _xlfn.XLOOKUP($AF24, $V$7:$V$202, X$7:X$202, , -1), (_xlpm.r - _xlpm.rp)/(_xlpm.rn - _xlpm.rp)*(_xlpm.xn - _xlpm.xp) + _xlpm.xp ) -> -2.4457172 | AH24: =_xlfn.LET( _xlpm.r, $AL24, _xlpm.rp, _xlfn.XLOOKUP($AE24, $V$7:$V$202, $W$7:$W$202, , -1), _xlpm.rn, _xlfn.XLOOKUP($AF24, $V$7:$V$202, $W$7:$W$202, , -1), _xlpm.xp, _xlfn.XLOOKUP($AE24, $V$7:$V$202, Y$7:Y$202, , -1), _xlpm.xn, _xlfn.XLOOKUP($AF24, $V$7:$V$202, Y$7:Y$202, , -1), (_xlpm.r - _xlpm.rp)/(_xlpm.rn - _xlpm.rp)*(_xlpm.xn - _xlpm.xp) + _xlpm.xp ) -> 5.45 | AI24: =- _xlfn.LET( _xlpm.r, $AL24, _xlpm.rp, _xlfn.XLOOKUP($AE24, $V$7:$V$202, $W$7:$W$202, , -1), _xlpm.rn, _xlfn.XLOOKUP($AF24, $V$7:$V$202, $W$7:$W$202, , -1), _xlpm.xp, _xlfn.XLOOKUP($AE24, $V$7:$V$202, AB$7:AB$202, , -1), _xlpm.xn, _xlfn.XLOOKUP($AF24, $V$7:$V$202, AB$7:AB$202, , -1), (_xlpm.r - _xlpm.rp)/(_xlpm.rn - _xlpm.rp)*(_xlpm.xn - _xlpm.xp) + _xlpm.xp ) -> 0 | AJ24: =_xlfn.LET( _xlpm.r, $AL24, _xlpm.rp, _xlfn.XLOOKUP($AE24, $V$7:$V$202, $W$7:$W$202, , -1), _xlpm.rn, _xlfn.XLOOKUP($AF24, $V$7:$V$202, $W$7:$W$202, , -1), _xlpm.xp, _xlfn.XLOOKUP($AE24, $V$7:$V$202, Z$7:Z$202, , -1), _xlpm.xn, _xlfn.XLOOKUP($AF24, $V$7:$V$202, Z$7:Z$202, , -1), (_xlpm.r - _xlpm.rp)/(_xlpm.rn - _xlpm.rp)*(_xlpm.xn - _xlpm.xp) + _xlpm.xp ) -> 0 | AL24: =B28 -> 0.925 | AM24: =C28 -> 61.5125 | AN24: 0.000171 | AO24: 3110000 | AP24: 27300 | AQ24: 0.317 | AR24: 0.06 | AS24: -0.094 | AT24: 0.038 | AU24: 0.261 | AV24: 0.035 | AW24: 24198 | AX24: 1900000 | AY24: 7820 | AZ24: 1.42e-06 | BA24: 0.00028 | BB24: 2.82e-06 | BC24: 18 | BI24: =AG24 -> -2.4457172 | BJ24: =AH24 *$BG$8 -> 0.13843 | BK24: =AI24 *$BG$8 -> 0 | BL24: =AM24 * $BG$8 - $BF$3*$BG$8 -> 1.4735175 | BM24: =AN24 * $BG$9/ ($BG$8^2) -> 1.1790035 | BN24: =AO24 * $BG$9 -> 13833969 | BO24: =AP24 * $BG$9*$BG$8^2 -> 78.34594 | BP24: =AQ24 * $BG$8 -> 0.0080518 | BQ24: =AR24 * $BG$8 -> 0.001524 | BR24: =AS24 * $BG$8 -> -0.0023876 | BS24: =AT24 * $BG$8 -> 0.0009652 | BT24: =AU24 * $BG$8 -> 0.0066294 | BU24: =AV24 * $BG$8 -> 0.000889 | BV24: =AW24 * $BG$9*$BG$8^2 -> 69.443775 | BW24: =AX24 * $BG$9*$BG$8^2 -> 5452.6478 | BX24: =AY24 * $BG$9*$BG$8^2 -> 22.441951 | BY24: =AZ24 * $BG$9 -> 6.3164747e-06 | BZ24: =BA24 * $BG$9 -> 0.0012455021 | CA24: =BB24 * $BG$9 -> 1.2543985e-05 | CB24: 18
A25: =IF(B25=B24, "same", "") -> same | B25: 0.826 | C25: =B25* $BF$2 -> 54.929 | D25: 0.000179 | E25: 3670000 | F25: 42100 | G25: 0.22 | H25: 0.077 | I25: -0.096 | J25: 0.051 | K25: 0.219 | L25: 0.061 | M25: 44702 | N25: 2130000 | O25: 11500 | P25: 2.14e-06 | Q25: 0.000298 | R25: 1.96e-06 | S25: 19 | AE25: =_xlfn.XLOOKUP(AL25, $W$7:$W$200, $V$7:$V$200, , -1) -> 7 | AF25: =AE25+1 -> 8 | AG25: =_xlfn.LET( _xlpm.r, $AL25, _xlpm.rp, _xlfn.XLOOKUP($AE25, $V$7:$V$202, $W$7:$W$202, , -1), _xlpm.rn, _xlfn.XLOOKUP($AF25, $V$7:$V$202, $W$7:$W$202, , -1), _xlpm.xp, _xlfn.XLOOKUP($AE25, $V$7:$V$202, X$7:X$202, , -1), _xlpm.xn, _xlfn.XLOOKUP($AF25, $V$7:$V$202, X$7:X$202, , -1), (_xlpm.r - _xlpm.rp)/(_xlpm.rn - _xlpm.rp)*(_xlpm.xn - _xlpm.xp) + _xlpm.xp ) -> -2.3755065 | AH25: =_xlfn.LET( _xlpm.r, $AL25, _xlpm.rp, _xlfn.XLOOKUP($AE25, $V$7:$V$202, $W$7:$W$202, , -1), _xlpm.rn, _xlfn.XLOOKUP($AF25, $V$7:$V$202, $W$7:$W$202, , -1), _xlpm.xp, _xlfn.XLOOKUP($AE25, $V$7:$V$202, Y$7:Y$202, , -1), _xlpm.xn, _xlfn.XLOOKUP($AF25, $V$7:$V$202, Y$7:Y$202, , -1), (_xlpm.r - _xlpm.rp)/(_xlpm.rn - _xlpm.rp)*(_xlpm.xn - _xlpm.xp) + _xlpm.xp ) -> 5.45 | AI25: =- _xlfn.LET( _xlpm.r, $AL25, _xlpm.rp, _xlfn.XLOOKUP($AE25, $V$7:$V$202, $W$7:$W$202, , -1), _xlpm.rn, _xlfn.XLOOKUP($AF25, $V$7:$V$202, $W$7:$W$202, , -1), _xlpm.xp, _xlfn.XLOOKUP($AE25, $V$7:$V$202, AB$7:AB$202, , -1), _xlpm.xn, _xlfn.XLOOKUP($AF25, $V$7:$V$202, AB$7:AB$202, , -1), (_xlpm.r - _xlpm.rp)/(_xlpm.rn - _xlpm.rp)*(_xlpm.xn - _xlpm.xp) + _xlpm.xp ) -> 0 | AJ25: =_xlfn.LET( _xlpm.r, $AL25, _xlpm.rp, _xlfn.XLOOKUP($AE25, $V$7:$V$202, $W$7:$W$202, , -1), _xlpm.rn, _xlfn.XLOOKUP($AF25, $V$7:$V$202, $W$7:$W$202, , -1), _xlpm.xp, _xlfn.XLOOKUP($AE25, $V$7:$V$202, Z$7:Z$202, , -1), _xlpm.xn, _xlfn.XLOOKUP($AF25, $V$7:$V$202, Z$7:Z$202, , -1), (_xlpm.r - _xlpm.rp)/(_xlpm.rn - _xlpm.rp)*(_xlpm.xn - _xlpm.xp) + _xlpm.xp ) -> 0 | AL25: =B29 -> 0.92 | AM25: =C29 -> 61.18 | AN25: 0.000184 | AO25: 3130000 | AP25: 27500 | AQ25: 0.323 | AR25: 0.055 | AS25: 0.025 | AT25: 0.029 | AU25: 0.267 | AV25: 0.034 | AW25: 24427 | AX25: 1930000 | AY25: 9770 | AZ25: 1.65e-06 | BA25: 0.000322 | BB25: 5.29e-06 | BC25: 19 | BI25: =AG25 -> -2.3755065 | BJ25: =AH25 *$BG$8 -> 0.13843 | BK25: =AI25 *$BG$8 -> 0 | BL25: =AM25 * $BG$8 - $BF$3*$BG$8 -> 1.465072 | BM25: =AN25 * $BG$9/ ($BG$8^2) -> 1.2686353 | BN25: =AO25 * $BG$9 -> 13922934 | BO25: =AP25 * $BG$9*$BG$8^2 -> 78.919903 | BP25: =AQ25 * $BG$8 -> 0.0082042 | BQ25: =AR25 * $BG$8 -> 0.001397 | BR25: =AS25 * $BG$8 -> 0.000635 | BS25: =AT25 * $BG$8 -> 0.0007366 | BT25: =AU25 * $BG$8 -> 0.0067818 | BU25: =AV25 * $BG$8 -> 0.0008636 | BV25: =AW25 * $BG$9*$BG$8^2 -> 70.100963 | BW25: =AX25 * $BG$9*$BG$8^2 -> 5538.7423 | BX25: =AY25 * $BG$9*$BG$8^2 -> 28.038089 | BY25: =AZ25 * $BG$9 -> 7.3395657e-06 | BZ25: =BA25 * $BG$9 -> 0.0014323274 | CA25: =BB25 * $BG$9 -> 2.3531092e-05 | CB25: 19
A26: =IF(B26=B25, "same", "") -> same | B26: 0.826 | C26: =B26* $BF$2 -> 54.929 | D26: 0.00018 | E26: 3680000 | F26: 42300 | G26: 0.22 | H26: 0.08 | I26: -0.064 | J26: 0.034 | K26: 0.219 | L26: 0.061 | M26: 44820 | N26: 2140000 | O26: 10900 | P26: 2.53e-06 | Q26: 0.000297 | R26: -4.03e-06 | S26: 20 | AE26: =_xlfn.XLOOKUP(AL26, $W$7:$W$200, $V$7:$V$200, , -1) -> 7 | AF26: =AE26+1 -> 8 | AG26: =_xlfn.LET( _xlpm.r, $AL26, _xlpm.rp, _xlfn.XLOOKUP($AE26, $V$7:$V$202, $W$7:$W$202, , -1), _xlpm.rn, _xlfn.XLOOKUP($AF26, $V$7:$V$202, $W$7:$W$202, , -1), _xlpm.xp, _xlfn.XLOOKUP($AE26, $V$7:$V$202, X$7:X$202, , -1), _xlpm.xn, _xlfn.XLOOKUP($AF26, $V$7:$V$202, X$7:X$202, , -1), (_xlpm.r - _xlpm.rp)/(_xlpm.rn - _xlpm.rp)*(_xlpm.xn - _xlpm.xp) + _xlpm.xp ) -> -2.5159278 | AH26: =_xlfn.LET( _xlpm.r, $AL26, _xlpm.rp, _xlfn.XLOOKUP($AE26, $V$7:$V$202, $W$7:$W$202, , -1), _xlpm.rn, _xlfn.XLOOKUP($AF26, $V$7:$V$202, $W$7:$W$202, , -1), _xlpm.xp, _xlfn.XLOOKUP($AE26, $V$7:$V$202, Y$7:Y$202, , -1), _xlpm.xn, _xlfn.XLOOKUP($AF26, $V$7:$V$202, Y$7:Y$202, , -1), (_xlpm.r - _xlpm.rp)/(_xlpm.rn - _xlpm.rp)*(_xlpm.xn - _xlpm.xp) + _xlpm.xp ) -> 5.45 | AI26: =- _xlfn.LET( _xlpm.r, $AL26, _xlpm.rp, _xlfn.XLOOKUP($AE26, $V$7:$V$202, $W$7:$W$202, , -1), _xlpm.rn, _xlfn.XLOOKUP($AF26, $V$7:$V$202, $W$7:$W$202, , -1), _xlpm.xp, _xlfn.XLOOKUP($AE26, $V$7:$V$202, AB$7:AB$202, , -1), _xlpm.xn, _xlfn.XLOOKUP($AF26, $V$7:$V$202, AB$7:AB$202, , -1), (_xlpm.r - _xlpm.rp)/(_xlpm.rn - _xlpm.rp)*(_xlpm.xn - _xlpm.xp) + _xlpm.xp ) -> 0 | AJ26: =_xlfn.LET( _xlpm.r, $AL26, _xlpm.rp, _xlfn.XLOOKUP($AE26, $V$7:$V$202, $W$7:$W$202, , -1), _xlpm.rn, _xlfn.XLOOKUP($AF26, $V$7:$V$202, $W$7:$W$202, , -1), _xlpm.xp, _xlfn.XLOOKUP($AE26, $V$7:$V$202, Z$7:Z$202, , -1), _xlpm.xn, _xlfn.XLOOKUP($AF26, $V$7:$V$202, Z$7:Z$202, , -1), (_xlpm.r - _xlpm.rp)/(_xlpm.rn - _xlpm.rp)*(_xlpm.xn - _xlpm.xp) + _xlpm.xp ) -> 0 | AL26: =B30 -> 0.93 | AM26: =C30 -> 61.845 | AN26: 0.000174 | AO26: 3120000 | AP26: 27600 | AQ26: 0.328 | AR26: 0.061 | AS26: -0.07 | AT26: 0.018 | AU26: 0.261 | AV26: 0.035 | AW26: 24293 | AX26: 1900000 | AY26: 7390 | AZ26: 1.61e-06 | BA26: 0.000283 | BB26: -2.87e-06 | BC26: 20 | BI26: =AG26 -> -2.5159278 | BJ26: =AH26 *$BG$8 -> 0.13843 | BK26: =AI26 *$BG$8 -> 0 | BL26: =AM26 * $BG$8 - $BF$3*$BG$8 -> 1.481963 | BM26: =AN26 * $BG$9/ ($BG$8^2) -> 1.1996878 | BN26: =AO26 * $BG$9 -> 13878451 | BO26: =AP26 * $BG$9*$BG$8^2 -> 79.206885 | BP26: =AQ26 * $BG$8 -> 0.0083312 | BQ26: =AR26 * $BG$8 -> 0.0015494 | BR26: =AS26 * $BG$8 -> -0.001778 | BS26: =AT26 * $BG$8 -> 0.0004572 | BT26: =AU26 * $BG$8 -> 0.0066294 | BU26: =AV26 * $BG$8 -> 0.000889 | BV26: =AW26 * $BG$9*$BG$8^2 -> 69.716407 | BW26: =AX26 * $BG$9*$BG$8^2 -> 5452.6478 | BX26: =AY26 * $BG$9*$BG$8^2 -> 21.20793 | BY26: =AZ26 * $BG$9 -> 7.1616368e-06 | BZ26: =BA26 * $BG$9 -> 0.0012588467 | CA26: =BB26 * $BG$9 -> -1.2766396e-05 | CB26: 20
A27: =IF(B27=B26, "same", "") | B27: 0.851 | C27: =B27* $BF$2 -> 56.5915 | D27: 0.000212 | E27: 3110000 | F27: 27300 | G27: 0.315 | H27: 0.061 | I27: -0.336 | J27: 0.023 | K27: 0.26 | L27: 0.035 | M27: 24143 | N27: 1890000 | O27: 7400 | P27: 1.63e-06 | Q27: 0.000301 | R27: -5.93e-07 | S27: 21 | AE27: =_xlfn.XLOOKUP(AL27, $W$7:$W$200, $V$7:$V$200, , -1) -> 7 | AF27: =AE27+1 -> 8 | AG27: =_xlfn.LET( _xlpm.r, $AL27, _xlpm.rp, _xlfn.XLOOKUP($AE27, $V$7:$V$202, $W$7:$W$202, , -1), _xlpm.rn, _xlfn.XLOOKUP($AF27, $V$7:$V$202, $W$7:$W$202, , -1), _xlpm.xp, _xlfn.XLOOKUP($AE27, $V$7:$V$202, X$7:X$202, , -1), _xlpm.xn, _xlfn.XLOOKUP($AF27, $V$7:$V$202, X$7:X$202, , -1), (_xlpm.r - _xlpm.rp)/(_xlpm.rn - _xlpm.rp)*(_xlpm.xn - _xlpm.xp) + _xlpm.xp ) -> -2.6001805 | AH27: =_xlfn.LET( _xlpm.r, $AL27, _xlpm.rp, _xlfn.XLOOKUP($AE27, $V$7:$V$202, $W$7:$W$202, , -1), _xlpm.rn, _xlfn.XLOOKUP($AF27, $V$7:$V$202, $W$7:$W$202, , -1), _xlpm.xp, _xlfn.XLOOKUP($AE27, $V$7:$V$202, Y$7:Y$202, , -1), _xlpm.xn, _xlfn.XLOOKUP($AF27, $V$7:$V$202, Y$7:Y$202, , -1), (_xlpm.r - _xlpm.rp)/(_xlpm.rn - _xlpm.rp)*(_xlpm.xn - _xlpm.xp) + _xlpm.xp ) -> 5.45 | AI27: =- _xlfn.LET( _xlpm.r, $AL27, _xlpm.rp, _xlfn.XLOOKUP($AE27, $V$7:$V$202, $W$7:$W$202, , -1), _xlpm.rn, _xlfn.XLOOKUP($AF27, $V$7:$V$202, $W$7:$W$202, , -1), _xlpm.xp, _xlfn.XLOOKUP($AE27, $V$7:$V$202, AB$7:AB$202, , -1), _xlpm.xn, _xlfn.XLOOKUP($AF27, $V$7:$V$202, AB$7:AB$202, , -1), (_xlpm.r - _xlpm.rp)/(_xlpm.rn - _xlpm.rp)*(_xlpm.xn - _xlpm.xp) + _xlpm.xp ) -> 0 | AJ27: =_xlfn.LET( _xlpm.r, $AL27, _xlpm.rp, _xlfn.XLOOKUP($AE27, $V$7:$V$202, $W$7:$W$202, , -1), _xlpm.rn, _xlfn.XLOOKUP($AF27, $V$7:$V$202, $W$7:$W$202, , -1), _xlpm.xp, _xlfn.XLOOKUP($AE27, $V$7:$V$202, Z$7:Z$202, , -1), _xlpm.xn, _xlfn.XLOOKUP($AF27, $V$7:$V$202, Z$7:Z$202, , -1), (_xlpm.r - _xlpm.rp)/(_xlpm.rn - _xlpm.rp)*(_xlpm.xn - _xlpm.xp) + _xlpm.xp ) -> 0 | AL27: =B31 -> 0.936 | AM27: =C31 -> 62.244 | AN27: 0.000188 | AO27: 3130000 | AP27: 27900 | AQ27: 0.344 | AR27: 0.066 | AS27: 0.077 | AT27: 0.027 | AU27: 0.268 | AV27: 0.036 | AW27: 24492 | AX27: 1950000 | AY27: 5840 | AZ27: 1.86e-06 | BA27: 0.000344 | BB27: -5.18e-06 | BC27: 21 | BI27: =AG27 -> -2.6001805 | BJ27: =AH27 *$BG$8 -> 0.13843 | BK27: =AI27 *$BG$8 -> 0 | BL27: =AM27 * $BG$8 - $BF$3*$BG$8 -> 1.4920976 | BM27: =AN27 * $BG$9/ ($BG$8^2) -> 1.2962144 | BN27: =AO27 * $BG$9 -> 13922934 | BO27: =AP27 * $BG$9*$BG$8^2 -> 80.067829 | BP27: =AQ27 * $BG$8 -> 0.0087376 | BQ27: =AR27 * $BG$8 -> 0.0016764 | BR27: =AS27 * $BG$8 -> 0.0019558 | BS27: =AT27 * $BG$8 -> 0.0006858 | BT27: =AU27 * $BG$8 -> 0.0068072 | BU27: =AV27 * $BG$8 -> 0.0009144 | BV27: =AW27 * $BG$9*$BG$8^2 -> 70.287501 | BW27: =AX27 * $BG$9*$BG$8^2 -> 5596.1386 | BX27: =AY27 * $BG$9*$BG$8^2 -> 16.759718 | BY27: =AZ27 * $BG$9 -> 8.2736922e-06 | BZ27: =BA27 * $BG$9 -> 0.0015301882 | CA27: =BB27 * $BG$9 -> -2.3041788e-05 | CB27: 21
A28: =IF(B28=B27, "same", "") | B28: 0.925 | C28: =B28* $BF$2 -> 61.5125 | D28: 0.000171 | E28: 3110000 | F28: 27300 | G28: 0.317 | H28: 0.06 | I28: -0.094 | J28: 0.038 | K28: 0.261 | L28: 0.035 | M28: 24198 | N28: 1900000 | O28: 7820 | P28: 1.42e-06 | Q28: 0.00028 | R28: 2.82e-06 | S28: 22 | AE28: =_xlfn.XLOOKUP(AL28, $W$7:$W$200, $V$7:$V$200, , -1) -> 8 | AF28: =AE28+1 -> 9 | AG28: =_xlfn.LET( _xlpm.r, $AL28, _xlpm.rp, _xlfn.XLOOKUP($AE28, $V$7:$V$202, $W$7:$W$202, , -1), _xlpm.rn, _xlfn.XLOOKUP($AF28, $V$7:$V$202, $W$7:$W$202, , -1), _xlpm.xp, _xlfn.XLOOKUP($AE28, $V$7:$V$202, X$7:X$202, , -1), _xlpm.xn, _xlfn.XLOOKUP($AF28, $V$7:$V$202, X$7:X$202, , -1), (_xlpm.r - _xlpm.rp)/(_xlpm.rn - _xlpm.rp)*(_xlpm.xn - _xlpm.xp) + _xlpm.xp ) -> -3.359353 | AH28: =_xlfn.LET( _xlpm.r, $AL28, _xlpm.rp, _xlfn.XLOOKUP($AE28, $V$7:$V$202, $W$7:$W$202, , -1), _xlpm.rn, _xlfn.XLOOKUP($AF28, $V$7:$V$202, $W$7:$W$202, , -1), _xlpm.xp, _xlfn.XLOOKUP($AE28, $V$7:$V$202, Y$7:Y$202, , -1), _xlpm.xn, _xlfn.XLOOKUP($AF28, $V$7:$V$202, Y$7:Y$202, , -1), (_xlpm.r - _xlpm.rp)/(_xlpm.rn - _xlpm.rp)*(_xlpm.xn - _xlpm.xp) + _xlpm.xp ) -> 3.7080149 | AI28: =- _xlfn.LET( _xlpm.r, $AL28, _xlpm.rp, _xlfn.XLOOKUP($AE28, $V$7:$V$202, $W$7:$W$202, , -1), _xlpm.rn, _xlfn.XLOOKUP($AF28, $V$7:$V$202, $W$7:$W$202, , -1), _xlpm.xp, _xlfn.XLOOKUP($AE28, $V$7:$V$202, AB$7:AB$202, , -1), _xlpm.xn, _xlfn.XLOOKUP($AF28, $V$7:$V$202, AB$7:AB$202, , -1), (_xlpm.r - _xlpm.rp)/(_xlpm.rn - _xlpm.rp)*(_xlpm.xn - _xlpm.xp) + _xlpm.xp ) -> 1.5270338 | AJ28: =- TAN($Z$15*PI()/180) * (AL28 - $W$14)*$BF$2 -> -1.5269211 | AL28: =B32 -> 0.99 | AM28: =C32 -> 65.835 | AN28: =AVERAGE(D32:D33) -> 5.77e-05 | AO28: =AVERAGE(E32:E33) -> 1290000 | AP28: =AVERAGE(F32:F33) -> 4130 | AQ28: =AVERAGE(G32:G33) -> 1.5885 | AR28: =AVERAGE(H32:H33) -> 0.034 | AS28: =AVERAGE(I32:I33) -> 1.8925 | AT28: =AVERAGE(J32:J33) -> 0.0205 | AU28: =AVERAGE(K32:K33) -> 1.825 | ... BB28: =AVERAGE(R32:R33) -> 2.7405e-07 | BC28: 22 | BI28: =AG28 -> -3.359353 | BJ28: =AH28 *$BG$8 -> 0.094183578 | BK28: =AI28 *$BG$8 -> 0.038786657 | BL28: =AM28 * $BG$8 - $BF$3*$BG$8 -> 1.583309 | BM28: =AN28 * $BG$9/ ($BG$8^2) -> 0.3978275 | BN28: =AO28 * $BG$9 -> 5738205.9 | BO28: =AP28 * $BG$9*$BG$8^2 -> 11.852335 | BP28: =AQ28 * $BG$8 -> 0.0403479 | BQ28: =AR28 * $BG$8 -> 0.0008636 | BR28: =AS28 * $BG$8 -> 0.0480695 | BS28: =AT28 * $BG$8 -> 0.0005207 | BT28: =AU28 * $BG$8 -> 0.046355 | BU28: =AV28 * $BG$8 -> 0.0005969 | BV28: =AW28 * $BG$9*$BG$8^2 -> 8.3626399 | BW28: =AX28 * $BG$9*$BG$8^2 -> 1261.2835 | BX28: =AY28 * $BG$9*$BG$8^2 -> 8.6811893 | BY28: =AZ28 * $BG$9 -> 1.2588467e-06 | BZ28: =BA28 * $BG$9 -> 0.00023753503 | CA28: =BB28 * $BG$9 -> 1.2190351e-06 | CB28: 22
A29: =IF(B29=B28, "same", "") | B29: 0.92 | C29: =B29* $BF$2 -> 61.18 | D29: 0.000184 | E29: 3130000 | F29: 27500 | G29: 0.323 | H29: 0.055 | I29: 0.025 | J29: 0.029 | K29: 0.267 | L29: 0.034 | M29: 24427 | N29: 1930000 | O29: 9770 | P29: 1.65e-06 | Q29: 0.000322 | R29: 5.29e-06 | S29: 23 | AE29: =_xlfn.XLOOKUP(AL29, $W$7:$W$200, $V$7:$V$200, , -1) -> 8 | AF29: =AE29+1 -> 9 | AG29: =_xlfn.LET( _xlpm.r, $AL29, _xlpm.rp, _xlfn.XLOOKUP($AE29, $V$7:$V$202, $W$7:$W$202, , -1), _xlpm.rn, _xlfn.XLOOKUP($AF29, $V$7:$V$202, $W$7:$W$202, , -1), _xlpm.xp, _xlfn.XLOOKUP($AE29, $V$7:$V$202, X$7:X$202, , -1), _xlpm.xn, _xlfn.XLOOKUP($AF29, $V$7:$V$202, X$7:X$202, , -1), (_xlpm.r - _xlpm.rp)/(_xlpm.rn - _xlpm.rp)*(_xlpm.xn - _xlpm.xp) + _xlpm.xp ) -> -3.4718706 | AH29: =_xlfn.LET( _xlpm.r, $AL29, _xlpm.rp, _xlfn.XLOOKUP($AE29, $V$7:$V$202, $W$7:$W$202, , -1), _xlpm.rn, _xlfn.XLOOKUP($AF29, $V$7:$V$202, $W$7:$W$202, , -1), _xlpm.xp, _xlfn.XLOOKUP($AE29, $V$7:$V$202, Y$7:Y$202, , -1), _xlpm.xn, _xlfn.XLOOKUP($AF29, $V$7:$V$202, Y$7:Y$202, , -1), (_xlpm.r - _xlpm.rp)/(_xlpm.rn - _xlpm.rp)*(_xlpm.xn - _xlpm.xp) + _xlpm.xp ) -> 3.357603 | AI29: =- _xlfn.LET( _xlpm.r, $AL29, _xlpm.rp, _xlfn.XLOOKUP($AE29, $V$7:$V$202, $W$7:$W$202, , -1), _xlpm.rn, _xlfn.XLOOKUP($AF29, $V$7:$V$202, $W$7:$W$202, , -1), _xlpm.xp, _xlfn.XLOOKUP($AE29, $V$7:$V$202, AB$7:AB$202, , -1), _xlpm.xn, _xlfn.XLOOKUP($AF29, $V$7:$V$202, AB$7:AB$202, , -1), (_xlpm.r - _xlpm.rp)/(_xlpm.rn - _xlpm.rp)*(_xlpm.xn - _xlpm.xp) + _xlpm.xp ) -> 1.8342068 | AJ29: =- TAN($Z$15*PI()/180) * (AL29 - $W$14)*$BF$2 -> -1.8340715 | AL29: =B34 -> 0.998 | AM29: =C34 -> 66.367 | AN29: 4.28e-05 | AO29: 953000 | AP29: 2530 | AQ29: 2.249 | AR29: 0.028 | AS29: 2.385 | AT29: 0.017 | AU29: 2.257 | AV29: 0.02 | AW29: 1616 | AX29: 260000 | AY29: 1370 | AZ29: 1.79e-07 | BA29: 2.95e-05 | BB29: 1.22e-07 | BC29: 23 | BI29: =AG29 -> -3.4718706 | BJ29: =AH29 *$BG$8 -> 0.085283116 | BK29: =AI29 *$BG$8 -> 0.046588851 | BL29: =AM29 * $BG$8 - $BF$3*$BG$8 -> 1.5968218 | BM29: =AN29 * $BG$9/ ($BG$8^2) -> 0.29509561 | BN29: =AO29 * $BG$9 -> 4239155.2 | BO29: =AP29 * $BG$9*$BG$8^2 -> 7.2606311 | BP29: =AQ29 * $BG$8 -> 0.0571246 | BQ29: =AR29 * $BG$8 -> 0.0007112 | BR29: =AS29 * $BG$8 -> 0.060579 | BS29: =AT29 * $BG$8 -> 0.0004318 | BT29: =AU29 * $BG$8 -> 0.0573278 | BU29: =AV29 * $BG$8 -> 0.000508 | BV29: =AW29 * $BG$9*$BG$8^2 -> 4.6376205 | BW29: =AX29 * $BG$9*$BG$8^2 -> 746.15181 | BX29: =AY29 * $BG$9*$BG$8^2 -> 3.9316461 | BY29: =AZ29 * $BG$9 -> 7.9623167e-07 | BZ29: =BA29 * $BG$9 -> 0.00013122254 | CA29: =BB29 * $BG$9 -> 5.4268304e-07 | CB29: 23
A30: =IF(B30=B29, "same", "") | B30: 0.93 | C30: =B30* $BF$2 -> 61.845 | D30: 0.000174 | E30: 3120000 | F30: 27600 | G30: 0.328 | H30: 0.061 | I30: -0.07 | J30: 0.018 | K30: 0.261 | L30: 0.035 | M30: 24293 | N30: 1900000 | O30: 7390 | P30: 1.61e-06 | Q30: 0.000283 | R30: -2.87e-06 | S30: 24 | AE30: =_xlfn.XLOOKUP(AL30, $W$7:$W$200, $V$7:$V$200, , -1) -> 9 | AG30: =_xlfn.LET( _xlpm.r, $AL30, _xlpm.rp, _xlfn.XLOOKUP($AE30, $V$7:$V$202, $W$7:$W$202, , -1), _xlpm.rn, _xlfn.XLOOKUP($AF30, $V$7:$V$202, $W$7:$W$202, , -1), _xlpm.xp, _xlfn.XLOOKUP($AE30, $V$7:$V$202, X$7:X$202, , -1), _xlpm.xn, _xlfn.XLOOKUP($AF30, $V$7:$V$202, X$7:X$202, , -1), (_xlpm.r - _xlpm.rp)/(_xlpm.rn - _xlpm.rp)*(_xlpm.xn - _xlpm.xp) + _xlpm.xp ) -> -3.5 | AH30: =_xlfn.LET( _xlpm.r, $AL30, _xlpm.rp, _xlfn.XLOOKUP($AE30, $V$7:$V$202, $W$7:$W$202, , -1), _xlpm.rn, _xlfn.XLOOKUP($AF30, $V$7:$V$202, $W$7:$W$202, , -1), _xlpm.xp, _xlfn.XLOOKUP($AE30, $V$7:$V$202, Y$7:Y$202, , -1), _xlpm.xn, _xlfn.XLOOKUP($AF30, $V$7:$V$202, Y$7:Y$202, , -1), (_xlpm.r - _xlpm.rp)/(_xlpm.rn - _xlpm.rp)*(_xlpm.xn - _xlpm.xp) + _xlpm.xp ) -> 3.27 | AI30: =- _xlfn.LET( _xlpm.r, $AL30, _xlpm.rp, _xlfn.XLOOKUP($AE30, $V$7:$V$202, $W$7:$W$202, , -1), _xlpm.rn, _xlfn.XLOOKUP($AF30, $V$7:$V$202, $W$7:$W$202, , -1), _xlpm.xp, _xlfn.XLOOKUP($AE30, $V$7:$V$202, AB$7:AB$202, , -1), _xlpm.xn, _xlfn.XLOOKUP($AF30, $V$7:$V$202, AB$7:AB$202, , -1), (_xlpm.r - _xlpm.rp)/(_xlpm.rn - _xlpm.rp)*(_xlpm.xn - _xlpm.xp) + _xlpm.xp ) -> 1.911 | AJ30: =- TAN($Z$15*PI()/180) * (AL30 - $W$14)*$BF$2 -> -1.9108591 | AL30: =B35 -> 1 | AM30: =C35 -> 66.5 | AN30: =AN29 -> 4.28e-05 | AO30: =AO29 -> 953000 | AP30: =AP29 -> 2530 | AQ30: =AQ29 -> 2.249 | AR30: =AR29 -> 0.028 | AS30: =AS29 -> 2.385 | AT30: =AT29 -> 0.017 | AU30: =AU29 -> 2.257 | ... BB30: =BB29 -> 1.22e-07 | BC30: 24 | BI30: =AG30 -> -3.5 | BJ30: =AH30 *$BG$8 -> 0.083058 | BK30: =AI30 *$BG$8 -> 0.0485394 | BL30: =AM30 * $BG$8 - $BF$3*$BG$8 -> 1.6002 | BM30: =AN30 * $BG$9/ ($BG$8^2) -> 0.29509561 | BN30: =AO30 * $BG$9 -> 4239155.2 | BO30: =AP30 * $BG$9*$BG$8^2 -> 7.2606311 | BP30: =AQ30 * $BG$8 -> 0.0571246 | BQ30: =AR30 * $BG$8 -> 0.0007112 | BR30: =AS30 * $BG$8 -> 0.060579 | BS30: =AT30 * $BG$8 -> 0.0004318 | BT30: =AU30 * $BG$8 -> 0.0573278 | BU30: =AV30 * $BG$8 -> 0.000508 | BV30: =AW30 * $BG$9*$BG$8^2 -> 4.6376205 | BW30: =AX30 * $BG$9*$BG$8^2 -> 746.15181 | BX30: =AY30 * $BG$9*$BG$8^2 -> 3.9316461 | BY30: =AZ30 * $BG$9 -> 7.9623167e-07 | BZ30: =BA30 * $BG$9 -> 0.00013122254 | CA30: =BB30 * $BG$9 -> 5.4268304e-07 | CB30: 24
A31: =IF(B31=B30, "same", "") | B31: 0.936 | C31: =B31* $BF$2 -> 62.244 | D31: 0.000188 | E31: 3130000 | F31: 27900 | G31: 0.344 | H31: 0.066 | I31: 0.077 | J31: 0.027 | K31: 0.268 | L31: 0.036 | M31: 24492 | N31: 1950000 | O31: 5840 | P31: 1.86e-06 | Q31: 0.000344 | R31: -5.18e-06 | S31: 25
A32: =IF(B32=B31, "same", "") | B32: 0.99 | C32: =B32* $BF$2 -> 65.835 | D32: 5.6e-05 | E32: 1290000 | F32: 4120 | G32: 1.587 | H32: 0.033 | I32: 1.889 | J32: 0.017 | K32: 1.825 | L32: 0.023 | M32: 2903 | N32: 438000 | O32: 3070 | P32: 2.67e-07 | Q32: 5.24e-05 | R32: 5.18e-07 | S32: 26
A33: =IF(B33=B32, "same", "") -> same | B33: 0.99 | C33: =B33* $BF$2 -> 65.835 | D33: 5.94e-05 | E33: 1290000 | F33: 4140 | G33: 1.59 | H33: 0.035 | I33: 1.896 | J33: 0.024 | K33: 1.825 | L33: 0.024 | M33: 2925 | N33: 441000 | O33: 2980 | P33: 2.99e-07 | Q33: 5.44e-05 | R33: 3.01e-08 | S33: 27
A34: =IF(B34=B33, "same", "") | B34: 0.998 | C34: =B34* $BF$2 -> 66.367 | D34: 4.28e-05 | E34: 953000 | F34: 2530 | G34: 2.249 | H34: 0.028 | I34: 2.385 | J34: 0.017 | K34: 2.257 | L34: 0.02 | M34: 1616 | N34: 260000 | O34: 1370 | P34: 1.79e-07 | Q34: 2.95e-05 | R34: 1.22e-07 | S34: 28
A35: =IF(B35=B34, "same", "") | B35: 1 | C35: =B35* $BF$2 -> 66.5 | D35: =D34 -> 4.28e-05 | E35: =E34 -> 953000 | F35: =F34 -> 2530 | G35: =G34 -> 2.249 | H35: =H34 -> 0.028 | I35: =I34 -> 2.385 | J35: =J34 -> 0.017 | K35: =K34 -> 2.257 | ... R35: =R34 -> 1.22e-07 | S35: 29
AK36: =(NASA_2_CORAL!CO6 + NASA!$BF$3*NASA!$BG$8) / (NASA!$BF$2*NASA!$BG$8) -> 0.052631579 | AL36: =- NASA_2_CORAL!CP6 / $BG$8 -> 0
AK37: =(NASA_2_CORAL!CO7 + NASA!$BF$3*NASA!$BG$8) / (NASA!$BF$2*NASA!$BG$8) -> 0.13983778 | AL37: =- NASA_2_CORAL!CP7 / $BG$8 -> 0
AK38: =(NASA_2_CORAL!CO8 + NASA!$BF$3*NASA!$BG$8) / (NASA!$BF$2*NASA!$BG$8) -> 0.1988633 | AL38: =- NASA_2_CORAL!CP8 / $BG$8 -> 0
AK39: =(NASA_2_CORAL!CO9 + NASA!$BF$3*NASA!$BG$8) / (NASA!$BF$2*NASA!$BG$8) -> 0.24912675 | AL39: =- NASA_2_CORAL!CP9 / $BG$8 -> 0
AK40: =(NASA_2_CORAL!CO10 + NASA!$BF$3*NASA!$BG$8) / (NASA!$BF$2*NASA!$BG$8) -> 0.29873897 | AL40: =- NASA_2_CORAL!CP10 / $BG$8 -> 0
AK41: =(NASA_2_CORAL!CO11 + NASA!$BF$3*NASA!$BG$8) / (NASA!$BF$2*NASA!$BG$8) -> 0.34941685 | AL41: =- NASA_2_CORAL!CP11 / $BG$8 -> 0
AK42: =(NASA_2_CORAL!CO12 + NASA!$BF$3*NASA!$BG$8) / (NASA!$BF$2*NASA!$BG$8) -> 0.39896987 | AL42: =- NASA_2_CORAL!CP12 / $BG$8 -> 0
AK43: =(NASA_2_CORAL!CO13 + NASA!$BF$3*NASA!$BG$8) / (NASA!$BF$2*NASA!$BG$8) -> 0.44947013 | AL43: =- NASA_2_CORAL!CP13 / $BG$8 -> 0
AK44: =(NASA_2_CORAL!CO14 + NASA!$BF$3*NASA!$BG$8) / (NASA!$BF$2*NASA!$BG$8) -> 0.49914155 | AL44: =- NASA_2_CORAL!CP14 / $BG$8 -> 0
AK45: =(NASA_2_CORAL!CO15 + NASA!$BF$3*NASA!$BG$8) / (NASA!$BF$2*NASA!$BG$8) -> 0.54887218 | AL45: =- NASA_2_CORAL!CP15 / $BG$8 -> 0
AK46: =(NASA_2_CORAL!CO16 + NASA!$BF$3*NASA!$BG$8) / (NASA!$BF$2*NASA!$BG$8) -> 0.59919484 | AL46: =- NASA_2_CORAL!CP16 / $BG$8 -> 0
AK47: =(NASA_2_CORAL!CO17 + NASA!$BF$3*NASA!$BG$8) / (NASA!$BF$2*NASA!$BG$8) -> 0.64945829 | AL47: =- NASA_2_CORAL!CP17 / $BG$8 -> 0
... AK57: =(NASA_2_CORAL!CO27 + NASA!$BF$3*NASA!$BG$8) / (NASA!$BF$2*NASA!$BG$8) -> 1 | AL57: =- NASA_2_CORAL!CP27 / $BG$8 -> -1.911

Sheet NASA_2_CORAL
A1: NASA | U1: Assumptions | Z1: CORAL | AQ1: CORAL | BF1: CORAL | CF1: CORAL | CK1: hGAST
A2: File Name: | B2: https://www.aiaa-hpw.org/_files/ugd/0bda64_8380011662e748a2bde4a3ecefe95fd1.pdf | U2: Poisson ratio | V2: Analytical | Z2: Details: | AA2: PROCESS | AB2: File Name: | AC2: https://rotorcraft.arc.nasa.gov/HVAB/HVABReleasedData_v2/General_Information/Data_Use_Recommendations_v2.pdf | AE2: https://www.aiaa-hpw.org/hvab-rotor | AH2: Express in LOCAL | AI2: COO | AJ2: POSITIVE twist angle about y axis | AQ2: PROCESS | AR2: LOCAL | AS2: COO | AU2: Apply | AV2: Steiner? | AW2: 1 | AX2: 0: no / 1: yes | BF2: Express in BLADE | BG2: FIXED COO | BH2: Details: | BI2: PROCESS | BJ2: processed data to be used as input in machi.inp (in span stations of HAWC2) | BP2: noFPM | BV2: Method 1 | CF2: Direct method | CK2: Details: | CL2: Interpolated properties @ user-determined radial (R) stations, to be used as input in beam.str of CORAL | CX2: format:
A3: Details: | B3: COPY | C3: DATA | D3: Structural properties in SI untis | Q3: kg*m | R3: kg*m | S3: kg*m | U3: 0.3 | Z3: Notes: | AA3: Blade Fixed Pitch Axis coo | AH3: 1 | AI3: 1=yes / 0=no | AJ3: Local Pitch Axis coo | AQ3: Notes | AR3: Trs | AS3: Shear_edg | AT3: Shear_flap | AU3: in_flp | AV3: in_edg | AW3: in_cross | AX3: Bnd_flp | AY3: Bnd_edg | AZ3: Bnd_cross | BA3: Ten + Bnd_flp | BB3: Ten + Bnd_edg | BC3: Shear_edg + Trs | BD3: Shear_flp + Trs | BF3: =$AH$3 -> 1 | BG3: check AH3 1=yes / 0=no | BH3: Notes: | BI3: Blade fixed | BN3: Blade fixed pitch axis coo | BT3: Blade fixed pitch axis coo | BZ3: Blade fixed pitch axis coo | CF3: @ pitch axis --- Blade fixed coo | CK3: Notes: | CM3: PROCESS | CP3: Interpolation | CX3: iread = | CY3: 1
A4: deg | B4: m | C4: m | D4: m | E4: N*s^2/m^2 | F4: N | G4: N*m^2 | H4: m | I4: m | J4: m | K4: m | L4: m | M4: m | N4: N*m^2 | O4: N*m^2 | P4: N*m^2 | Q4: N*s^2 | R4: N*s^2 | S4: N*s^2 | U4: N | V4: N | W4: - | X4: - | Z4: quarter chord | AA4: cm_edg | AB4: cm_flp | AC4: sh_edg | AD4: sh_flp | AE4: e_edg | AF4: e_flp | AH4: twist | AI4: twist | AJ4: cm_chord | AK4: cm_thick | AL4: sh_chord | AM4: sh_thick | AN4: e_chord | AO4: e_thick | AQ4: no Steiner ? | AR4: @ SC | AS4: Approach? P/A | AT4: A | AU4: @ CG | AV4: @ CG | AW4: @ CG | AX4: @ TC | AY4: @ TC | AZ4: @ TC | BF4: twist | BG4: twist | BI4: curve | BJ4: span | BK4: sweep | BL4: prebend | BM4: linear mass | BN4: cg_edge | BO4: cg_flap | BP4: flap | BQ4: edge | BR4: flap-edge | BS4: tension | BT4: tension - flap | BU4: tension - edge | BV4: flap | BW4: edge | BX4: flap-edge | BY4: torsion | BZ4: shear chord | CA4: shear thickness | CB4: torsion - shear thick | CC4: torsion - shear chord | CD4: diameter | CF4: coupling terms | CK4: LOOKUP | CL4: beam | CO4: RAW
A5: Twist | B5: c | C5: sweep | D5: R | E5: rA | F5: EA | G5: GJ@SC | H5: SCη | I5: SCζ | J5: CGη | K5: CGζ | L5: η | M5: ζ | N5: EI_f | O5: EI_c | P5: EI_fc | Q5: I_f | R5: I_c | S5: I_fc | T5: $ 24 | U5: GA | V5: GA | W5: kx | X5: kz | Z5: x_c/4_[m] | AA5: x_cg_[m] | AB5: z_cg_[m] | AC5: x_sh_[m] | AD5: z_sh_[m] | AE5: x_e_[m] | AF5: z_e_[m] | AH5: θ_t [deg] | AI5: θ_t [rad] | AJ5: x_cg_[m] | AK5: z_cg_[m] | AL5: x_sh_[m] | AM5: z_sh_[m] | AN5: x_e_[m] | AO5: z_e_[m] | AQ5: CORAL | AR5: GJ | AS5: GAx | AT5: GAz | AU5: ρIxx | AV5: ρIzz | AW5: ρIxz | AX5: EIxx | AY5: EIzz | AZ5: + EIxz | BA5: EAx | BB5: EAz | BC5: GAxX | BD5: GAzZ | BF5: rotate by - θ_t [deg] | BG5: - θ_t [rad] | BH5: **num | BI5: R [curv] | BJ5: Y [span] | BK5: X [swe] | BL5: Z [ben] | BM5: m [kg/m] | BN5: x_cg [m] | BO5: z_cg [m] | BP5: ρIxx [kg*m] | BQ5: ρIzz [kg*m] | BR5: ρIxz [kg*m] | BS5: EA [N] | BT5: + EAx [Nm] | BU5: EAz [Nm] | BV5: Eixx [Nm^2] | BW5: Eizz [Nm^2] | BX5: + Eixz [Nm^2] | BY5: Git [Nm^2] | BZ5: GxA [N] | CA5: GzA [N] | CB5: GxAX [Nm] | CC5: + GzAZ [Nm] | CD5: RR [m] | CF5: EAx | CG5: EAz | CH5: GAxX | CI5: GAzZ | CK5: pre | CL5: next | CN5: **num | CO5: Y [span] | CP5: X [swe] | CQ5: Z [ben] | CR5: m [kg/m] | CS5: x_cg [m] | CT5: z_cg [m] | CU5: rIxx [kg*m] | CV5: rIzz [kg*m] | CW5: rIxz [kg*m] | CX5: EA [N] | CY5: EAx [Nm] | CZ5: EAz [Nm] | DA5: EIxx [Nm^2] | DB5: EIzz [Nm^2] | DC5: EIxz [Nm^2] | DD5: GJ [Nm^2] | DE5: GxA [N] | DF5: GzA [N] | DG5: GxAX [Nm] | DH5: GzAZ [Nm] | DI5: RR [m]
A6: =NASA!BI7 -> 8.2 | B6: =NASA!BJ7 -> 0.13843 | C6: =NASA!BK7 -> 0 | D6: =NASA!BL7 -> 0.14732 | E6: =NASA!BM7 -> 2.0546377 | F6: =NASA!BN7 -> 57826881 | G6: =NASA!BO7 -> 786.32922 | H6: =NASA!BP7 -> 0.0032258 | ... T6: =NASA!CB7 -> 1 | U6: =F6/ (2*(1+$U$3)) -> 22241108 | V6: 2091863.4 | W6: 0.87 | X6: 0.77 | Z6: =C6 -> 0 | AA6: =J6 -> 0.0324866 | AB6: =K6 -> -0.0006858 | AC6: =H6 -> 0.0032258 | AD6: =I6 -> 0.0003048 | AE6: =L6 -> -2.54e-05 | AF6: =M6 -> -5.08e-05 | AH6: =IF($AH$3=1, A6, 0) -> 8.2 | AI6: =RADIANS(AH6) -> 0.143117 | AJ6: =AA6*COS($AI6) - AB6*SIN($AI6) -> 0.032252279 | AK6: =AA6*SIN($AI6) + AB6*COS($AI6) -> 0.0039547406 | AL6: =AC6*COS($AI6) - AD6*SIN($AI6) -> 0.0031493469 | AM6: =AC6*SIN($AI6) + AD6*COS($AI6) -> 0.00076177621 | AN6: =AE6*COS($AI6) - AF6*SIN($AI6) -> -1.7894766e-05 | AO6: =AE6*SIN($AI6) + AF6*COS($AI6) -> -5.3903407e-05 | AR6: =G6 -> 786.32922 | AS6: {=W6 * _xlfn.IFS( $AT$4="P", $U6, $AT$4="A", $V6)} -> 1819921.1 | AT6: {=X6 * _xlfn.IFS( $AT$4="P", $U6, $AT$4="A", $V6)} -> 1610734.8 | AU6: =Q6 + (E6*AK6^2)*$AW$2 -> 6.4161673e-05 | AV6: =R6 + (E6*AJ6^2)*$AW$2 -> 0.0061673425 | AW6: =S6 + (E6*AJ6*AK6)*$AW$2 -> 0.00033412899 | AX6: =N6 + (F6*AO6^2)*$AW$2 -> 829.13981 | AY6: =O6 + (F6*AN6^2)*$AW$2 -> 20289.608 | AZ6: =P6 + (F6*AN6*AO6)*$AW$2 -> 94.759663 | BA6: =$F6*AO6 -> -3117.0659 | BB6: =$F6*AN6 -> -1034.7985 | BC6: =AS6*AM6 -> 1386.3726 | BD6: =AT6*AL6 -> 5072.7626 | BF6: =IF($BF$3=1, -A6, 0) -> -8.2 | BG6: =RADIANS(BF6) -> -0.143117 | BH6: 1 | BI6: =BJ6 -> 0.14732 | BJ6: =D6 -> 0.14732 | BK6: =C6 -> 0 | BL6: 0 | BM6: =E6 -> 2.0546377 | BN6: =AJ6 -> 0.032252279 | BO6: =AK6 -> 0.0039547406 | BP6: =0.5*($AU6+$AV6)+0.5*($AU6-$AV6)*COS(2*$BG6) + $AW6*SIN(2*$BG6) -> 9.3980293e-05 | BQ6: =0.5*($AU6+$AV6)-0.5*($AU6-$AV6)*COS(2*$BG6)-$AW6*SIN(2*$BG6) -> 0.0061375238 | BR6: =- 0.5*($AU6-$AV6)*SIN(2*$BG6) + $AW6*COS(2*$BG6) -> -0.00054105587 | BS6: =F6 -> 57826881 | BT6: =$BA6*COS($BG6) + $BB6*SIN($BG6) -> -2937.6056 | BU6: =- $BA6*SIN($BG6) + $BB6*COS($BG6) -> -1468.8028 | BV6: =0.5*($AX6+$AY6)+0.5*($AX6-$AY6)*COS(2*$BG6) + $AZ6*SIN(2*$BG6) -> 1198.2698 | BW6: =0.5*($AX6+$AY6)-0.5*($AX6-$AY6)*COS(2*$BG6)-$AZ6*SIN(2*$BG6) -> 19920.478 | BX6: =- 0.5*($AX6-$AY6)*SIN(2*$BG6) + $AZ6*COS(2*$BG6) -> -2656.3442 | BY6: =AR6 -> 786.32922 | BZ6: =0.5*($AS6+$AT6)+0.5*($AS6-$AT6)*COS(2*$BG6) -> 1815665.7 | CA6: =0.5*($AS6+$AT6)-0.5*($AS6-$AT6)*COS(2*$BG6) -> 1614990.3 | CB6: =$BC6*COS($BG6) + $BD6*SIN($BG6) -> 648.67596 | CC6: =- $BC6*SIN($BG6) + $BD6*COS($BG6) -> 5218.6367 | CD6: =BJ6 -> 0.14732 | CF6: =$BS6*AF6 -> -2937.6056 | CG6: =$BS6*AE6 -> -1468.8028 | CH6: =BZ6*AD6 -> 553.41489 | CI6: =CA6*AC6 -> 5209.6357 | CK6: - | CL6: - | CN6: 1 | CO6: 0 | CP6: 0 | CQ6: 0 | CR6: 1 | CS6: 0 | CT6: 0 | CU6: 0.1 | CV6: 0.1 | CW6: 0 | CX6: 1000000000000 | CY6: 0 | CZ6: 0 | DA6: 10000000000 | DB6: 10000000000 | DC6: 0 | DD6: 1000000000 | DE6: 100000000000000 | DF6: 100000000000000 | DG6: 0 | DH6: 0 | DI6: 0
A7: =NASA!BI8 -> 8.0484739 | B7: =NASA!BJ8 -> 0.13843 | C7: =NASA!BK8 -> 0 | D7: =NASA!BL8 -> 0.2117598 | E7: =NASA!BM8 -> 2.0546377 | F7: =NASA!BN8 -> 57826881 | G7: =NASA!BO8 -> 786.32922 | H7: =NASA!BP8 -> 0.0032258 | ... T7: =NASA!CB8 -> 2 | U7: =F7/ (2*(1+$U$3)) -> 22241108 | V7: 2091863.4 | W7: 0.87 | X7: 0.77 | Z7: =C7 -> 0 | AA7: =J7 -> 0.0324866 | AB7: =K7 -> -0.0006858 | AC7: =H7 -> 0.0032258 | AD7: =I7 -> 0.0003048 | AE7: =L7 -> -2.54e-05 | AF7: =M7 -> -5.08e-05 | AH7: =IF($AH$3=1, A7, 0) -> 8.0484739 | AI7: =RADIANS(AH7) -> 0.14047237 | AJ7: =AA7*COS($AI7) - AB7*SIN($AI7) -> 0.032262625 | AK7: =AA7*SIN($AI7) + AB7*COS($AI7) -> 0.0038694315 | AL7: =AC7*COS($AI7) - AD7*SIN($AI7) -> 0.0031513505 | AM7: =AC7*SIN($AI7) + AD7*COS($AI7) -> 0.0007534447 | AN7: =AE7*COS($AI7) - AF7*SIN($AI7) -> -1.8037258e-05 | AO7: =AE7*SIN($AI7) + AF7*COS($AI7) -> -5.3855894e-05 | AR7: =G7 -> 786.32922 | AS7: {=W7 * _xlfn.IFS( $AT$4="P", $U7, $AT$4="A", $V7)} -> 1819921.1 | AT7: {=X7 * _xlfn.IFS( $AT$4="P", $U7, $AT$4="A", $V7)} -> 1610734.8 | AU7: =Q7 + (E7*AK7^2)*$AW$2 -> 6.2790259e-05 | AV7: =R7 + (E7*AJ7^2)*$AW$2 -> 0.0061687139 | AW7: =S7 + (E7*AJ7*AK7)*$AW$2 -> 0.00032855809 | AX7: =N7 + (F7*AO7^2)*$AW$2 -> 829.13952 | AY7: =O7 + (F7*AN7^2)*$AW$2 -> 20289.608 | AZ7: =P7 + (F7*AN7*AO7)*$AW$2 -> 94.760057 | BA7: =$F7*AO7 -> -3114.3184 | BB7: =$F7*AN7 -> -1043.0384 | BC7: =AS7*AM7 -> 1371.2099 | BD7: =AT7*AL7 -> 5075.9899 | BF7: =IF($BF$3=1, -A7, 0) -> -8.0484739 | BG7: =RADIANS(BF7) -> -0.14047237 | BH7: 2 | BI7: =SQRT( (BJ7-BJ6)^2 + (BK7-BK6)^2 + (BL7-BL6)^2 ) + BI6 -> 0.2117598 | BJ7: =D7 -> 0.2117598 | BK7: =C7 -> 0 | BL7: 0 | BM7: =E7 -> 2.0546377 | BN7: =AJ7 -> 0.032262625 | BO7: =AK7 -> 0.0038694315 | BP7: =0.5*($AU7+$AV7)+0.5*($AU7-$AV7)*COS(2*$BG7) + $AW7*SIN(2*$BG7) -> 9.138775e-05 | BQ7: =0.5*($AU7+$AV7)-0.5*($AU7-$AV7)*COS(2*$BG7)-$AW7*SIN(2*$BG7) -> 0.0061401164 | BR7: =- 0.5*($AU7-$AV7)*SIN(2*$BG7) + $AW7*COS(2*$BG7) -> -0.00053079817 | BS7: =F7 -> 57826881 | BT7: =$BA7*COS($BG7) + $BB7*SIN($BG7) -> -2937.6056 | BU7: =- $BA7*SIN($BG7) + $BB7*COS($BG7) -> -1468.8028 | BV7: =0.5*($AX7+$AY7)+0.5*($AX7-$AY7)*COS(2*$BG7) + $AZ7*SIN(2*$BG7) -> 1184.3503 | BW7: =0.5*($AX7+$AY7)-0.5*($AX7-$AY7)*COS(2*$BG7)-$AZ7*SIN(2*$BG7) -> 19934.398 | BX7: =- 0.5*($AX7-$AY7)*SIN(2*$BG7) + $AZ7*COS(2*$BG7) -> -2606.7937 | BY7: =AR7 -> 786.32922 | BZ7: =0.5*($AS7+$AT7)+0.5*($AS7-$AT7)*COS(2*$BG7) -> 1815820.5 | CA7: =0.5*($AS7+$AT7)-0.5*($AS7-$AT7)*COS(2*$BG7) -> 1614835.5 | CB7: =$BC7*COS($BG7) + $BD7*SIN($BG7) -> 647.00984 | CC7: =- $BC7*SIN($BG7) + $BD7*COS($BG7) -> 5217.9755 | CD7: =BJ7 -> 0.2117598 | CF7: =$BS7*AF7 -> -2937.6056 | CG7: =$BS7*AE7 -> -1468.8028 | CH7: =BZ7*AD7 -> 553.46208 | CI7: =CA7*AC7 -> 5209.1363 | CK7: =_xlfn.XLOOKUP(CO7,$BJ$6:$BJ$195,$BH$6:$BH$195, ,1) -> 1 | CL7: =CK7+1 -> 2 | CN7: 2 | CO7: 0.1473 | CP7: =_xlfn.LET( _xlpm.r, $CO7, _xlpm.rp, _xlfn.XLOOKUP($CK7,$BH$6:$BH$195, $BJ$6:$BJ$195, , -1), _xlpm.rn, _xlfn.XLOOKUP($CL7,$BH$6:$BH$195, $BJ$6:$BJ$195, , -1), _xlpm.xp, _xlfn.XLOOKUP($CK7,$BH$6:$BH$195, BK$6:BK$195, , -1), _xlpm.xn, _xlfn.XLOOKUP($CL7,$BH$6:$BH$195, BK$6:BK$195, , -1), (_xlpm.r - _xlpm.rp)/(_xlpm.rn - _xlpm.rp)*(_xlpm.xn - _xlpm.xp) + _xlpm.xp ) -> 0 | CQ7: =_xlfn.LET( _xlpm.r, $CO7, _xlpm.rp, _xlfn.XLOOKUP($CK7,$BH$6:$BH$195, $BJ$6:$BJ$195, , -1), _xlpm.rn, _xlfn.XLOOKUP($CL7,$BH$6:$BH$195, $BJ$6:$BJ$195, , -1), _xlpm.xp, _xlfn.XLOOKUP($CK7,$BH$6:$BH$195, BL$6:BL$195, , -1), _xlpm.xn, _xlfn.XLOOKUP($CL7,$BH$6:$BH$195, BL$6:BL$195, , -1), (_xlpm.r - _xlpm.rp)/(_xlpm.rn - _xlpm.rp)*(_xlpm.xn - _xlpm.xp) + _xlpm.xp ) -> 0 | CR7: =_xlfn.LET( _xlpm.r, $CO7, _xlpm.rp, _xlfn.XLOOKUP($CK7,$BH$6:$BH$195, $BJ$6:$BJ$195, , -1), _xlpm.rn, _xlfn.XLOOKUP($CL7,$BH$6:$BH$195, $BJ$6:$BJ$195, , -1), _xlpm.xp, _xlfn.XLOOKUP($CK7,$BH$6:$BH$195, BM$6:BM$195, , -1), _xlpm.xn, _xlfn.XLOOKUP($CL7,$BH$6:$BH$195, BM$6:BM$195, , -1), (_xlpm.r - _xlpm.rp)/(_xlpm.rn - _xlpm.rp)*(_xlpm.xn - _xlpm.xp) + _xlpm.xp ) -> 2.0546377 | CS7: =_xlfn.LET( _xlpm.r, $CO7, _xlpm.rp, _xlfn.XLOOKUP($CK7,$BH$6:$BH$195, $BJ$6:$BJ$195, , -1), _xlpm.rn, _xlfn.XLOOKUP($CL7,$BH$6:$BH$195, $BJ$6:$BJ$195, , -1), _xlpm.xp, _xlfn.XLOOKUP($CK7,$BH$6:$BH$195, BN$6:BN$195, , -1), _xlpm.xn, _xlfn.XLOOKUP($CL7,$BH$6:$BH$195, BN$6:BN$195, , -1), (_xlpm.r - _xlpm.rp)/(_xlpm.rn - _xlpm.rp)*(_xlpm.xn - _xlpm.xp) + _xlpm.xp ) -> 0.032252276 | CT7: =_xlfn.LET( _xlpm.r, $CO7, _xlpm.rp, _xlfn.XLOOKUP($CK7,$BH$6:$BH$195, $BJ$6:$BJ$195, , -1), _xlpm.rn, _xlfn.XLOOKUP($CL7,$BH$6:$BH$195, $BJ$6:$BJ$195, , -1), _xlpm.xp, _xlfn.XLOOKUP($CK7,$BH$6:$BH$195, BO$6:BO$195, , -1), _xlpm.xn, _xlfn.XLOOKUP($CL7,$BH$6:$BH$195, BO$6:BO$195, , -1), (_xlpm.r - _xlpm.rp)/(_xlpm.rn - _xlpm.rp)*(_xlpm.xn - _xlpm.xp) + _xlpm.xp ) -> 0.0039547671 | CU7: =_xlfn.LET( _xlpm.r, $CO7, _xlpm.rp, _xlfn.XLOOKUP($CK7,$BH$6:$BH$195, $BJ$6:$BJ$195, , -1), _xlpm.rn, _xlfn.XLOOKUP($CL7,$BH$6:$BH$195, $BJ$6:$BJ$195, , -1), _xlpm.xp, _xlfn.XLOOKUP($CK7,$BH$6:$BH$195, BP$6:BP$195, , -1), _xlpm.xn, _xlfn.XLOOKUP($CL7,$BH$6:$BH$195, BP$6:BP$195, , -1), (_xlpm.r - _xlpm.rp)/(_xlpm.rn - _xlpm.rp)*(_xlpm.xn - _xlpm.xp) + _xlpm.xp ) -> 9.3981097e-05 | CV7: =_xlfn.LET( _xlpm.r, $CO7, _xlpm.rp, _xlfn.XLOOKUP($CK7,$BH$6:$BH$195, $BJ$6:$BJ$195, , -1), _xlpm.rn, _xlfn.XLOOKUP($CL7,$BH$6:$BH$195, $BJ$6:$BJ$195, , -1), _xlpm.xp, _xlfn.XLOOKUP($CK7,$BH$6:$BH$195, BQ$6:BQ$195, , -1), _xlpm.xn, _xlfn.XLOOKUP($CL7,$BH$6:$BH$195, BQ$6:BQ$195, , -1), (_xlpm.r - _xlpm.rp)/(_xlpm.rn - _xlpm.rp)*(_xlpm.xn - _xlpm.xp) + _xlpm.xp ) -> 0.006137523 | CW7: =_xlfn.LET( _xlpm.r, $CO7, _xlpm.rp, _xlfn.XLOOKUP($CK7,$BH$6:$BH$195, $BJ$6:$BJ$195, , -1), _xlpm.rn, _xlfn.XLOOKUP($CL7,$BH$6:$BH$195, $BJ$6:$BJ$195, , -1), _xlpm.xp, _xlfn.XLOOKUP($CK7,$BH$6:$BH$195, BR$6:BR$195, , -1), _xlpm.xn, _xlfn.XLOOKUP($CL7,$BH$6:$BH$195, BR$6:BR$195, , -1), (_xlpm.r - _xlpm.rp)/(_xlpm.rn - _xlpm.rp)*(_xlpm.xn - _xlpm.xp) + _xlpm.xp ) -> -0.00054105905 | ... DI7: =_xlfn.LET( _xlpm.r, $CO7, _xlpm.rp, _xlfn.XLOOKUP($CK7,$BH$6:$BH$195, $BJ$6:$BJ$195, , -1), _xlpm.rn, _xlfn.XLOOKUP($CL7,$BH$6:$BH$195, $BJ$6:$BJ$195, , -1), _xlpm.xp, _xlfn.XLOOKUP($CK7,$BH$6:$BH$195, CD$6:CD$195, , -1), _xlpm.xn, _xlfn.XLOOKUP($CL7,$BH$6:$BH$195, CD$6:CD$195, , -1), (_xlpm.r - _xlpm.rp)/(_xlpm.rn - _xlpm.rp)*(_xlpm.xn - _xlpm.xp) + _xlpm.xp ) -> 0.1473
A8: =NASA!BI9 -> 7.5283936 | B8: =NASA!BJ9 -> 0.13843 | C8: =NASA!BK9 -> 0 | D8: =NASA!BL9 -> 0.2742565 | E8: =NASA!BM9 -> 1.5099518 | F8: =NASA!BN9 -> 32827876 | G8: =NASA!BO9 -> 677.27626 | H8: =NASA!BP9 -> -5.08e-05 | ... T8: =NASA!CB9 -> 3 | U8: =F8/ (2*(1+$U$3)) -> 12626106 | V8: 1591447.6 | W8: 0.87 | X8: 0.77 | Z8: =C8 -> 0 | AA8: =J8 -> -0.0004318 | AB8: =K8 -> 0.0007874 | AC8: =H8 -> -5.08e-05 | AD8: =I8 -> 0.0013716 | AE8: =L8 -> -0.0013208 | AF8: =M8 -> 0.001016 | AH8: =IF($AH$3=1, A8, 0) -> 7.5283936 | AI8: =RADIANS(AH8) -> 0.13139526 | AJ8: =AA8*COS($AI8) - AB8*SIN($AI8) -> -0.00053124109 | AK8: =AA8*SIN($AI8) + AB8*COS($AI8) -> 0.0007240393 | AL8: =AC8*COS($AI8) - AD8*SIN($AI8) -> -0.00023006571 | AM8: =AC8*SIN($AI8) + AD8*COS($AI8) -> 0.0013531212 | AN8: =AE8*COS($AI8) - AF8*SIN($AI8) -> -0.0014425286 | AO8: =AE8*SIN($AI8) + AF8*COS($AI8) -> 0.00083419423 | AR8: =G8 -> 677.27626 | AS8: {=W8 * _xlfn.IFS( $AT$4="P", $U8, $AT$4="A", $V8)} -> 1384559.4 | AT8: {=X8 * _xlfn.IFS( $AT$4="P", $U8, $AT$4="A", $V8)} -> 1225414.6 | AU8: =Q8 + (E8*AK8^2)*$AW$2 -> 2.8192612e-05 | AV8: =R8 + (E8*AJ8^2)*$AW$2 -> 0.0016151306 | AW8: =S8 + (E8*AJ8*AK8)*$AW$2 -> -8.9434436e-06 | AX8: =N8 + (F8*AO8^2)*$AW$2 -> 907.41871 | AY8: =O8 + (F8*AN8^2)*$AW$2 -> 13097.27 | AZ8: =P8 + (F8*AN8*AO8)*$AW$2 -> -96.612703 | BA8: =$F8*AO8 -> 27384.824 | BB8: =$F8*AN8 -> -47355.148 | BC8: =AS8*AM8 -> 1873.4767 | BD8: =AT8*AL8 -> -281.92589 | BF8: =IF($BF$3=1, -A8, 0) -> -7.5283936 | BG8: =RADIANS(BF8) -> -0.13139526 | BH8: 3 | BI8: =SQRT( (BJ8-BJ7)^2 + (BK8-BK7)^2 + (BL8-BL7)^2 ) + BI7 -> 0.2742565 | BJ8: =D8 -> 0.2742565 | BK8: =C8 -> 0 | BL8: 0 | BM8: =E8 -> 1.5099518 | BN8: =AJ8 -> -0.00053124109 | BO8: =AK8 -> 0.0007240393 | BP8: =0.5*($AU8+$AV8)+0.5*($AU8-$AV8)*COS(2*$BG8) + $AW8*SIN(2*$BG8) -> 5.7756624e-05 | BQ8: =0.5*($AU8+$AV8)-0.5*($AU8-$AV8)*COS(2*$BG8)-$AW8*SIN(2*$BG8) -> 0.0015855666 | BR8: =- 0.5*($AU8-$AV8)*SIN(2*$BG8) + $AW8*COS(2*$BG8) -> -0.00021476082 | BS8: =F8 -> 32827876 | BT8: =$BA8*COS($BG8) + $BB8*SIN($BG8) -> 33353.122 | BU8: =- $BA8*SIN($BG8) + $BB8*COS($BG8) -> -43359.058 | BV8: =0.5*($AX8+$AY8)+0.5*($AX8-$AY8)*COS(2*$BG8) + $AZ8*SIN(2*$BG8) -> 1141.7623 | BW8: =0.5*($AX8+$AY8)-0.5*($AX8-$AY8)*COS(2*$BG8)-$AZ8*SIN(2*$BG8) -> 12862.926 | BX8: =- 0.5*($AX8-$AY8)*SIN(2*$BG8) + $AZ8*COS(2*$BG8) -> -1676.6129 | BY8: =AR8 -> 677.27626 | BZ8: =0.5*($AS8+$AT8)+0.5*($AS8-$AT8)*COS(2*$BG8) -> 1381827.6 | CA8: =0.5*($AS8+$AT8)-0.5*($AS8-$AT8)*COS(2*$BG8) -> 1228146.5 | CB8: =$BC8*COS($BG8) + $BD8*SIN($BG8) -> 1894.2646 | CC8: =- $BC8*SIN($BG8) + $BD8*COS($BG8) -> -34.037475 | CD8: =BJ8 -> 0.2742565 | CF8: =$BS8*AF8 -> 33353.122 | CG8: =$BS8*AE8 -> -43359.058 | CH8: =BZ8*AD8 -> 1895.3147 | CI8: =CA8*AC8 -> -62.38984 | CK8: =_xlfn.XLOOKUP(CO8,$BJ$6:$BJ$195,$BH$6:$BH$195, ,-1) -> 2 | CL8: =CK8+1 -> 3 | CN8: 3 | CO8: 0.247 | CP8: =_xlfn.LET( _xlpm.r, $CO8, _xlpm.rp, _xlfn.XLOOKUP($CK8,$BH$6:$BH$195, $BJ$6:$BJ$195, , -1), _xlpm.rn, _xlfn.XLOOKUP($CL8,$BH$6:$BH$195, $BJ$6:$BJ$195, , -1), _xlpm.xp, _xlfn.XLOOKUP($CK8,$BH$6:$BH$195, BK$6:BK$195, , -1), _xlpm.xn, _xlfn.XLOOKUP($CL8,$BH$6:$BH$195, BK$6:BK$195, , -1), (_xlpm.r - _xlpm.rp)/(_xlpm.rn - _xlpm.rp)*(_xlpm.xn - _xlpm.xp) + _xlpm.xp ) -> 0 | CQ8: =_xlfn.LET( _xlpm.r, $CO8, _xlpm.rp, _xlfn.XLOOKUP($CK8,$BH$6:$BH$195, $BJ$6:$BJ$195, , -1), _xlpm.rn, _xlfn.XLOOKUP($CL8,$BH$6:$BH$195, $BJ$6:$BJ$195, , -1), _xlpm.xp, _xlfn.XLOOKUP($CK8,$BH$6:$BH$195, BL$6:BL$195, , -1), _xlpm.xn, _xlfn.XLOOKUP($CL8,$BH$6:$BH$195, BL$6:BL$195, , -1), (_xlpm.r - _xlpm.rp)/(_xlpm.rn - _xlpm.rp)*(_xlpm.xn - _xlpm.xp) + _xlpm.xp ) -> 0 | CR8: =_xlfn.LET( _xlpm.r, $CO8, _xlpm.rp, _xlfn.XLOOKUP($CK8,$BH$6:$BH$195, $BJ$6:$BJ$195, , -1), _xlpm.rn, _xlfn.XLOOKUP($CL8,$BH$6:$BH$195, $BJ$6:$BJ$195, , -1), _xlpm.xp, _xlfn.XLOOKUP($CK8,$BH$6:$BH$195, BM$6:BM$195, , -1), _xlpm.xn, _xlfn.XLOOKUP($CL8,$BH$6:$BH$195, BM$6:BM$195, , -1), (_xlpm.r - _xlpm.rp)/(_xlpm.rn - _xlpm.rp)*(_xlpm.xn - _xlpm.xp) + _xlpm.xp ) -> 1.7475041 | CS8: =_xlfn.LET( _xlpm.r, $CO8, _xlpm.rp, _xlfn.XLOOKUP($CK8,$BH$6:$BH$195, $BJ$6:$BJ$195, , -1), _xlpm.rn, _xlfn.XLOOKUP($CL8,$BH$6:$BH$195, $BJ$6:$BJ$195, , -1), _xlpm.xp, _xlfn.XLOOKUP($CK8,$BH$6:$BH$195, BN$6:BN$195, , -1), _xlpm.xn, _xlfn.XLOOKUP($CL8,$BH$6:$BH$195, BN$6:BN$195, , -1), (_xlpm.r - _xlpm.rp)/(_xlpm.rn - _xlpm.rp)*(_xlpm.xn - _xlpm.xp) + _xlpm.xp ) -> 0.01377105 | CT8: =_xlfn.LET( _xlpm.r, $CO8, _xlpm.rp, _xlfn.XLOOKUP($CK8,$BH$6:$BH$195, $BJ$6:$BJ$195, , -1), _xlpm.rn, _xlfn.XLOOKUP($CL8,$BH$6:$BH$195, $BJ$6:$BJ$195, , -1), _xlpm.xp, _xlfn.XLOOKUP($CK8,$BH$6:$BH$195, BO$6:BO$195, , -1), _xlpm.xn, _xlfn.XLOOKUP($CL8,$BH$6:$BH$195, BO$6:BO$195, , -1), (_xlpm.r - _xlpm.rp)/(_xlpm.rn - _xlpm.rp)*(_xlpm.xn - _xlpm.xp) + _xlpm.xp ) -> 0.0020958299 | CU8: =_xlfn.LET( _xlpm.r, $CO8, _xlpm.rp, _xlfn.XLOOKUP($CK8,$BH$6:$BH$195, $BJ$6:$BJ$195, , -1), _xlpm.rn, _xlfn.XLOOKUP($CL8,$BH$6:$BH$195, $BJ$6:$BJ$195, , -1), _xlpm.xp, _xlfn.XLOOKUP($CK8,$BH$6:$BH$195, BP$6:BP$195, , -1), _xlpm.xn, _xlfn.XLOOKUP($CL8,$BH$6:$BH$195, BP$6:BP$195, , -1), (_xlpm.r - _xlpm.rp)/(_xlpm.rn - _xlpm.rp)*(_xlpm.xn - _xlpm.xp) + _xlpm.xp ) -> 7.2424067e-05 | CV8: =_xlfn.LET( _xlpm.r, $CO8, _xlpm.rp, _xlfn.XLOOKUP($CK8,$BH$6:$BH$195, $BJ$6:$BJ$195, , -1), _xlpm.rn, _xlfn.XLOOKUP($CL8,$BH$6:$BH$195, $BJ$6:$BJ$195, , -1), _xlpm.xp, _xlfn.XLOOKUP($CK8,$BH$6:$BH$195, BQ$6:BQ$195, , -1), _xlpm.xn, _xlfn.XLOOKUP($CL8,$BH$6:$BH$195, BQ$6:BQ$195, , -1), (_xlpm.r - _xlpm.rp)/(_xlpm.rn - _xlpm.rp)*(_xlpm.xn - _xlpm.xp) + _xlpm.xp ) -> 0.0035719288 | CW8: =_xlfn.LET( _xlpm.r, $CO8, _xlpm.rp, _xlfn.XLOOKUP($CK8,$BH$6:$BH$195, $BJ$6:$BJ$195, , -1), _xlpm.rn, _xlfn.XLOOKUP($CL8,$BH$6:$BH$195, $BJ$6:$BJ$195, , -1), _xlpm.xp, _xlfn.XLOOKUP($CK8,$BH$6:$BH$195, BR$6:BR$195, , -1), _xlpm.xn, _xlfn.XLOOKUP($CL8,$BH$6:$BH$195, BR$6:BR$195, , -1), (_xlpm.r - _xlpm.rp)/(_xlpm.rn - _xlpm.rp)*(_xlpm.xn - _xlpm.xp) + _xlpm.xp ) -> -0.00035259325 | ... DI8: =_xlfn.LET( _xlpm.r, $CO8, _xlpm.rp, _xlfn.XLOOKUP($CK8,$BH$6:$BH$195, $BJ$6:$BJ$195, , -1), _xlpm.rn, _xlfn.XLOOKUP($CL8,$BH$6:$BH$195, $BJ$6:$BJ$195, , -1), _xlpm.xp, _xlfn.XLOOKUP($CK8,$BH$6:$BH$195, CD$6:CD$195, , -1), _xlpm.xn, _xlfn.XLOOKUP($CL8,$BH$6:$BH$195, CD$6:CD$195, , -1), (_xlpm.r - _xlpm.rp)/(_xlpm.rn - _xlpm.rp)*(_xlpm.xn - _xlpm.xp) + _xlpm.xp ) -> 0.247
A9: =NASA!BI10 -> 7.0083145 | B9: =NASA!BJ10 -> 0.13843 | C9: =NASA!BK10 -> 0 | D9: =NASA!BL10 -> 0.3367532 | E9: =NASA!BM10 -> 1.42032 | F9: =NASA!BN10 -> 27934832 | G9: =NASA!BO10 -> 614.14034 | H9: =NASA!BP10 -> 0.0007874 | ... T9: =NASA!CB10 -> 4 | U9: =F9/ (2*(1+$U$3)) -> 10744166 | V9: 1350892.4 | W9: 0.87 | X9: 0.77 | Z9: =C9 -> 0 | AA9: =J9 -> -0.00127 | AB9: =K9 -> 0.0014224 | AC9: =H9 -> 0.0007874 | AD9: =I9 -> 0.0028448 | AE9: =L9 -> -0.0012954 | AF9: =M9 -> 0.0019812 | AH9: =IF($AH$3=1, A9, 0) -> 7.0083145 | AI9: =RADIANS(AH9) -> 0.12231816 | AJ9: =AA9*COS($AI9) - AB9*SIN($AI9) -> -0.001434063 | AK9: =AA9*SIN($AI9) + AB9*COS($AI9) -> 0.0012568155 | AL9: =AC9*COS($AI9) - AD9*SIN($AI9) -> 0.00043441326 | AM9: =AC9*SIN($AI9) + AD9*COS($AI9) -> 0.0029196183 | AN9: =AE9*COS($AI9) - AF9*SIN($AI9) -> -0.0015274543 | AO9: =AE9*SIN($AI9) + AF9*COS($AI9) -> 0.0018083413 | AR9: =G9 -> 614.14034 | AS9: {=W9 * _xlfn.IFS( $AT$4="P", $U9, $AT$4="A", $V9)} -> 1175276.4 | AT9: {=X9 * _xlfn.IFS( $AT$4="P", $U9, $AT$4="A", $V9)} -> 1040187.1 | AU9: =Q9 + (E9*AK9^2)*$AW$2 -> 3.2269012e-05 | AV9: =R9 + (E9*AJ9^2)*$AW$2 -> 0.0014975234 | AW9: =S9 + (E9*AJ9*AK9)*$AW$2 -> -2.8937872e-05 | AX9: =N9 + (F9*AO9^2)*$AW$2 -> 1083.7373 | AY9: =O9 + (F9*AN9^2)*$AW$2 -> 11630.528 | AZ9: =P9 + (F9*AN9*AO9)*$AW$2 -> -236.72213 | BA9: =$F9*AO9 -> 50515.709 | BB9: =$F9*AN9 -> -42669.178 | BC9: =AS9*AM9 -> 3431.3584 | BD9: =AT9*AL9 -> 451.87108 | BF9: =IF($BF$3=1, -A9, 0) -> -7.0083145 | BG9: =RADIANS(BF9) -> -0.12231816 | BH9: 4 | BI9: =SQRT( (BJ9-BJ8)^2 + (BK9-BK8)^2 + (BL9-BL8)^2 ) + BI8 -> 0.3367532 | BJ9: =D9 -> 0.3367532 | BK9: =C9 -> 0 | BL9: 0 | BM9: =E9 -> 1.42032 | BN9: =AJ9 -> -0.001434063 | BO9: =AK9 -> 0.0012568155 | BP9: =0.5*($AU9+$AV9)+0.5*($AU9-$AV9)*COS(2*$BG9) + $AW9*SIN(2*$BG9) -> 6.1091495e-05 | BQ9: =0.5*($AU9+$AV9)-0.5*($AU9-$AV9)*COS(2*$BG9)-$AW9*SIN(2*$BG9) -> 0.0014687009 | BR9: =- 0.5*($AU9-$AV9)*SIN(2*$BG9) + $AW9*COS(2*$BG9) -> -0.00020552113 | BS9: =F9 -> 27934832 | BT9: =$BA9*COS($BG9) + $BB9*SIN($BG9) -> 55344.489 | BU9: =- $BA9*SIN($BG9) + $BB9*COS($BG9) -> -36186.781 | BV9: =0.5*($AX9+$AY9)+0.5*($AX9-$AY9)*COS(2*$BG9) + $AZ9*SIN(2*$BG9) -> 1298.0851 | BW9: =0.5*($AX9+$AY9)-0.5*($AX9-$AY9)*COS(2*$BG9)-$AZ9*SIN(2*$BG9) -> 11416.181 | BX9: =- 0.5*($AX9-$AY9)*SIN(2*$BG9) + $AZ9*COS(2*$BG9) -> -1506.9087 | BY9: =AR9 -> 614.14034 | BZ9: =0.5*($AS9+$AT9)+0.5*($AS9-$AT9)*COS(2*$BG9) -> 1173265.3 | CA9: =0.5*($AS9+$AT9)-0.5*($AS9-$AT9)*COS(2*$BG9) -> 1042198.2 | CB9: =$BC9*COS($BG9) + $BD9*SIN($BG9) -> 3350.5865 | CC9: =- $BC9*SIN($BG9) + $BD9*COS($BG9) -> 867.16652 | CD9: =BJ9 -> 0.3367532 | CF9: =$BS9*AF9 -> 55344.489 | CG9: =$BS9*AE9 -> -36186.781 | CH9: =BZ9*AD9 -> 3337.705 | CI9: =CA9*AC9 -> 820.62689 | CK9: =_xlfn.XLOOKUP(CO9,$BJ$6:$BJ$195,$BH$6:$BH$195, ,-1) -> 3 | CL9: =CK9+1 -> 4 | CN9: 4 | CO9: 0.3319 | CP9: =_xlfn.LET( _xlpm.r, $CO9, _xlpm.rp, _xlfn.XLOOKUP($CK9,$BH$6:$BH$195, $BJ$6:$BJ$195, , -1), _xlpm.rn, _xlfn.XLOOKUP($CL9,$BH$6:$BH$195, $BJ$6:$BJ$195, , -1), _xlpm.xp, _xlfn.XLOOKUP($CK9,$BH$6:$BH$195, BK$6:BK$195, , -1), _xlpm.xn, _xlfn.XLOOKUP($CL9,$BH$6:$BH$195, BK$6:BK$195, , -1), (_xlpm.r - _xlpm.rp)/(_xlpm.rn - _xlpm.rp)*(_xlpm.xn - _xlpm.xp) + _xlpm.xp ) -> 0 | CQ9: =_xlfn.LET( _xlpm.r, $CO9, _xlpm.rp, _xlfn.XLOOKUP($CK9,$BH$6:$BH$195, $BJ$6:$BJ$195, , -1), _xlpm.rn, _xlfn.XLOOKUP($CL9,$BH$6:$BH$195, $BJ$6:$BJ$195, , -1), _xlpm.xp, _xlfn.XLOOKUP($CK9,$BH$6:$BH$195, BL$6:BL$195, , -1), _xlpm.xn, _xlfn.XLOOKUP($CL9,$BH$6:$BH$195, BL$6:BL$195, , -1), (_xlpm.r - _xlpm.rp)/(_xlpm.rn - _xlpm.rp)*(_xlpm.xn - _xlpm.xp) + _xlpm.xp ) -> 0 | CR9: =_xlfn.LET( _xlpm.r, $CO9, _xlpm.rp, _xlfn.XLOOKUP($CK9,$BH$6:$BH$195, $BJ$6:$BJ$195, , -1), _xlpm.rn, _xlfn.XLOOKUP($CL9,$BH$6:$BH$195, $BJ$6:$BJ$195, , -1), _xlpm.xp, _xlfn.XLOOKUP($CK9,$BH$6:$BH$195, BM$6:BM$195, , -1), _xlpm.xn, _xlfn.XLOOKUP($CL9,$BH$6:$BH$195, BM$6:BM$195, , -1), (_xlpm.r - _xlpm.rp)/(_xlpm.rn - _xlpm.rp)*(_xlpm.xn - _xlpm.xp) + _xlpm.xp ) -> 1.4272804 | CS9: =_xlfn.LET( _xlpm.r, $CO9, _xlpm.rp, _xlfn.XLOOKUP($CK9,$BH$6:$BH$195, $BJ$6:$BJ$195, , -1), _xlpm.rn, _xlfn.XLOOKUP($CL9,$BH$6:$BH$195, $BJ$6:$BJ$195, , -1), _xlpm.xp, _xlfn.XLOOKUP($CK9,$BH$6:$BH$195, BN$6:BN$195, , -1), _xlpm.xn, _xlfn.XLOOKUP($CL9,$BH$6:$BH$195, BN$6:BN$195, , -1), (_xlpm.r - _xlpm.rp)/(_xlpm.rn - _xlpm.rp)*(_xlpm.xn - _xlpm.xp) + _xlpm.xp ) -> -0.0013639541 | CT9: =_xlfn.LET( _xlpm.r, $CO9, _xlpm.rp, _xlfn.XLOOKUP($CK9,$BH$6:$BH$195, $BJ$6:$BJ$195, , -1), _xlpm.rn, _xlfn.XLOOKUP($CL9,$BH$6:$BH$195, $BJ$6:$BJ$195, , -1), _xlpm.xp, _xlfn.XLOOKUP($CK9,$BH$6:$BH$195, BO$6:BO$195, , -1), _xlpm.xn, _xlfn.XLOOKUP($CL9,$BH$6:$BH$195, BO$6:BO$195, , -1), (_xlpm.r - _xlpm.rp)/(_xlpm.rn - _xlpm.rp)*(_xlpm.xn - _xlpm.xp) + _xlpm.xp ) -> 0.0012154426 | CU9: =_xlfn.LET( _xlpm.r, $CO9, _xlpm.rp, _xlfn.XLOOKUP($CK9,$BH$6:$BH$195, $BJ$6:$BJ$195, , -1), _xlpm.rn, _xlfn.XLOOKUP($CL9,$BH$6:$BH$195, $BJ$6:$BJ$195, , -1), _xlpm.xp, _xlfn.XLOOKUP($CK9,$BH$6:$BH$195, BP$6:BP$195, , -1), _xlpm.xn, _xlfn.XLOOKUP($CL9,$BH$6:$BH$195, BP$6:BP$195, , -1), (_xlpm.r - _xlpm.rp)/(_xlpm.rn - _xlpm.rp)*(_xlpm.xn - _xlpm.xp) + _xlpm.xp ) -> 6.0832524e-05 | CV9: =_xlfn.LET( _xlpm.r, $CO9, _xlpm.rp, _xlfn.XLOOKUP($CK9,$BH$6:$BH$195, $BJ$6:$BJ$195, , -1), _xlpm.rn, _xlfn.XLOOKUP($CL9,$BH$6:$BH$195, $BJ$6:$BJ$195, , -1), _xlpm.xp, _xlfn.XLOOKUP($CK9,$BH$6:$BH$195, BQ$6:BQ$195, , -1), _xlpm.xn, _xlfn.XLOOKUP($CL9,$BH$6:$BH$195, BQ$6:BQ$195, , -1), (_xlpm.r - _xlpm.rp)/(_xlpm.rn - _xlpm.rp)*(_xlpm.xn - _xlpm.xp) + _xlpm.xp ) -> 0.0014777762 | CW9: =_xlfn.LET( _xlpm.r, $CO9, _xlpm.rp, _xlfn.XLOOKUP($CK9,$BH$6:$BH$195, $BJ$6:$BJ$195, , -1), _xlpm.rn, _xlfn.XLOOKUP($CL9,$BH$6:$BH$195, $BJ$6:$BJ$195, , -1), _xlpm.xp, _xlfn.XLOOKUP($CK9,$BH$6:$BH$195, BR$6:BR$195, , -1), _xlpm.xn, _xlfn.XLOOKUP($CL9,$BH$6:$BH$195, BR$6:BR$195, , -1), (_xlpm.r - _xlpm.rp)/(_xlpm.rn - _xlpm.rp)*(_xlpm.xn - _xlpm.xp) + _xlpm.xp ) -> -0.00020623864 | ... DI9: =_xlfn.LET( _xlpm.r, $CO9, _xlpm.rp, _xlfn.XLOOKUP($CK9,$BH$6:$BH$195, $BJ$6:$BJ$195, , -1), _xlpm.rn, _xlfn.XLOOKUP($CL9,$BH$6:$BH$195, $BJ$6:$BJ$195, , -1), _xlpm.xp, _xlfn.XLOOKUP($CK9,$BH$6:$BH$195, CD$6:CD$195, , -1), _xlpm.xn, _xlfn.XLOOKUP($CL9,$BH$6:$BH$195, CD$6:CD$195, , -1), (_xlpm.r - _xlpm.rp)/(_xlpm.rn - _xlpm.rp)*(_xlpm.xn - _xlpm.xp) + _xlpm.xp ) -> 0.3319
A10: =NASA!BI11 -> 5.084003 | B10: =NASA!BJ11 -> 0.13843 | C10: =NASA!BK11 -> 0 | D10: =NASA!BL11 -> 0.5681599 | E10: =NASA!BM11 -> 1.0893717 | F10: =NASA!BN11 -> 27534492 | G10: =NASA!BO11 -> 484.99868 | H10: =NASA!BP11 -> 0.0020574 | ... T10: =NASA!CB11 -> 5 | U10: =F10/ (2*(1+$U$3)) -> 10590189 | V10: 1091553.4 | W10: 0.87 | X10: 0.77 | Z10: =C10 -> 0 | AA10: =J10 -> 0.016891 | AB10: =K10 -> 0.0014224 | AC10: =H10 -> 0.0020574 | AD10: =I10 -> 0.0034036 | AE10: =L10 -> -0.0006604 | AF10: =M10 -> 0.0028448 | AH10: =IF($AH$3=1, A10, 0) -> 5.084003 | AI10: =RADIANS(AH10) -> 0.088732592 | AJ10: =AA10*COS($AI10) - AB10*SIN($AI10) -> 0.016698501 | AK10: =AA10*SIN($AI10) + AB10*COS($AI10) -> 0.0029136203 | AL10: =AC10*COS($AI10) - AD10*SIN($AI10) -> 0.0017476918 | AM10: =AC10*SIN($AI10) + AD10*COS($AI10) -> 0.0035725287 | AN10: =AE10*COS($AI10) - AF10*SIN($AI10) -> -0.00090989725 | AO10: =AE10*SIN($AI10) + AF10*COS($AI10) -> 0.002775086 | AR10: =G10 -> 484.99868 | AS10: {=W10 * _xlfn.IFS( $AT$4="P", $U10, $AT$4="A", $V10)} -> 949651.43 | AT10: {=X10 * _xlfn.IFS( $AT$4="P", $U10, $AT$4="A", $V10)} -> 840496.1 | AU10: =Q10 + (E10*AK10^2)*$AW$2 -> 3.8339245e-05 | AV10: =R10 + (E10*AJ10^2)*$AW$2 -> 0.0014691944 | AW10: =S10 + (E10*AJ10*AK10)*$AW$2 -> 6.5545282e-05 | AX10: =N10 + (F10*AO10^2)*$AW$2 -> 955.92485 | AY10: =O10 + (F10*AN10^2)*$AW$2 -> 11301.168 | AZ10: =P10 + (F10*AN10*AO10)*$AW$2 -> -125.48716 | BA10: =$F10*AO10 -> 76410.582 | BB10: =$F10*AN10 -> -25053.558 | BC10: =AS10*AM10 -> 3392.657 | BD10: =AT10*AL10 -> 1468.9281 | BF10: =IF($BF$3=1, -A10, 0) -> -5.084003 | BG10: =RADIANS(BF10) -> -0.088732592 | BH10: 5 | BI10: =SQRT( (BJ10-BJ9)^2 + (BK10-BK9)^2 + (BL10-BL9)^2 ) + BI9 -> 0.5681599 | BJ10: =D10 -> 0.5681599 | BK10: =C10 -> 0 | BL10: 0 | BM10: =E10 -> 1.0893717 | BN10: =AJ10 -> 0.016698501 | BO10: =AK10 -> 0.0029136203 | BP10: =0.5*($AU10+$AV10)+0.5*($AU10-$AV10)*COS(2*$BG10) + $AW10*SIN(2*$BG10) -> 3.8004462e-05 | BQ10: =0.5*($AU10+$AV10)-0.5*($AU10-$AV10)*COS(2*$BG10)-$AW10*SIN(2*$BG10) -> 0.0014695291 | BR10: =- 0.5*($AU10-$AV10)*SIN(2*$BG10) + $AW10*COS(2*$BG10) -> -6.1782253e-05 | BS10: =F10 -> 27534492 | BT10: =$BA10*COS($BG10) + $BB10*SIN($BG10) -> 78330.122 | BU10: =- $BA10*SIN($BG10) + $BB10*COS($BG10) -> -18183.778 | BV10: =0.5*($AX10+$AY10)+0.5*($AX10-$AY10)*COS(2*$BG10) + $AZ10*SIN(2*$BG10) -> 1059.3172 | BW10: =0.5*($AX10+$AY10)-0.5*($AX10-$AY10)*COS(2*$BG10)-$AZ10*SIN(2*$BG10) -> 11197.775 | BX10: =- 0.5*($AX10-$AY10)*SIN(2*$BG10) + $AZ10*COS(2*$BG10) -> -1036.6657 | BY10: =AR10 -> 484.99868 | BZ10: =0.5*($AS10+$AT10)+0.5*($AS10-$AT10)*COS(2*$BG10) -> 948794.26 | CA10: =0.5*($AS10+$AT10)-0.5*($AS10-$AT10)*COS(2*$BG10) -> 841353.28 | CB10: =$BC10*COS($BG10) + $BD10*SIN($BG10) -> 3249.1389 | CC10: =- $BC10*SIN($BG10) + $BD10*COS($BG10) -> 1763.7935 | CD10: =BJ10 -> 0.5681599 | CF10: =$BS10*AF10 -> 78330.122 | CG10: =$BS10*AE10 -> -18183.778 | CH10: =BZ10*AD10 -> 3229.3161 | CI10: =CA10*AC10 -> 1731.0002 | CK10: =_xlfn.XLOOKUP(CO10,$BJ$6:$BJ$195,$BH$6:$BH$195, ,-1) -> 4 | CL10: =CK10+1 -> 5 | CN10: 5 | CO10: 0.4157 | CP10: =_xlfn.LET( _xlpm.r, $CO10, _xlpm.rp, _xlfn.XLOOKUP($CK10,$BH$6:$BH$195, $BJ$6:$BJ$195, , -1), _xlpm.rn, _xlfn.XLOOKUP($CL10,$BH$6:$BH$195, $BJ$6:$BJ$195, , -1), _xlpm.xp, _xlfn.XLOOKUP($CK10,$BH$6:$BH$195, BK$6:BK$195, , -1), _xlpm.xn, _xlfn.XLOOKUP($CL10,$BH$6:$BH$195, BK$6:BK$195, , -1), (_xlpm.r - _xlpm.rp)/(_xlpm.rn - _xlpm.rp)*(_xlpm.xn - _xlpm.xp) + _xlpm.xp ) -> 0 | CQ10: =_xlfn.LET( _xlpm.r, $CO10, _xlpm.rp, _xlfn.XLOOKUP($CK10,$BH$6:$BH$195, $BJ$6:$BJ$195, , -1), _xlpm.rn, _xlfn.XLOOKUP($CL10,$BH$6:$BH$195, $BJ$6:$BJ$195, , -1), _xlpm.xp, _xlfn.XLOOKUP($CK10,$BH$6:$BH$195, BL$6:BL$195, , -1), _xlpm.xn, _xlfn.XLOOKUP($CL10,$BH$6:$BH$195, BL$6:BL$195, , -1), (_xlpm.r - _xlpm.rp)/(_xlpm.rn - _xlpm.rp)*(_xlpm.xn - _xlpm.xp) + _xlpm.xp ) -> 0 | CR10: =_xlfn.LET( _xlpm.r, $CO10, _xlpm.rp, _xlfn.XLOOKUP($CK10,$BH$6:$BH$195, $BJ$6:$BJ$195, , -1), _xlpm.rn, _xlfn.XLOOKUP($CL10,$BH$6:$BH$195, $BJ$6:$BJ$195, , -1), _xlpm.xp, _xlfn.XLOOKUP($CK10,$BH$6:$BH$195, BM$6:BM$195, , -1), _xlpm.xn, _xlfn.XLOOKUP($CL10,$BH$6:$BH$195, BM$6:BM$195, , -1), (_xlpm.r - _xlpm.rp)/(_xlpm.rn - _xlpm.rp)*(_xlpm.xn - _xlpm.xp) + _xlpm.xp ) -> 1.3074135 | CS10: =_xlfn.LET( _xlpm.r, $CO10, _xlpm.rp, _xlfn.XLOOKUP($CK10,$BH$6:$BH$195, $BJ$6:$BJ$195, , -1), _xlpm.rn, _xlfn.XLOOKUP($CL10,$BH$6:$BH$195, $BJ$6:$BJ$195, , -1), _xlpm.xp, _xlfn.XLOOKUP($CK10,$BH$6:$BH$195, BN$6:BN$195, , -1), _xlpm.xn, _xlfn.XLOOKUP($CL10,$BH$6:$BH$195, BN$6:BN$195, , -1), (_xlpm.r - _xlpm.rp)/(_xlpm.rn - _xlpm.rp)*(_xlpm.xn - _xlpm.xp) + _xlpm.xp ) -> 0.0047520495 | CT10: =_xlfn.LET( _xlpm.r, $CO10, _xlpm.rp, _xlfn.XLOOKUP($CK10,$BH$6:$BH$195, $BJ$6:$BJ$195, , -1), _xlpm.rn, _xlfn.XLOOKUP($CL10,$BH$6:$BH$195, $BJ$6:$BJ$195, , -1), _xlpm.xp, _xlfn.XLOOKUP($CK10,$BH$6:$BH$195, BO$6:BO$195, , -1), _xlpm.xn, _xlfn.XLOOKUP($CL10,$BH$6:$BH$195, BO$6:BO$195, , -1), (_xlpm.r - _xlpm.rp)/(_xlpm.rn - _xlpm.rp)*(_xlpm.xn - _xlpm.xp) + _xlpm.xp ) -> 0.0018220517 | CU10: =_xlfn.LET( _xlpm.r, $CO10, _xlpm.rp, _xlfn.XLOOKUP($CK10,$BH$6:$BH$195, $BJ$6:$BJ$195, , -1), _xlpm.rn, _xlfn.XLOOKUP($CL10,$BH$6:$BH$195, $BJ$6:$BJ$195, , -1), _xlpm.xp, _xlfn.XLOOKUP($CK10,$BH$6:$BH$195, BP$6:BP$195, , -1), _xlpm.xn, _xlfn.XLOOKUP($CL10,$BH$6:$BH$195, BP$6:BP$195, , -1), (_xlpm.r - _xlpm.rp)/(_xlpm.rn - _xlpm.rp)*(_xlpm.xn - _xlpm.xp) + _xlpm.xp ) -> 5.3215114e-05 | CV10: =_xlfn.LET( _xlpm.r, $CO10, _xlpm.rp, _xlfn.XLOOKUP($CK10,$BH$6:$BH$195, $BJ$6:$BJ$195, , -1), _xlpm.rn, _xlfn.XLOOKUP($CL10,$BH$6:$BH$195, $BJ$6:$BJ$195, , -1), _xlpm.xp, _xlfn.XLOOKUP($CK10,$BH$6:$BH$195, BQ$6:BQ$195, , -1), _xlpm.xn, _xlfn.XLOOKUP($CL10,$BH$6:$BH$195, BQ$6:BQ$195, , -1), (_xlpm.r - _xlpm.rp)/(_xlpm.rn - _xlpm.rp)*(_xlpm.xn - _xlpm.xp) + _xlpm.xp ) -> 0.0014689835 | CW10: =_xlfn.LET( _xlpm.r, $CO10, _xlpm.rp, _xlfn.XLOOKUP($CK10,$BH$6:$BH$195, $BJ$6:$BJ$195, , -1), _xlpm.rn, _xlfn.XLOOKUP($CL10,$BH$6:$BH$195, $BJ$6:$BJ$195, , -1), _xlpm.xp, _xlfn.XLOOKUP($CK10,$BH$6:$BH$195, BR$6:BR$195, , -1), _xlpm.xn, _xlfn.XLOOKUP($CL10,$BH$6:$BH$195, BR$6:BR$195, , -1), (_xlpm.r - _xlpm.rp)/(_xlpm.rn - _xlpm.rp)*(_xlpm.xn - _xlpm.xp) + _xlpm.xp ) -> -0.00015648312 | ... DI10: =_xlfn.LET( _xlpm.r, $CO10, _xlpm.rp, _xlfn.XLOOKUP($CK10,$BH$6:$BH$195, $BJ$6:$BJ$195, , -1), _xlpm.rn, _xlfn.XLOOKUP($CL10,$BH$6:$BH$195, $BJ$6:$BJ$195, , -1), _xlpm.xp, _xlfn.XLOOKUP($CK10,$BH$6:$BH$195, CD$6:CD$195, , -1), _xlpm.xn, _xlfn.XLOOKUP($CL10,$BH$6:$BH$195, CD$6:CD$195, , -1), (_xlpm.r - _xlpm.rp)/(_xlpm.rn - _xlpm.rp)*(_xlpm.xn - _xlpm.xp) + _xlpm.xp ) -> 0.4157
A11: =NASA!BI12 -> 4.8592659 | B11: =NASA!BJ12 -> 0.13843 | C11: =NASA!BK12 -> 0 | D11: =NASA!BL12 -> 0.5951855 | E11: =NASA!BM12 -> 1.0824769 | F11: =NASA!BN12 -> 27534492 | G11: =NASA!BO12 -> 482.12886 | H11: =NASA!BP12 -> 0.0022606 | ... T11: =NASA!CB12 -> 6 | U11: =F11/ (2*(1+$U$3)) -> 10590189 | V11: 1083181.5 | W11: 0.87 | X11: 0.77 | Z11: =C11 -> 0 | AA11: =J11 -> 0.016764 | AB11: =K11 -> 0.0024638 | AC11: =H11 -> 0.0022606 | AD11: =I11 -> 0.0023114 | AE11: =L11 -> -0.000635 | AF11: =M11 -> 0.0011938 | AH11: =IF($AH$3=1, A11, 0) -> 4.8592659 | AI11: =RADIANS(AH11) -> 0.084810189 | AJ11: =AA11*COS($AI11) - AB11*SIN($AI11) -> 0.016495041 | AK11: =AA11*SIN($AI11) + AB11*COS($AI11) -> 0.0038749988 | AL11: =AC11*COS($AI11) - AD11*SIN($AI11) -> 0.0020566795 | AM11: =AC11*SIN($AI11) + AD11*COS($AI11) -> 0.0024945845 | AN11: =AE11*COS($AI11) - AF11*SIN($AI11) -> -0.00073384274 | AO11: =AE11*SIN($AI11) + AF11*COS($AI11) -> 0.0011357193 | AR11: =G11 -> 482.12886 | AS11: {=W11 * _xlfn.IFS( $AT$4="P", $U11, $AT$4="A", $V11)} -> 942367.92 | AT11: {=X11 * _xlfn.IFS( $AT$4="P", $U11, $AT$4="A", $V11)} -> 834049.77 | AU11: =Q11 + (E11*AK11^2)*$AW$2 -> 4.4856122e-05 | AV11: =R11 + (E11*AJ11^2)*$AW$2 -> 0.0014644095 | AW11: =S11 + (E11*AJ11*AK11)*$AW$2 -> 6.407459e-05 | AX11: =N11 + (F11*AO11^2)*$AW$2 -> 776.28363 | AY11: =O11 + (F11*AN11^2)*$AW$2 -> 11264.501 | AZ11: =P11 + (F11*AN11*AO11)*$AW$2 -> -222.97441 | BA11: =$F11*AO11 -> 31271.453 | BB11: =$F11*AN11 -> -20205.987 | BC11: =AS11*AM11 -> 2350.8164 | BD11: =AT11*AL11 -> 1715.3731 | BF11: =IF($BF$3=1, -A11, 0) -> -4.8592659 | BG11: =RADIANS(BF11) -> -0.084810189 | BH11: 6 | BI11: =SQRT( (BJ11-BJ10)^2 + (BK11-BK10)^2 + (BL11-BL10)^2 ) + BI10 -> 0.5951855 | BJ11: =D11 -> 0.5951855 | BK11: =C11 -> 0 | BL11: 0 | BM11: =E11 -> 1.0824769 | BN11: =AJ11 -> 0.016495041 | BO11: =AK11 -> 0.0038749988 | BP11: =0.5*($AU11+$AV11)+0.5*($AU11-$AV11)*COS(2*$BG11) + $AW11*SIN(2*$BG11) -> 4.4225868e-05 | BQ11: =0.5*($AU11+$AV11)-0.5*($AU11-$AV11)*COS(2*$BG11)-$AW11*SIN(2*$BG11) -> 0.0014650398 | BR11: =- 0.5*($AU11-$AV11)*SIN(2*$BG11) + $AW11*COS(2*$BG11) -> -5.6661067e-05 | BS11: =F11 -> 27534492 | BT11: =$BA11*COS($BG11) + $BB11*SIN($BG11) -> 32870.676 | BU11: =- $BA11*SIN($BG11) + $BB11*COS($BG11) -> -17484.402 | BV11: =0.5*($AX11+$AY11)+0.5*($AX11-$AY11)*COS(2*$BG11) + $AZ11*SIN(2*$BG11) -> 889.18216 | BW11: =0.5*($AX11+$AY11)-0.5*($AX11-$AY11)*COS(2*$BG11)-$AZ11*SIN(2*$BG11) -> 11151.603 | BX11: =- 0.5*($AX11-$AY11)*SIN(2*$BG11) + $AZ11*COS(2*$BG11) -> -1105.023 | BY11: =AR11 -> 482.12886 | BZ11: =0.5*($AS11+$AT11)+0.5*($AS11-$AT11)*COS(2*$BG11) -> 941590.68 | CA11: =0.5*($AS11+$AT11)-0.5*($AS11-$AT11)*COS(2*$BG11) -> 834827.01 | CB11: =$BC11*COS($BG11) + $BD11*SIN($BG11) -> 2197.0602 | CC11: =- $BC11*SIN($BG11) + $BD11*COS($BG11) -> 1908.3419 | CD11: =BJ11 -> 0.5951855 | CF11: =$BS11*AF11 -> 32870.676 | CG11: =$BS11*AE11 -> -17484.402 | CH11: =BZ11*AD11 -> 2176.3927 | CI11: =CA11*AC11 -> 1887.2099 | CK11: =_xlfn.XLOOKUP(CO11,$BJ$6:$BJ$195,$BH$6:$BH$195, ,-1) -> 4 | CL11: =CK11+1 -> 5 | CN11: 6 | CO11: 0.5013 | CP11: =_xlfn.LET( _xlpm.r, $CO11, _xlpm.rp, _xlfn.XLOOKUP($CK11,$BH$6:$BH$195, $BJ$6:$BJ$195, , -1), _xlpm.rn, _xlfn.XLOOKUP($CL11,$BH$6:$BH$195, $BJ$6:$BJ$195, , -1), _xlpm.xp, _xlfn.XLOOKUP($CK11,$BH$6:$BH$195, BK$6:BK$195, , -1), _xlpm.xn, _xlfn.XLOOKUP($CL11,$BH$6:$BH$195, BK$6:BK$195, , -1), (_xlpm.r - _xlpm.rp)/(_xlpm.rn - _xlpm.rp)*(_xlpm.xn - _xlpm.xp) + _xlpm.xp ) -> 0 | CQ11: =_xlfn.LET( _xlpm.r, $CO11, _xlpm.rp, _xlfn.XLOOKUP($CK11,$BH$6:$BH$195, $BJ$6:$BJ$195, , -1), _xlpm.rn, _xlfn.XLOOKUP($CL11,$BH$6:$BH$195, $BJ$6:$BJ$195, , -1), _xlpm.xp, _xlfn.XLOOKUP($CK11,$BH$6:$BH$195, BL$6:BL$195, , -1), _xlpm.xn, _xlfn.XLOOKUP($CL11,$BH$6:$BH$195, BL$6:BL$195, , -1), (_xlpm.r - _xlpm.rp)/(_xlpm.rn - _xlpm.rp)*(_xlpm.xn - _xlpm.xp) + _xlpm.xp ) -> 0 | CR11: =_xlfn.LET( _xlpm.r, $CO11, _xlpm.rp, _xlfn.XLOOKUP($CK11,$BH$6:$BH$195, $BJ$6:$BJ$195, , -1), _xlpm.rn, _xlfn.XLOOKUP($CL11,$BH$6:$BH$195, $BJ$6:$BJ$195, , -1), _xlpm.xp, _xlfn.XLOOKUP($CK11,$BH$6:$BH$195, BM$6:BM$195, , -1), _xlpm.xn, _xlfn.XLOOKUP($CL11,$BH$6:$BH$195, BM$6:BM$195, , -1), (_xlpm.r - _xlpm.rp)/(_xlpm.rn - _xlpm.rp)*(_xlpm.xn - _xlpm.xp) + _xlpm.xp ) -> 1.1849919 | CS11: =_xlfn.LET( _xlpm.r, $CO11, _xlpm.rp, _xlfn.XLOOKUP($CK11,$BH$6:$BH$195, $BJ$6:$BJ$195, , -1), _xlpm.rn, _xlfn.XLOOKUP($CL11,$BH$6:$BH$195, $BJ$6:$BJ$195, , -1), _xlpm.xp, _xlfn.XLOOKUP($CK11,$BH$6:$BH$195, BN$6:BN$195, , -1), _xlpm.xn, _xlfn.XLOOKUP($CL11,$BH$6:$BH$195, BN$6:BN$195, , -1), (_xlpm.r - _xlpm.rp)/(_xlpm.rn - _xlpm.rp)*(_xlpm.xn - _xlpm.xp) + _xlpm.xp ) -> 0.011459493 | CT11: =_xlfn.LET( _xlpm.r, $CO11, _xlpm.rp, _xlfn.XLOOKUP($CK11,$BH$6:$BH$195, $BJ$6:$BJ$195, , -1), _xlpm.rn, _xlfn.XLOOKUP($CL11,$BH$6:$BH$195, $BJ$6:$BJ$195, , -1), _xlpm.xp, _xlfn.XLOOKUP($CK11,$BH$6:$BH$195, BO$6:BO$195, , -1), _xlpm.xn, _xlfn.XLOOKUP($CL11,$BH$6:$BH$195, BO$6:BO$195, , -1), (_xlpm.r - _xlpm.rp)/(_xlpm.rn - _xlpm.rp)*(_xlpm.xn - _xlpm.xp) + _xlpm.xp ) -> 0.0024349228 | CU11: =_xlfn.LET( _xlpm.r, $CO11, _xlpm.rp, _xlfn.XLOOKUP($CK11,$BH$6:$BH$195, $BJ$6:$BJ$195, , -1), _xlpm.rn, _xlfn.XLOOKUP($CL11,$BH$6:$BH$195, $BJ$6:$BJ$195, , -1), _xlpm.xp, _xlfn.XLOOKUP($CK11,$BH$6:$BH$195, BP$6:BP$195, , -1), _xlpm.xn, _xlfn.XLOOKUP($CL11,$BH$6:$BH$195, BP$6:BP$195, , -1), (_xlpm.r - _xlpm.rp)/(_xlpm.rn - _xlpm.rp)*(_xlpm.xn - _xlpm.xp) + _xlpm.xp ) -> 4.4674955e-05 | CV11: =_xlfn.LET( _xlpm.r, $CO11, _xlpm.rp, _xlfn.XLOOKUP($CK11,$BH$6:$BH$195, $BJ$6:$BJ$195, , -1), _xlpm.rn, _xlfn.XLOOKUP($CL11,$BH$6:$BH$195, $BJ$6:$BJ$195, , -1), _xlpm.xp, _xlfn.XLOOKUP($CK11,$BH$6:$BH$195, BQ$6:BQ$195, , -1), _xlpm.xn, _xlfn.XLOOKUP($CL11,$BH$6:$BH$195, BQ$6:BQ$195, , -1), (_xlpm.r - _xlpm.rp)/(_xlpm.rn - _xlpm.rp)*(_xlpm.xn - _xlpm.xp) + _xlpm.xp ) -> 0.0014692899 | CW11: =_xlfn.LET( _xlpm.r, $CO11, _xlpm.rp, _xlfn.XLOOKUP($CK11,$BH$6:$BH$195, $BJ$6:$BJ$195, , -1), _xlpm.rn, _xlfn.XLOOKUP($CL11,$BH$6:$BH$195, $BJ$6:$BJ$195, , -1), _xlpm.xp, _xlfn.XLOOKUP($CK11,$BH$6:$BH$195, BR$6:BR$195, , -1), _xlpm.xn, _xlfn.XLOOKUP($CL11,$BH$6:$BH$195, BR$6:BR$195, , -1), (_xlpm.r - _xlpm.rp)/(_xlpm.rn - _xlpm.rp)*(_xlpm.xn - _xlpm.xp) + _xlpm.xp ) -> -0.00010331245 | ... DI11: =_xlfn.LET( _xlpm.r, $CO11, _xlpm.rp, _xlfn.XLOOKUP($CK11,$BH$6:$BH$195, $BJ$6:$BJ$195, , -1), _xlpm.rn, _xlfn.XLOOKUP($CL11,$BH$6:$BH$195, $BJ$6:$BJ$195, , -1), _xlpm.xp, _xlfn.XLOOKUP($CK11,$BH$6:$BH$195, CD$6:CD$195, , -1), _xlpm.xn, _xlfn.XLOOKUP($CL11,$BH$6:$BH$195, CD$6:CD$195, , -1), (_xlpm.r - _xlpm.rp)/(_xlpm.rn - _xlpm.rp)*(_xlpm.xn - _xlpm.xp) + _xlpm.xp ) -> 0.5013
A12: =NASA!BI13 -> 3.9603175 | B12: =NASA!BJ13 -> 0.13843 | C12: =NASA!BK13 -> 0 | D12: =NASA!BL13 -> 0.7032879 | E12: =NASA!BM13 -> 1.4065305 | F12: =NASA!BN13 -> 25710721 | G12: =NASA!BO13 -> 614.14034 | H12: =NASA!BP13 -> 0.0008382 | ... T12: =NASA!CB13 -> 7 | U12: =F12/ (2*(1+$U$3)) -> 9888738.8 | V12: 1291288.2 | W12: 0.87 | X12: 0.77 | Z12: =C12 -> 0 | AA12: =J12 -> -0.001016 | AB12: =K12 -> 0.001397 | AC12: =H12 -> 0.0008382 | AD12: =I12 -> 0.0028702 | AE12: =L12 -> -0.0012954 | AF12: =M12 -> 0.0019812 | AH12: =IF($AH$3=1, A12, 0) -> 3.9603175 | AI12: =RADIANS(AH12) -> 0.069120579 | AJ12: =AA12*COS($AI12) - AB12*SIN($AI12) -> -0.0011100585 | AK12: =AA12*SIN($AI12) + AB12*COS($AI12) -> 0.0013234935 | AL12: =AC12*COS($AI12) - AD12*SIN($AI12) -> 0.00063796653 | AM12: =AC12*SIN($AI12) + AD12*COS($AI12) -> 0.0029212371 | AN12: =AE12*COS($AI12) - AF12*SIN($AI12) -> -0.0014291394 | AO12: =AE12*SIN($AI12) + AF12*COS($AI12) -> 0.0018870016 | AR12: =G12 -> 614.14034 | AS12: {=W12 * _xlfn.IFS( $AT$4="P", $U12, $AT$4="A", $V12)} -> 1123420.7 | AT12: {=X12 * _xlfn.IFS( $AT$4="P", $U12, $AT$4="A", $V12)} -> 994291.91 | AU12: =Q12 + (E12*AK12^2)*$AW$2 -> 3.1377169e-05 | AV12: =R12 + (E12*AJ12^2)*$AW$2 -> 0.0015274732 | AW12: =S12 + (E12*AJ12*AK12)*$AW$2 -> -2.693197e-05 | AX12: =N12 + (F12*AO12^2)*$AW$2 -> 1018.7671 | AY12: =O12 + (F12*AN12^2)*$AW$2 -> 11216.092 | AZ12: =P12 + (F12*AN12*AO12)*$AW$2 -> -217.99277 | BA12: =$F12*AO12 -> 48516.172 | BB12: =$F12*AN12 -> -36744.205 | BC12: =AS12*AM12 -> 3281.7783 | BD12: =AT12*AL12 -> 634.32496 | BF12: =IF($BF$3=1, -A12, 0) -> -3.9603175 | BG12: =RADIANS(BF12) -> -0.069120579 | BH12: 7 | BI12: =SQRT( (BJ12-BJ11)^2 + (BK12-BK11)^2 + (BL12-BL11)^2 ) + BI11 -> 0.7032879 | BJ12: =D12 -> 0.7032879 | BK12: =C12 -> 0 | BL12: 0 | BM12: =E12 -> 1.4065305 | BN12: =AJ12 -> -0.0011100585 | BO12: =AK12 -> 0.0013234935 | BP12: =0.5*($AU12+$AV12)+0.5*($AU12-$AV12)*COS(2*$BG12) + $AW12*SIN(2*$BG12) -> 4.2224882e-05 | BQ12: =0.5*($AU12+$AV12)-0.5*($AU12-$AV12)*COS(2*$BG12)-$AW12*SIN(2*$BG12) -> 0.0015166255 | BR12: =- 0.5*($AU12-$AV12)*SIN(2*$BG12) + $AW12*COS(2*$BG12) -> -0.000129757 | BS12: =F12 -> 25710721 | BT12: =$BA12*COS($BG12) + $BB12*SIN($BG12) -> 50938.08 | BU12: =- $BA12*SIN($BG12) + $BB12*COS($BG12) -> -33305.668 | BV12: =0.5*($AX12+$AY12)+0.5*($AX12-$AY12)*COS(2*$BG12) + $AZ12*SIN(2*$BG12) -> 1097.4486 | BW12: =0.5*($AX12+$AY12)-0.5*($AX12-$AY12)*COS(2*$BG12)-$AZ12*SIN(2*$BG12) -> 11137.41 | BX12: =- 0.5*($AX12-$AY12)*SIN(2*$BG12) + $AZ12*COS(2*$BG12) -> -918.51522 | BY12: =AR12 -> 614.14034 | BZ12: =0.5*($AS12+$AT12)+0.5*($AS12-$AT12)*COS(2*$BG12) -> 1122804.8 | CA12: =0.5*($AS12+$AT12)-0.5*($AS12-$AT12)*COS(2*$BG12) -> 994907.86 | CB12: =$BC12*COS($BG12) + $BD12*SIN($BG12) -> 3230.1318 | CC12: =- $BC12*SIN($BG12) + $BD12*COS($BG12) -> 859.4681 | CD12: =BJ12 -> 0.7032879 | CF12: =$BS12*AF12 -> 50938.08 | CG12: =$BS12*AE12 -> -33305.668 | CH12: =BZ12*AD12 -> 3222.6743 | CI12: =CA12*AC12 -> 833.93177 | CK12: =_xlfn.XLOOKUP(CO12,$BJ$6:$BJ$195,$BH$6:$BH$195, ,-1) -> 5 | CL12: =CK12+1 -> 6 | CN12: 7 | CO12: 0.585 | CP12: =_xlfn.LET( _xlpm.r, $CO12, _xlpm.rp, _xlfn.XLOOKUP($CK12,$BH$6:$BH$195, $BJ$6:$BJ$195, , -1), _xlpm.rn, _xlfn.XLOOKUP($CL12,$BH$6:$BH$195, $BJ$6:$BJ$195, , -1), _xlpm.xp, _xlfn.XLOOKUP($CK12,$BH$6:$BH$195, BK$6:BK$195, , -1), _xlpm.xn, _xlfn.XLOOKUP($CL12,$BH$6:$BH$195, BK$6:BK$195, , -1), (_xlpm.r - _xlpm.rp)/(_xlpm.rn - _xlpm.rp)*(_xlpm.xn - _xlpm.xp) + _xlpm.xp ) -> 0 | CQ12: =_xlfn.LET( _xlpm.r, $CO12, _xlpm.rp, _xlfn.XLOOKUP($CK12,$BH$6:$BH$195, $BJ$6:$BJ$195, , -1), _xlpm.rn, _xlfn.XLOOKUP($CL12,$BH$6:$BH$195, $BJ$6:$BJ$195, , -1), _xlpm.xp, _xlfn.XLOOKUP($CK12,$BH$6:$BH$195, BL$6:BL$195, , -1), _xlpm.xn, _xlfn.XLOOKUP($CL12,$BH$6:$BH$195, BL$6:BL$195, , -1), (_xlpm.r - _xlpm.rp)/(_xlpm.rn - _xlpm.rp)*(_xlpm.xn - _xlpm.xp) + _xlpm.xp ) -> 0 | CR12: =_xlfn.LET( _xlpm.r, $CO12, _xlpm.rp, _xlfn.XLOOKUP($CK12,$BH$6:$BH$195, $BJ$6:$BJ$195, , -1), _xlpm.rn, _xlfn.XLOOKUP($CL12,$BH$6:$BH$195, $BJ$6:$BJ$195, , -1), _xlpm.xp, _xlfn.XLOOKUP($CK12,$BH$6:$BH$195, BM$6:BM$195, , -1), _xlpm.xn, _xlfn.XLOOKUP($CL12,$BH$6:$BH$195, BM$6:BM$195, , -1), (_xlpm.r - _xlpm.rp)/(_xlpm.rn - _xlpm.rp)*(_xlpm.xn - _xlpm.xp) + _xlpm.xp ) -> 1.0850754 | CS12: =_xlfn.LET( _xlpm.r, $CO12, _xlpm.rp, _xlfn.XLOOKUP($CK12,$BH$6:$BH$195, $BJ$6:$BJ$195, , -1), _xlpm.rn, _xlfn.XLOOKUP($CL12,$BH$6:$BH$195, $BJ$6:$BJ$195, , -1), _xlpm.xp, _xlfn.XLOOKUP($CK12,$BH$6:$BH$195, BN$6:BN$195, , -1), _xlpm.xn, _xlfn.XLOOKUP($CL12,$BH$6:$BH$195, BN$6:BN$195, , -1), (_xlpm.r - _xlpm.rp)/(_xlpm.rn - _xlpm.rp)*(_xlpm.xn - _xlpm.xp) + _xlpm.xp ) -> 0.016571722 | CT12: =_xlfn.LET( _xlpm.r, $CO12, _xlpm.rp, _xlfn.XLOOKUP($CK12,$BH$6:$BH$195, $BJ$6:$BJ$195, , -1), _xlpm.rn, _xlfn.XLOOKUP($CL12,$BH$6:$BH$195, $BJ$6:$BJ$195, , -1), _xlpm.xp, _xlfn.XLOOKUP($CK12,$BH$6:$BH$195, BO$6:BO$195, , -1), _xlpm.xn, _xlfn.XLOOKUP($CL12,$BH$6:$BH$195, BO$6:BO$195, , -1), (_xlpm.r - _xlpm.rp)/(_xlpm.rn - _xlpm.rp)*(_xlpm.xn - _xlpm.xp) + _xlpm.xp ) -> 0.0035126712 | CU12: =_xlfn.LET( _xlpm.r, $CO12, _xlpm.rp, _xlfn.XLOOKUP($CK12,$BH$6:$BH$195, $BJ$6:$BJ$195, , -1), _xlpm.rn, _xlfn.XLOOKUP($CL12,$BH$6:$BH$195, $BJ$6:$BJ$195, , -1), _xlpm.xp, _xlfn.XLOOKUP($CK12,$BH$6:$BH$195, BP$6:BP$195, , -1), _xlpm.xn, _xlfn.XLOOKUP($CL12,$BH$6:$BH$195, BP$6:BP$195, , -1), (_xlpm.r - _xlpm.rp)/(_xlpm.rn - _xlpm.rp)*(_xlpm.xn - _xlpm.xp) + _xlpm.xp ) -> 4.1881123e-05 | CV12: =_xlfn.LET( _xlpm.r, $CO12, _xlpm.rp, _xlfn.XLOOKUP($CK12,$BH$6:$BH$195, $BJ$6:$BJ$195, , -1), _xlpm.rn, _xlfn.XLOOKUP($CL12,$BH$6:$BH$195, $BJ$6:$BJ$195, , -1), _xlpm.xp, _xlfn.XLOOKUP($CK12,$BH$6:$BH$195, BQ$6:BQ$195, , -1), _xlpm.xn, _xlfn.XLOOKUP($CL12,$BH$6:$BH$195, BQ$6:BQ$195, , -1), (_xlpm.r - _xlpm.rp)/(_xlpm.rn - _xlpm.rp)*(_xlpm.xn - _xlpm.xp) + _xlpm.xp ) -> 0.0014667317 | CW12: =_xlfn.LET( _xlpm.r, $CO12, _xlpm.rp, _xlfn.XLOOKUP($CK12,$BH$6:$BH$195, $BJ$6:$BJ$195, , -1), _xlpm.rn, _xlfn.XLOOKUP($CL12,$BH$6:$BH$195, $BJ$6:$BJ$195, , -1), _xlpm.xp, _xlfn.XLOOKUP($CK12,$BH$6:$BH$195, BR$6:BR$195, , -1), _xlpm.xn, _xlfn.XLOOKUP($CL12,$BH$6:$BH$195, BR$6:BR$195, , -1), (_xlpm.r - _xlpm.rp)/(_xlpm.rn - _xlpm.rp)*(_xlpm.xn - _xlpm.xp) + _xlpm.xp ) -> -5.8591157e-05 | ... DI12: =_xlfn.LET( _xlpm.r, $CO12, _xlpm.rp, _xlfn.XLOOKUP($CK12,$BH$6:$BH$195, $BJ$6:$BJ$195, , -1), _xlpm.rn, _xlfn.XLOOKUP($CL12,$BH$6:$BH$195, $BJ$6:$BJ$195, , -1), _xlpm.xp, _xlfn.XLOOKUP($CK12,$BH$6:$BH$195, CD$6:CD$195, , -1), _xlpm.xn, _xlfn.XLOOKUP($CL12,$BH$6:$BH$195, CD$6:CD$195, , -1), (_xlpm.r - _xlpm.rp)/(_xlpm.rn - _xlpm.rp)*(_xlpm.xn - _xlpm.xp) + _xlpm.xp ) -> 0.585
A13: =NASA!BI14 -> 3.1175533 | B13: =NASA!BJ14 -> 0.13843 | C13: =NASA!BK14 -> 0 | D13: =NASA!BL14 -> 0.8046339 | E13: =NASA!BM14 -> 1.3789515 | F13: =NASA!BN14 -> 23086270 | G13: =NASA!BO14 -> 619.87997 | H13: =NASA!BP14 -> 0.001016 | ... T13: =NASA!CB14 -> 8 | U13: =F13/ (2*(1+$U$3)) -> 8879334.7 | V13: 1269445 | W13: 0.87 | X13: 0.77 | Z13: =C13 -> 0 | AA13: =J13 -> -0.0012446 | AB13: =K13 -> 0.001397 | AC13: =H13 -> 0.001016 | AD13: =I13 -> 0.0028448 | AE13: =L13 -> -0.0007874 | AF13: =M13 -> 0.0019812 | AH13: =IF($AH$3=1, A13, 0) -> 3.1175533 | AI13: =RADIANS(AH13) -> 0.05441157 | AJ13: =AA13*COS($AI13) - AB13*SIN($AI13) -> -0.0013187335 | AK13: =AA13*SIN($AI13) + AB13*COS($AI13) -> 0.0013272453 | AL13: =AC13*COS($AI13) - AD13*SIN($AI13) -> 0.00085978271 | AM13: =AC13*SIN($AI13) + AD13*COS($AI13) -> 0.0028958447 | AN13: =AE13*COS($AI13) - AF13*SIN($AI13) -> -0.00089398171 | AO13: =AE13*SIN($AI13) + AF13*COS($AI13) -> 0.0019354454 | AR13: =G13 -> 619.87997 | AS13: {=W13 * _xlfn.IFS( $AT$4="P", $U13, $AT$4="A", $V13)} -> 1104417.1 | AT13: {=X13 * _xlfn.IFS( $AT$4="P", $U13, $AT$4="A", $V13)} -> 977472.65 | AU13: =Q13 + (E13*AK13^2)*$AW$2 -> 3.1342574e-05 | AV13: =R13 + (E13*AJ13^2)*$AW$2 -> 0.0014881041 | AW13: =S13 + (E13*AJ13*AK13)*$AW$2 -> -2.8569098e-05 | AX13: =N13 + (F13*AO13^2)*$AW$2 -> 936.0714 | AY13: =O13 + (F13*AN13^2)*$AW$2 -> 10349.783 | AZ13: =P13 + (F13*AN13*AO13)*$AW$2 -> -161.33824 | BA13: =$F13*AO13 -> 44682.215 | BB13: =$F13*AN13 -> -20638.703 | BC13: =AS13*AM13 -> 3198.2206 | BD13: =AT13*AL13 -> 840.41408 | BF13: =IF($BF$3=1, -A13, 0) -> -3.1175533 | BG13: =RADIANS(BF13) -> -0.05441157 | BH13: 8 | BI13: =SQRT( (BJ13-BJ12)^2 + (BK13-BK12)^2 + (BL13-BL12)^2 ) + BI12 -> 0.8046339 | BJ13: =D13 -> 0.8046339 | BK13: =C13 -> 0 | BL13: 0 | BM13: =E13 -> 1.3789515 | BN13: =AJ13 -> -0.0013187335 | BO13: =AK13 -> 0.0013272453 | BP13: =0.5*($AU13+$AV13)+0.5*($AU13-$AV13)*COS(2*$BG13) + $AW13*SIN(2*$BG13) -> 3.8754081e-05 | BQ13: =0.5*($AU13+$AV13)-0.5*($AU13-$AV13)*COS(2*$BG13)-$AW13*SIN(2*$BG13) -> 0.0014806926 | BR13: =- 0.5*($AU13-$AV13)*SIN(2*$BG13) + $AW13*COS(2*$BG13) -> -0.00010750843 | BS13: =F13 -> 23086270 | BT13: =$BA13*COS($BG13) + $BB13*SIN($BG13) -> 45738.518 | BU13: =- $BA13*SIN($BG13) + $BB13*COS($BG13) -> -18178.129 | BV13: =0.5*($AX13+$AY13)+0.5*($AX13-$AY13)*COS(2*$BG13) + $AZ13*SIN(2*$BG13) -> 981.43702 | BW13: =0.5*($AX13+$AY13)-0.5*($AX13-$AY13)*COS(2*$BG13)-$AZ13*SIN(2*$BG13) -> 10304.418 | BX13: =- 0.5*($AX13-$AY13)*SIN(2*$BG13) + $AZ13*COS(2*$BG13) -> -671.58833 | BY13: =AR13 -> 619.87997 | BZ13: =0.5*($AS13+$AT13)+0.5*($AS13-$AT13)*COS(2*$BG13) -> 1104041.7 | CA13: =0.5*($AS13+$AT13)-0.5*($AS13-$AT13)*COS(2*$BG13) -> 977848.11 | CB13: =$BC13*COS($BG13) + $BD13*SIN($BG13) -> 3147.7817 | CC13: =- $BC13*SIN($BG13) + $BD13*COS($BG13) -> 1013.1047 | CD13: =BJ13 -> 0.8046339 | CF13: =$BS13*AF13 -> 45738.518 | CG13: =$BS13*AE13 -> -18178.129 | CH13: =BZ13*AD13 -> 3140.7778 | CI13: =CA13*AC13 -> 993.49368 | CK13: =_xlfn.XLOOKUP(CO13,$BJ$6:$BJ$195,$BH$6:$BH$195, ,-1) -> 6 | CL13: =CK13+1 -> 7 | CN13: 8 | CO13: 0.6703 | CP13: =_xlfn.LET( _xlpm.r, $CO13, _xlpm.rp, _xlfn.XLOOKUP($CK13,$BH$6:$BH$195, $BJ$6:$BJ$195, , -1), _xlpm.rn, _xlfn.XLOOKUP($CL13,$BH$6:$BH$195, $BJ$6:$BJ$195, , -1), _xlpm.xp, _xlfn.XLOOKUP($CK13,$BH$6:$BH$195, BK$6:BK$195, , -1), _xlpm.xn, _xlfn.XLOOKUP($CL13,$BH$6:$BH$195, BK$6:BK$195, , -1), (_xlpm.r - _xlpm.rp)/(_xlpm.rn - _xlpm.rp)*(_xlpm.xn - _xlpm.xp) + _xlpm.xp ) -> 0 | CQ13: =_xlfn.LET( _xlpm.r, $CO13, _xlpm.rp, _xlfn.XLOOKUP($CK13,$BH$6:$BH$195, $BJ$6:$BJ$195, , -1), _xlpm.rn, _xlfn.XLOOKUP($CL13,$BH$6:$BH$195, $BJ$6:$BJ$195, , -1), _xlpm.xp, _xlfn.XLOOKUP($CK13,$BH$6:$BH$195, BL$6:BL$195, , -1), _xlpm.xn, _xlfn.XLOOKUP($CL13,$BH$6:$BH$195, BL$6:BL$195, , -1), (_xlpm.r - _xlpm.rp)/(_xlpm.rn - _xlpm.rp)*(_xlpm.xn - _xlpm.xp) + _xlpm.xp ) -> 0 | CR13: =_xlfn.LET( _xlpm.r, $CO13, _xlpm.rp, _xlfn.XLOOKUP($CK13,$BH$6:$BH$195, $BJ$6:$BJ$195, , -1), _xlpm.rn, _xlfn.XLOOKUP($CL13,$BH$6:$BH$195, $BJ$6:$BJ$195, , -1), _xlpm.xp, _xlfn.XLOOKUP($CK13,$BH$6:$BH$195, BM$6:BM$195, , -1), _xlpm.xn, _xlfn.XLOOKUP($CL13,$BH$6:$BH$195, BM$6:BM$195, , -1), (_xlpm.r - _xlpm.rp)/(_xlpm.rn - _xlpm.rp)*(_xlpm.xn - _xlpm.xp) + _xlpm.xp ) -> 1.3076442 | CS13: =_xlfn.LET( _xlpm.r, $CO13, _xlpm.rp, _xlfn.XLOOKUP($CK13,$BH$6:$BH$195, $BJ$6:$BJ$195, , -1), _xlpm.rn, _xlfn.XLOOKUP($CL13,$BH$6:$BH$195, $BJ$6:$BJ$195, , -1), _xlpm.xp, _xlfn.XLOOKUP($CK13,$BH$6:$BH$195, BN$6:BN$195, , -1), _xlpm.xn, _xlfn.XLOOKUP($CL13,$BH$6:$BH$195, BN$6:BN$195, , -1), (_xlpm.r - _xlpm.rp)/(_xlpm.rn - _xlpm.rp)*(_xlpm.xn - _xlpm.xp) + _xlpm.xp ) -> 0.0042622115 | CT13: =_xlfn.LET( _xlpm.r, $CO13, _xlpm.rp, _xlfn.XLOOKUP($CK13,$BH$6:$BH$195, $BJ$6:$BJ$195, , -1), _xlpm.rn, _xlfn.XLOOKUP($CL13,$BH$6:$BH$195, $BJ$6:$BJ$195, , -1), _xlpm.xp, _xlfn.XLOOKUP($CK13,$BH$6:$BH$195, BO$6:BO$195, , -1), _xlpm.xn, _xlfn.XLOOKUP($CL13,$BH$6:$BH$195, BO$6:BO$195, , -1), (_xlpm.r - _xlpm.rp)/(_xlpm.rn - _xlpm.rp)*(_xlpm.xn - _xlpm.xp) + _xlpm.xp ) -> 0.002102096 | CU13: =_xlfn.LET( _xlpm.r, $CO13, _xlpm.rp, _xlfn.XLOOKUP($CK13,$BH$6:$BH$195, $BJ$6:$BJ$195, , -1), _xlpm.rn, _xlfn.XLOOKUP($CL13,$BH$6:$BH$195, $BJ$6:$BJ$195, , -1), _xlpm.xp, _xlfn.XLOOKUP($CK13,$BH$6:$BH$195, BP$6:BP$195, , -1), _xlpm.xn, _xlfn.XLOOKUP($CL13,$BH$6:$BH$195, BP$6:BP$195, , -1), (_xlpm.r - _xlpm.rp)/(_xlpm.rn - _xlpm.rp)*(_xlpm.xn - _xlpm.xp) + _xlpm.xp ) -> 4.2835491e-05 | CV13: =_xlfn.LET( _xlpm.r, $CO13, _xlpm.rp, _xlfn.XLOOKUP($CK13,$BH$6:$BH$195, $BJ$6:$BJ$195, , -1), _xlpm.rn, _xlfn.XLOOKUP($CL13,$BH$6:$BH$195, $BJ$6:$BJ$195, , -1), _xlpm.xp, _xlfn.XLOOKUP($CK13,$BH$6:$BH$195, BQ$6:BQ$195, , -1), _xlpm.xn, _xlfn.XLOOKUP($CL13,$BH$6:$BH$195, BQ$6:BQ$195, , -1), (_xlpm.r - _xlpm.rp)/(_xlpm.rn - _xlpm.rp)*(_xlpm.xn - _xlpm.xp) + _xlpm.xp ) -> 0.0015008839 | CW13: =_xlfn.LET( _xlpm.r, $CO13, _xlpm.rp, _xlfn.XLOOKUP($CK13,$BH$6:$BH$195, $BJ$6:$BJ$195, , -1), _xlpm.rn, _xlfn.XLOOKUP($CL13,$BH$6:$BH$195, $BJ$6:$BJ$195, , -1), _xlpm.xp, _xlfn.XLOOKUP($CK13,$BH$6:$BH$195, BR$6:BR$195, , -1), _xlpm.xn, _xlfn.XLOOKUP($CL13,$BH$6:$BH$195, BR$6:BR$195, , -1), (_xlpm.r - _xlpm.rp)/(_xlpm.rn - _xlpm.rp)*(_xlpm.xn - _xlpm.xp) + _xlpm.xp ) -> -0.00010745147 | ... DI13: =_xlfn.LET( _xlpm.r, $CO13, _xlpm.rp, _xlfn.XLOOKUP($CK13,$BH$6:$BH$195, $BJ$6:$BJ$195, , -1), _xlpm.rn, _xlfn.XLOOKUP($CL13,$BH$6:$BH$195, $BJ$6:$BJ$195, , -1), _xlpm.xp, _xlfn.XLOOKUP($CK13,$BH$6:$BH$195, CD$6:CD$195, , -1), _xlpm.xn, _xlfn.XLOOKUP($CL13,$BH$6:$BH$195, CD$6:CD$195, , -1), (_xlpm.r - _xlpm.rp)/(_xlpm.rn - _xlpm.rp)*(_xlpm.xn - _xlpm.xp) + _xlpm.xp ) -> 0.6703
A14: =NASA!BI15 -> 2.1905128 | B14: =NASA!BJ15 -> 0.13843 | C14: =NASA!BK15 -> 0 | D14: =NASA!BL15 -> 0.9161145 | E14: =NASA!BM15 -> 1.4892676 | F14: =NASA!BN15 -> 21040088 | G14: =NASA!BO15 -> 330.02869 | H14: =NASA!BP15 -> 0.0029972 | ... T14: =NASA!CB15 -> 9 | U14: =F14/ (2*(1+$U$3)) -> 8092341.6 | V14: 781181.48 | W14: 0.87 | X14: 0.77 | Z14: =C14 -> 0 | AA14: =J14 -> -0.001397 | AB14: =K14 -> 0.0017526 | AC14: =H14 -> 0.0029972 | AD14: =I14 -> 0.0028956 | AE14: =L14 -> 0.0021844 | AF14: =M14 -> 0.0021336 | AH14: =IF($AH$3=1, A14, 0) -> 2.1905128 | AI14: =RADIANS(AH14) -> 0.03823166 | AJ14: =AA14*COS($AI14) - AB14*SIN($AI14) -> -0.0014629676 | AK14: =AA14*SIN($AI14) + AB14*COS($AI14) -> 0.0016979227 | AL14: =AC14*COS($AI14) - AD14*SIN($AI14) -> 0.0028843332 | AM14: =AC14*SIN($AI14) + AD14*COS($AI14) -> 0.0030080441 | AN14: =AE14*COS($AI14) - AF14*SIN($AI14) -> 0.0021012526 | AO14: =AE14*SIN($AI14) + AF14*COS($AI14) -> 0.0022155338 | AR14: =G14 -> 330.02869 | AS14: {=W14 * _xlfn.IFS( $AT$4="P", $U14, $AT$4="A", $V14)} -> 679627.89 | AT14: {=X14 * _xlfn.IFS( $AT$4="P", $U14, $AT$4="A", $V14)} -> 601509.74 | AU14: =Q14 + (E14*AK14^2)*$AW$2 -> 2.8714208e-05 | AV14: =R14 + (E14*AJ14^2)*$AW$2 -> 0.0016668223 | AW14: =S14 + (E14*AJ14*AK14)*$AW$2 -> -1.1928559e-05 | AX14: =N14 + (F14*AO14^2)*$AW$2 -> 528.78459 | AY14: =O14 + (F14*AN14^2)*$AW$2 -> 8530.1526 | AZ14: =P14 + (F14*AN14*AO14)*$AW$2 -> 77.832543 | BA14: =$F14*AO14 -> 46615.026 | BB14: =$F14*AN14 -> 44210.539 | BC14: =AS14*AM14 -> 2044.3507 | BD14: =AT14*AL14 -> 1734.9545 | BF14: =IF($BF$3=1, -A14, 0) -> -2.1905128 | BG14: =RADIANS(BF14) -> -0.03823166 | BH14: 9 | BI14: =SQRT( (BJ14-BJ13)^2 + (BK14-BK13)^2 + (BL14-BL13)^2 ) + BI13 -> 0.9161145 | BJ14: =D14 -> 0.9161145 | BK14: =C14 -> 0 | BL14: 0 | BM14: =E14 -> 1.4892676 | BN14: =AJ14 -> -0.0014629676 | BO14: =AK14 -> 0.0016979227 | BP14: =0.5*($AU14+$AV14)+0.5*($AU14-$AV14)*COS(2*$BG14) + $AW14*SIN(2*$BG14) -> 3.2018607e-05 | BQ14: =0.5*($AU14+$AV14)-0.5*($AU14-$AV14)*COS(2*$BG14)-$AW14*SIN(2*$BG14) -> 0.0016635179 | BR14: =- 0.5*($AU14-$AV14)*SIN(2*$BG14) + $AW14*COS(2*$BG14) -> -7.4460289e-05 | BS14: =F14 -> 21040088 | BT14: =$BA14*COS($BG14) + $BB14*SIN($BG14) -> 44891.132 | BU14: =- $BA14*SIN($BG14) + $BB14*COS($BG14) -> 45959.969 | BV14: =0.5*($AX14+$AY14)+0.5*($AX14-$AY14)*COS(2*$BG14) + $AZ14*SIN(2*$BG14) -> 534.52863 | BW14: =0.5*($AX14+$AY14)-0.5*($AX14-$AY14)*COS(2*$BG14)-$AZ14*SIN(2*$BG14) -> 8524.4086 | BX14: =- 0.5*($AX14-$AY14)*SIN(2*$BG14) + $AZ14*COS(2*$BG14) -> -228.00246 | BY14: =AR14 -> 330.02869 | BZ14: =0.5*($AS14+$AT14)+0.5*($AS14-$AT14)*COS(2*$BG14) -> 679513.76 | CA14: =0.5*($AS14+$AT14)-0.5*($AS14-$AT14)*COS(2*$BG14) -> 601623.87 | CB14: =$BC14*COS($BG14) + $BD14*SIN($BG14) -> 1976.5427 | CC14: =- $BC14*SIN($BG14) + $BD14*COS($BG14) -> 1811.8266 | CD14: =BJ14 -> 0.9161145 | CF14: =$BS14*AF14 -> 44891.132 | CG14: =$BS14*AE14 -> 45959.969 | CH14: =BZ14*AD14 -> 1967.6 | CI14: =CA14*AC14 -> 1803.1871 | CK14: =_xlfn.XLOOKUP(CO14,$BJ$6:$BJ$195,$BH$6:$BH$195, ,-1) -> 7 | CL14: =CK14+1 -> 8 | CN14: 9 | CO14: 0.7542 | CP14: =_xlfn.LET( _xlpm.r, $CO14, _xlpm.rp, _xlfn.XLOOKUP($CK14,$BH$6:$BH$195, $BJ$6:$BJ$195, , -1), _xlpm.rn, _xlfn.XLOOKUP($CL14,$BH$6:$BH$195, $BJ$6:$BJ$195, , -1), _xlpm.xp, _xlfn.XLOOKUP($CK14,$BH$6:$BH$195, BK$6:BK$195, , -1), _xlpm.xn, _xlfn.XLOOKUP($CL14,$BH$6:$BH$195, BK$6:BK$195, , -1), (_xlpm.r - _xlpm.rp)/(_xlpm.rn - _xlpm.rp)*(_xlpm.xn - _xlpm.xp) + _xlpm.xp ) -> 0 | CQ14: =_xlfn.LET( _xlpm.r, $CO14, _xlpm.rp, _xlfn.XLOOKUP($CK14,$BH$6:$BH$195, $BJ$6:$BJ$195, , -1), _xlpm.rn, _xlfn.XLOOKUP($CL14,$BH$6:$BH$195, $BJ$6:$BJ$195, , -1), _xlpm.xp, _xlfn.XLOOKUP($CK14,$BH$6:$BH$195, BL$6:BL$195, , -1), _xlpm.xn, _xlfn.XLOOKUP($CL14,$BH$6:$BH$195, BL$6:BL$195, , -1), (_xlpm.r - _xlpm.rp)/(_xlpm.rn - _xlpm.rp)*(_xlpm.xn - _xlpm.xp) + _xlpm.xp ) -> 0 | CR14: =_xlfn.LET( _xlpm.r, $CO14, _xlpm.rp, _xlfn.XLOOKUP($CK14,$BH$6:$BH$195, $BJ$6:$BJ$195, , -1), _xlpm.rn, _xlfn.XLOOKUP($CL14,$BH$6:$BH$195, $BJ$6:$BJ$195, , -1), _xlpm.xp, _xlfn.XLOOKUP($CK14,$BH$6:$BH$195, BM$6:BM$195, , -1), _xlpm.xn, _xlfn.XLOOKUP($CL14,$BH$6:$BH$195, BM$6:BM$195, , -1), (_xlpm.r - _xlpm.rp)/(_xlpm.rn - _xlpm.rp)*(_xlpm.xn - _xlpm.xp) + _xlpm.xp ) -> 1.3926759 | CS14: =_xlfn.LET( _xlpm.r, $CO14, _xlpm.rp, _xlfn.XLOOKUP($CK14,$BH$6:$BH$195, $BJ$6:$BJ$195, , -1), _xlpm.rn, _xlfn.XLOOKUP($CL14,$BH$6:$BH$195, $BJ$6:$BJ$195, , -1), _xlpm.xp, _xlfn.XLOOKUP($CK14,$BH$6:$BH$195, BN$6:BN$195, , -1), _xlpm.xn, _xlfn.XLOOKUP($CL14,$BH$6:$BH$195, BN$6:BN$195, , -1), (_xlpm.r - _xlpm.rp)/(_xlpm.rn - _xlpm.rp)*(_xlpm.xn - _xlpm.xp) + _xlpm.xp ) -> -0.0012148883 | CT14: =_xlfn.LET( _xlpm.r, $CO14, _xlpm.rp, _xlfn.XLOOKUP($CK14,$BH$6:$BH$195, $BJ$6:$BJ$195, , -1), _xlpm.rn, _xlfn.XLOOKUP($CL14,$BH$6:$BH$195, $BJ$6:$BJ$195, , -1), _xlpm.xp, _xlfn.XLOOKUP($CK14,$BH$6:$BH$195, BO$6:BO$195, , -1), _xlpm.xn, _xlfn.XLOOKUP($CL14,$BH$6:$BH$195, BO$6:BO$195, , -1), (_xlpm.r - _xlpm.rp)/(_xlpm.rn - _xlpm.rp)*(_xlpm.xn - _xlpm.xp) + _xlpm.xp ) -> 0.0013253783 | CU14: =_xlfn.LET( _xlpm.r, $CO14, _xlpm.rp, _xlfn.XLOOKUP($CK14,$BH$6:$BH$195, $BJ$6:$BJ$195, , -1), _xlpm.rn, _xlfn.XLOOKUP($CL14,$BH$6:$BH$195, $BJ$6:$BJ$195, , -1), _xlpm.xp, _xlfn.XLOOKUP($CK14,$BH$6:$BH$195, BP$6:BP$195, , -1), _xlpm.xn, _xlfn.XLOOKUP($CL14,$BH$6:$BH$195, BP$6:BP$195, , -1), (_xlpm.r - _xlpm.rp)/(_xlpm.rn - _xlpm.rp)*(_xlpm.xn - _xlpm.xp) + _xlpm.xp ) -> 4.0481293e-05 | CV14: =_xlfn.LET( _xlpm.r, $CO14, _xlpm.rp, _xlfn.XLOOKUP($CK14,$BH$6:$BH$195, $BJ$6:$BJ$195, , -1), _xlpm.rn, _xlfn.XLOOKUP($CL14,$BH$6:$BH$195, $BJ$6:$BJ$195, , -1), _xlpm.xp, _xlfn.XLOOKUP($CK14,$BH$6:$BH$195, BQ$6:BQ$195, , -1), _xlpm.xn, _xlfn.XLOOKUP($CL14,$BH$6:$BH$195, BQ$6:BQ$195, , -1), (_xlpm.r - _xlpm.rp)/(_xlpm.rn - _xlpm.rp)*(_xlpm.xn - _xlpm.xp) + _xlpm.xp ) -> 0.0014985743 | CW14: =_xlfn.LET( _xlpm.r, $CO14, _xlpm.rp, _xlfn.XLOOKUP($CK14,$BH$6:$BH$195, $BJ$6:$BJ$195, , -1), _xlpm.rn, _xlfn.XLOOKUP($CL14,$BH$6:$BH$195, $BJ$6:$BJ$195, , -1), _xlpm.xp, _xlfn.XLOOKUP($CK14,$BH$6:$BH$195, BR$6:BR$195, , -1), _xlpm.xn, _xlfn.XLOOKUP($CL14,$BH$6:$BH$195, BR$6:BR$195, , -1), (_xlpm.r - _xlpm.rp)/(_xlpm.rn - _xlpm.rp)*(_xlpm.xn - _xlpm.xp) + _xlpm.xp ) -> -0.00011858022 | ... DI14: =_xlfn.LET( _xlpm.r, $CO14, _xlpm.rp, _xlfn.XLOOKUP($CK14,$BH$6:$BH$195, $BJ$6:$BJ$195, , -1), _xlpm.rn, _xlfn.XLOOKUP($CL14,$BH$6:$BH$195, $BJ$6:$BJ$195, , -1), _xlpm.xp, _xlfn.XLOOKUP($CK14,$BH$6:$BH$195, CD$6:CD$195, , -1), _xlpm.xn, _xlfn.XLOOKUP($CL14,$BH$6:$BH$195, CD$6:CD$195, , -1), (_xlpm.r - _xlpm.rp)/(_xlpm.rn - _xlpm.rp)*(_xlpm.xn - _xlpm.xp) + _xlpm.xp ) -> 0.7542
A15: =NASA!BI16 -> 2.1202824 | B15: =NASA!BJ16 -> 0.13843 | C15: =NASA!BK16 -> 0 | D15: =NASA!BL16 -> 0.92456 | E15: =NASA!BM16 -> 1.5099518 | F15: =NASA!BN16 -> 21084570 | G15: =NASA!BO16 -> 332.8985 | H15: =NASA!BP16 -> 0.0029972 | ... T15: =NASA!CB16 -> 10 | U15: =F15/ (2*(1+$U$3)) -> 8109450.2 | V15: 789235.77 | W15: 0.87 | X15: 0.77 | Z15: =C15 -> 0 | AA15: =J15 -> 0.000127 | AB15: =K15 -> 0.0015748 | AC15: =H15 -> 0.0029972 | AD15: =I15 -> 0.0030226 | AE15: =L15 -> 0.0022098 | AF15: =M15 -> 0.002159 | AH15: =IF($AH$3=1, A15, 0) -> 2.1202824 | AI15: =RADIANS(AH15) -> 0.037005909 | AJ15: =AA15*COS($AI15) - AB15*SIN($AI15) -> 6.8649445e-05 | AK15: =AA15*SIN($AI15) + AB15*COS($AI15) -> 0.0015784205 | AL15: =AC15*COS($AI15) - AD15*SIN($AI15) -> 0.0028833195 | AM15: =AC15*SIN($AI15) + AD15*COS($AI15) -> 0.0031314194 | AN15: =AE15*COS($AI15) - AF15*SIN($AI15) -> 0.0021284096 | AO15: =AE15*SIN($AI15) + AF15*COS($AI15) -> 0.0022392789 | AR15: =G15 -> 332.8985 | AS15: {=W15 * _xlfn.IFS( $AT$4="P", $U15, $AT$4="A", $V15)} -> 686635.12 | AT15: {=X15 * _xlfn.IFS( $AT$4="P", $U15, $AT$4="A", $V15)} -> 607711.55 | AU15: =Q15 + (E15*AK15^2)*$AW$2 -> 3.4143265e-05 | AV15: =R15 + (E15*AJ15^2)*$AW$2 -> 0.0016547456 | AW15: =S15 + (E15*AJ15*AK15)*$AW$2 -> -4.8322001e-05 | AX15: =N15 + (F15*AO15^2)*$AW$2 -> 533.11298 | AY15: =O15 + (F15*AN15^2)*$AW$2 -> 8532.7709 | AZ15: =P15 + (F15*AN15*AO15)*$AW$2 -> 74.433307 | BA15: =$F15*AO15 -> 47214.233 | BB15: =$F15*AN15 -> 44876.601 | BC15: =AS15*AM15 -> 2150.1425 | BD15: =AT15*AL15 -> 1752.2265 | BF15: =IF($BF$3=1, -A15, 0) -> -2.1202824 | BG15: =RADIANS(BF15) -> -0.037005909 | BH15: 10 | BI15: =SQRT( (BJ15-BJ14)^2 + (BK15-BK14)^2 + (BL15-BL14)^2 ) + BI14 -> 0.92456 | BJ15: =D15 -> 0.92456 | BK15: =C15 -> 0 | BL15: 0 | BM15: =E15 -> 1.5099518 | BN15: =AJ15 -> 6.8649445e-05 | BO15: =AK15 -> 0.0015784205 | BP15: =0.5*($AU15+$AV15)+0.5*($AU15-$AV15)*COS(2*$BG15) + $AW15*SIN(2*$BG15) -> 3.99347e-05 | BQ15: =0.5*($AU15+$AV15)-0.5*($AU15-$AV15)*COS(2*$BG15)-$AW15*SIN(2*$BG15) -> 0.0016489541 | BR15: =- 0.5*($AU15-$AV15)*SIN(2*$BG15) + $AW15*COS(2*$BG15) -> -0.00010810684 | BS15: =F15 -> 21084570 | BT15: =$BA15*COS($BG15) + $BB15*SIN($BG15) -> 45521.588 | BU15: =- $BA15*SIN($BG15) + $BB15*COS($BG15) -> 46592.684 | BV15: =0.5*($AX15+$AY15)+0.5*($AX15-$AY15)*COS(2*$BG15) + $AZ15*SIN(2*$BG15) -> 538.5591 | BW15: =0.5*($AX15+$AY15)-0.5*($AX15-$AY15)*COS(2*$BG15)-$AZ15*SIN(2*$BG15) -> 8527.3248 | BX15: =- 0.5*($AX15-$AY15)*SIN(2*$BG15) + $AZ15*COS(2*$BG15) -> -221.53489 | BY15: =AR15 -> 332.8985 | BZ15: =0.5*($AS15+$AT15)+0.5*($AS15-$AT15)*COS(2*$BG15) -> 686527.09 | CA15: =0.5*($AS15+$AT15)-0.5*($AS15-$AT15)*COS(2*$BG15) -> 607819.58 | CB15: =$BC15*COS($BG15) + $BD15*SIN($BG15) -> 2083.8425 | CC15: =- $BC15*SIN($BG15) + $BD15*COS($BG15) -> 1830.5767 | CD15: =BJ15 -> 0.92456 | CF15: =$BS15*AF15 -> 45521.588 | CG15: =$BS15*AE15 -> 46592.684 | CH15: =BZ15*AD15 -> 2075.0968 | CI15: =CA15*AC15 -> 1821.7568 | CK15: =_xlfn.XLOOKUP(CO15,$BJ$6:$BJ$195,$BH$6:$BH$195, ,-1) -> 8 | CL15: =CK15+1 -> 9 | CN15: 10 | CO15: 0.8382 | CP15: =_xlfn.LET( _xlpm.r, $CO15, _xlpm.rp, _xlfn.XLOOKUP($CK15,$BH$6:$BH$195, $BJ$6:$BJ$195, , -1), _xlpm.rn, _xlfn.XLOOKUP($CL15,$BH$6:$BH$195, $BJ$6:$BJ$195, , -1), _xlpm.xp, _xlfn.XLOOKUP($CK15,$BH$6:$BH$195, BK$6:BK$195, , -1), _xlpm.xn, _xlfn.XLOOKUP($CL15,$BH$6:$BH$195, BK$6:BK$195, , -1), (_xlpm.r - _xlpm.rp)/(_xlpm.rn - _xlpm.rp)*(_xlpm.xn - _xlpm.xp) + _xlpm.xp ) -> 0 | CQ15: =_xlfn.LET( _xlpm.r, $CO15, _xlpm.rp, _xlfn.XLOOKUP($CK15,$BH$6:$BH$195, $BJ$6:$BJ$195, , -1), _xlpm.rn, _xlfn.XLOOKUP($CL15,$BH$6:$BH$195, $BJ$6:$BJ$195, , -1), _xlpm.xp, _xlfn.XLOOKUP($CK15,$BH$6:$BH$195, BL$6:BL$195, , -1), _xlpm.xn, _xlfn.XLOOKUP($CL15,$BH$6:$BH$195, BL$6:BL$195, , -1), (_xlpm.r - _xlpm.rp)/(_xlpm.rn - _xlpm.rp)*(_xlpm.xn - _xlpm.xp) + _xlpm.xp ) -> 0 | CR15: =_xlfn.LET( _xlpm.r, $CO15, _xlpm.rp, _xlfn.XLOOKUP($CK15,$BH$6:$BH$195, $BJ$6:$BJ$195, , -1), _xlpm.rn, _xlfn.XLOOKUP($CL15,$BH$6:$BH$195, $BJ$6:$BJ$195, , -1), _xlpm.xp, _xlfn.XLOOKUP($CK15,$BH$6:$BH$195, BM$6:BM$195, , -1), _xlpm.xn, _xlfn.XLOOKUP($CL15,$BH$6:$BH$195, BM$6:BM$195, , -1), (_xlpm.r - _xlpm.rp)/(_xlpm.rn - _xlpm.rp)*(_xlpm.xn - _xlpm.xp) + _xlpm.xp ) -> 1.4121669 | CS15: =_xlfn.LET( _xlpm.r, $CO15, _xlpm.rp, _xlfn.XLOOKUP($CK15,$BH$6:$BH$195, $BJ$6:$BJ$195, , -1), _xlpm.rn, _xlfn.XLOOKUP($CL15,$BH$6:$BH$195, $BJ$6:$BJ$195, , -1), _xlpm.xp, _xlfn.XLOOKUP($CK15,$BH$6:$BH$195, BN$6:BN$195, , -1), _xlpm.xn, _xlfn.XLOOKUP($CL15,$BH$6:$BH$195, BN$6:BN$195, , -1), (_xlpm.r - _xlpm.rp)/(_xlpm.rn - _xlpm.rp)*(_xlpm.xn - _xlpm.xp) + _xlpm.xp ) -> -0.0013621615 | CT15: =_xlfn.LET( _xlpm.r, $CO15, _xlpm.rp, _xlfn.XLOOKUP($CK15,$BH$6:$BH$195, $BJ$6:$BJ$195, , -1), _xlpm.rn, _xlfn.XLOOKUP($CL15,$BH$6:$BH$195, $BJ$6:$BJ$195, , -1), _xlpm.xp, _xlfn.XLOOKUP($CK15,$BH$6:$BH$195, BO$6:BO$195, , -1), _xlpm.xn, _xlfn.XLOOKUP($CL15,$BH$6:$BH$195, BO$6:BO$195, , -1), (_xlpm.r - _xlpm.rp)/(_xlpm.rn - _xlpm.rp)*(_xlpm.xn - _xlpm.xp) + _xlpm.xp ) -> 0.0014388539 | CU15: =_xlfn.LET( _xlpm.r, $CO15, _xlpm.rp, _xlfn.XLOOKUP($CK15,$BH$6:$BH$195, $BJ$6:$BJ$195, , -1), _xlpm.rn, _xlfn.XLOOKUP($CL15,$BH$6:$BH$195, $BJ$6:$BJ$195, , -1), _xlpm.xp, _xlfn.XLOOKUP($CK15,$BH$6:$BH$195, BP$6:BP$195, , -1), _xlpm.xn, _xlfn.XLOOKUP($CL15,$BH$6:$BH$195, BP$6:BP$195, , -1), (_xlpm.r - _xlpm.rp)/(_xlpm.rn - _xlpm.rp)*(_xlpm.xn - _xlpm.xp) + _xlpm.xp ) -> 3.6726073e-05 | CV15: =_xlfn.LET( _xlpm.r, $CO15, _xlpm.rp, _xlfn.XLOOKUP($CK15,$BH$6:$BH$195, $BJ$6:$BJ$195, , -1), _xlpm.rn, _xlfn.XLOOKUP($CL15,$BH$6:$BH$195, $BJ$6:$BJ$195, , -1), _xlpm.xp, _xlfn.XLOOKUP($CK15,$BH$6:$BH$195, BQ$6:BQ$195, , -1), _xlpm.xn, _xlfn.XLOOKUP($CL15,$BH$6:$BH$195, BQ$6:BQ$195, , -1), (_xlpm.r - _xlpm.rp)/(_xlpm.rn - _xlpm.rp)*(_xlpm.xn - _xlpm.xp) + _xlpm.xp ) -> 0.0015357401 | CW15: =_xlfn.LET( _xlpm.r, $CO15, _xlpm.rp, _xlfn.XLOOKUP($CK15,$BH$6:$BH$195, $BJ$6:$BJ$195, , -1), _xlpm.rn, _xlfn.XLOOKUP($CL15,$BH$6:$BH$195, $BJ$6:$BJ$195, , -1), _xlpm.xp, _xlfn.XLOOKUP($CK15,$BH$6:$BH$195, BR$6:BR$195, , -1), _xlpm.xn, _xlfn.XLOOKUP($CL15,$BH$6:$BH$195, BR$6:BR$195, , -1), (_xlpm.r - _xlpm.rp)/(_xlpm.rn - _xlpm.rp)*(_xlpm.xn - _xlpm.xp) + _xlpm.xp ) -> -9.7557843e-05 | ... DI15: =_xlfn.LET( _xlpm.r, $CO15, _xlpm.rp, _xlfn.XLOOKUP($CK15,$BH$6:$BH$195, $BJ$6:$BJ$195, , -1), _xlpm.rn, _xlfn.XLOOKUP($CL15,$BH$6:$BH$195, $BJ$6:$BJ$195, , -1), _xlpm.xp, _xlfn.XLOOKUP($CK15,$BH$6:$BH$195, CD$6:CD$195, , -1), _xlpm.xn, _xlfn.XLOOKUP($CL15,$BH$6:$BH$195, CD$6:CD$195, , -1), (_xlpm.r - _xlpm.rp)/(_xlpm.rn - _xlpm.rp)*(_xlpm.xn - _xlpm.xp) + _xlpm.xp ) -> 0.8382
A16: =NASA!BI17 -> 2.0079139 | B16: =NASA!BJ17 -> 0.13843 | C16: =NASA!BK17 -> 0 | D16: =NASA!BL17 -> 0.9380728 | E16: =NASA!BM17 -> 1.6892155 | F16: =NASA!BN17 -> 21040088 | G16: =NASA!BO17 -> 330.02869 | H16: =NASA!BP17 -> 0.003048 | ... T16: =NASA!CB17 -> 11 | U16: =F16/ (2*(1+$U$3)) -> 8092341.6 | V16: 786050.67 | W16: 0.87 | X16: 0.77 | Z16: =C16 -> 0 | AA16: =J16 -> -0.0059182 | AB16: =K16 -> 0.0013208 | AC16: =H16 -> 0.003048 | AD16: =I16 -> 0.0028956 | AE16: =L16 -> 0.002159 | AF16: =M16 -> 0.0021336 | AH16: =IF($AH$3=1, A16, 0) -> 2.0079139 | AI16: =RADIANS(AH16) -> 0.035044708 | AJ16: =AA16*COS($AI16) - AB16*SIN($AI16) -> -0.0059608438 | AK16: =AA16*SIN($AI16) + AB16*COS($AI16) -> 0.0011126299 | AL16: =AC16*COS($AI16) - AD16*SIN($AI16) -> 0.0029446738 | AM16: =AC16*SIN($AI16) + AD16*COS($AI16) -> 0.0030006165 | AN16: =AE16*COS($AI16) - AF16*SIN($AI16) -> 0.0020829183 | AO16: =AE16*SIN($AI16) + AF16*COS($AI16) -> 0.002207936 | AR16: =G16 -> 330.02869 | AS16: {=W16 * _xlfn.IFS( $AT$4="P", $U16, $AT$4="A", $V16)} -> 683864.08 | AT16: {=X16 * _xlfn.IFS( $AT$4="P", $U16, $AT$4="A", $V16)} -> 605259.01 | AU16: =Q16 + (E16*AK16^2)*$AW$2 -> 2.926979e-05 | AV16: =R16 + (E16*AJ16^2)*$AW$2 -> 0.0018126199 | AW16: =S16 + (E16*AJ16*AK16)*$AW$2 -> -4.5321097e-05 | AX16: =N16 + (F16*AO16^2)*$AW$2 -> 527.69003 | AY16: =O16 + (F16*AN16^2)*$AW$2 -> 8471.1422 | AZ16: =P16 + (F16*AN16*AO16)*$AW$2 -> 73.975991 | BA16: =$F16*AO16 -> 46455.168 | BB16: =$F16*AN16 -> 43824.784 | BC16: =AS16*AM16 -> 2052.0138 | BD16: =AT16*AL16 -> 1782.2904 | BF16: =IF($BF$3=1, -A16, 0) -> -2.0079139 | BG16: =RADIANS(BF16) -> -0.035044708 | BH16: 11 | BI16: =SQRT( (BJ16-BJ15)^2 + (BK16-BK15)^2 + (BL16-BL15)^2 ) + BI15 -> 0.9380728 | BJ16: =D16 -> 0.9380728 | BK16: =C16 -> 0 | BL16: 0 | BM16: =E16 -> 1.6892155 | BN16: =AJ16 -> -0.0059608438 | BO16: =AK16 -> 0.0011126299 | BP16: =0.5*($AU16+$AV16)+0.5*($AU16-$AV16)*COS(2*$BG16) + $AW16*SIN(2*$BG16) -> 3.4633012e-05 | BQ16: =0.5*($AU16+$AV16)-0.5*($AU16-$AV16)*COS(2*$BG16)-$AW16*SIN(2*$BG16) -> 0.0018072567 | BR16: =- 0.5*($AU16-$AV16)*SIN(2*$BG16) + $AW16*COS(2*$BG16) -> -0.00010765565 | BS16: =F16 -> 21040088 | BT16: =$BA16*COS($BG16) + $BB16*SIN($BG16) -> 44891.132 | BU16: =- $BA16*SIN($BG16) + $BB16*COS($BG16) -> 45425.551 | BV16: =0.5*($AX16+$AY16)+0.5*($AX16-$AY16)*COS(2*$BG16) + $AZ16*SIN(2*$BG16) -> 532.26095 | BW16: =0.5*($AX16+$AY16)-0.5*($AX16-$AY16)*COS(2*$BG16)-$AZ16*SIN(2*$BG16) -> 8466.5713 | BX16: =- 0.5*($AX16-$AY16)*SIN(2*$BG16) + $AZ16*COS(2*$BG16) -> -204.35374 | BY16: =AR16 -> 330.02869 | BZ16: =0.5*($AS16+$AT16)+0.5*($AS16-$AT16)*COS(2*$BG16) -> 683767.58 | CA16: =0.5*($AS16+$AT16)-0.5*($AS16-$AT16)*COS(2*$BG16) -> 605355.51 | CB16: =$BC16*COS($BG16) + $BD16*SIN($BG16) -> 1988.3068 | CC16: =- $BC16*SIN($BG16) + $BD16*COS($BG16) -> 1853.0936 | CD16: =BJ16 -> 0.9380728 | CF16: =$BS16*AF16 -> 44891.132 | CG16: =$BS16*AE16 -> 45425.551 | CH16: =BZ16*AD16 -> 1979.9174 | CI16: =CA16*AC16 -> 1845.1236 | CK16: =_xlfn.XLOOKUP(CO16,$BJ$6:$BJ$195,$BH$6:$BH$195, ,-1) -> 9 | CL16: =CK16+1 -> 10 | CN16: 11 | CO16: 0.9232 | CP16: =_xlfn.LET( _xlpm.r, $CO16, _xlpm.rp, _xlfn.XLOOKUP($CK16,$BH$6:$BH$195, $BJ$6:$BJ$195, , -1), _xlpm.rn, _xlfn.XLOOKUP($CL16,$BH$6:$BH$195, $BJ$6:$BJ$195, , -1), _xlpm.xp, _xlfn.XLOOKUP($CK16,$BH$6:$BH$195, BK$6:BK$195, , -1), _xlpm.xn, _xlfn.XLOOKUP($CL16,$BH$6:$BH$195, BK$6:BK$195, , -1), (_xlpm.r - _xlpm.rp)/(_xlpm.rn - _xlpm.rp)*(_xlpm.xn - _xlpm.xp) + _xlpm.xp ) -> 0 | CQ16: =_xlfn.LET( _xlpm.r, $CO16, _xlpm.rp, _xlfn.XLOOKUP($CK16,$BH$6:$BH$195, $BJ$6:$BJ$195, , -1), _xlpm.rn, _xlfn.XLOOKUP($CL16,$BH$6:$BH$195, $BJ$6:$BJ$195, , -1), _xlpm.xp, _xlfn.XLOOKUP($CK16,$BH$6:$BH$195, BL$6:BL$195, , -1), _xlpm.xn, _xlfn.XLOOKUP($CL16,$BH$6:$BH$195, BL$6:BL$195, , -1), (_xlpm.r - _xlpm.rp)/(_xlpm.rn - _xlpm.rp)*(_xlpm.xn - _xlpm.xp) + _xlpm.xp ) -> 0 | CR16: =_xlfn.LET( _xlpm.r, $CO16, _xlpm.rp, _xlfn.XLOOKUP($CK16,$BH$6:$BH$195, $BJ$6:$BJ$195, , -1), _xlpm.rn, _xlfn.XLOOKUP($CL16,$BH$6:$BH$195, $BJ$6:$BJ$195, , -1), _xlpm.xp, _xlfn.XLOOKUP($CK16,$BH$6:$BH$195, BM$6:BM$195, , -1), _xlpm.xn, _xlfn.XLOOKUP($CL16,$BH$6:$BH$195, BM$6:BM$195, , -1), (_xlpm.r - _xlpm.rp)/(_xlpm.rn - _xlpm.rp)*(_xlpm.xn - _xlpm.xp) + _xlpm.xp ) -> 1.506621 | CS16: =_xlfn.LET( _xlpm.r, $CO16, _xlpm.rp, _xlfn.XLOOKUP($CK16,$BH$6:$BH$195, $BJ$6:$BJ$195, , -1), _xlpm.rn, _xlfn.XLOOKUP($CL16,$BH$6:$BH$195, $BJ$6:$BJ$195, , -1), _xlpm.xp, _xlfn.XLOOKUP($CK16,$BH$6:$BH$195, BN$6:BN$195, , -1), _xlpm.xn, _xlfn.XLOOKUP($CL16,$BH$6:$BH$195, BN$6:BN$195, , -1), (_xlpm.r - _xlpm.rp)/(_xlpm.rn - _xlpm.rp)*(_xlpm.xn - _xlpm.xp) + _xlpm.xp ) -> -0.00017799069 | CT16: =_xlfn.LET( _xlpm.r, $CO16, _xlpm.rp, _xlfn.XLOOKUP($CK16,$BH$6:$BH$195, $BJ$6:$BJ$195, , -1), _xlpm.rn, _xlfn.XLOOKUP($CL16,$BH$6:$BH$195, $BJ$6:$BJ$195, , -1), _xlpm.xp, _xlfn.XLOOKUP($CK16,$BH$6:$BH$195, BO$6:BO$195, , -1), _xlpm.xn, _xlfn.XLOOKUP($CL16,$BH$6:$BH$195, BO$6:BO$195, , -1), (_xlpm.r - _xlpm.rp)/(_xlpm.rn - _xlpm.rp)*(_xlpm.xn - _xlpm.xp) + _xlpm.xp ) -> 0.0015976642 | CU16: =_xlfn.LET( _xlpm.r, $CO16, _xlpm.rp, _xlfn.XLOOKUP($CK16,$BH$6:$BH$195, $BJ$6:$BJ$195, , -1), _xlpm.rn, _xlfn.XLOOKUP($CL16,$BH$6:$BH$195, $BJ$6:$BJ$195, , -1), _xlpm.xp, _xlfn.XLOOKUP($CK16,$BH$6:$BH$195, BP$6:BP$195, , -1), _xlpm.xn, _xlfn.XLOOKUP($CL16,$BH$6:$BH$195, BP$6:BP$195, , -1), (_xlpm.r - _xlpm.rp)/(_xlpm.rn - _xlpm.rp)*(_xlpm.xn - _xlpm.xp) + _xlpm.xp ) -> 3.8659952e-05 | CV16: =_xlfn.LET( _xlpm.r, $CO16, _xlpm.rp, _xlfn.XLOOKUP($CK16,$BH$6:$BH$195, $BJ$6:$BJ$195, , -1), _xlpm.rn, _xlfn.XLOOKUP($CL16,$BH$6:$BH$195, $BJ$6:$BJ$195, , -1), _xlpm.xp, _xlfn.XLOOKUP($CK16,$BH$6:$BH$195, BQ$6:BQ$195, , -1), _xlpm.xn, _xlfn.XLOOKUP($CL16,$BH$6:$BH$195, BQ$6:BQ$195, , -1), (_xlpm.r - _xlpm.rp)/(_xlpm.rn - _xlpm.rp)*(_xlpm.xn - _xlpm.xp) + _xlpm.xp ) -> 0.0016512994 | CW16: =_xlfn.LET( _xlpm.r, $CO16, _xlpm.rp, _xlfn.XLOOKUP($CK16,$BH$6:$BH$195, $BJ$6:$BJ$195, , -1), _xlpm.rn, _xlfn.XLOOKUP($CL16,$BH$6:$BH$195, $BJ$6:$BJ$195, , -1), _xlpm.xp, _xlfn.XLOOKUP($CK16,$BH$6:$BH$195, BR$6:BR$195, , -1), _xlpm.xn, _xlfn.XLOOKUP($CL16,$BH$6:$BH$195, BR$6:BR$195, , -1), (_xlpm.r - _xlpm.rp)/(_xlpm.rn - _xlpm.rp)*(_xlpm.xn - _xlpm.xp) + _xlpm.xp ) -> -0.00010268865 | ... DI16: =_xlfn.LET( _xlpm.r, $CO16, _xlpm.rp, _xlfn.XLOOKUP($CK16,$BH$6:$BH$195, $BJ$6:$BJ$195, , -1), _xlpm.rn, _xlfn.XLOOKUP($CL16,$BH$6:$BH$195, $BJ$6:$BJ$195, , -1), _xlpm.xp, _xlfn.XLOOKUP($CK16,$BH$6:$BH$195, CD$6:CD$195, , -1), _xlpm.xn, _xlfn.XLOOKUP($CL16,$BH$6:$BH$195, CD$6:CD$195, , -1), (_xlpm.r - _xlpm.rp)/(_xlpm.rn - _xlpm.rp)*(_xlpm.xn - _xlpm.xp) + _xlpm.xp ) -> 0.9232
A17: =NASA!BI18 -> 1.0533654 | B17: =NASA!BJ18 -> 0.13843 | C17: =NASA!BK18 -> 0 | D17: =NASA!BL18 -> 1.0529316 | E17: =NASA!BM18 -> 1.3904427 | F17: =NASA!BN18 -> 19928033 | G17: =NASA!BO18 -> 247.56934 | H17: =NASA!BP18 -> 0.0038184667 | ... T17: =NASA!CB18 -> 12 | U17: =F17/ (2*(1+$U$3)) -> 7664628 | V17: 629031.79 | W17: 0.87 | X17: 0.77 | Z17: =C17 -> 0 | AA17: =J17 -> -0.0034374667 | AB17: =K17 -> 0.001397 | AC17: =H17 -> 0.0038184667 | AD17: =I17 -> 0.0028363333 | AE17: =L17 -> 0.0032173333 | AF17: =M17 -> 0.0021674667 | AH17: =IF($AH$3=1, A17, 0) -> 1.0533654 | AI17: =RADIANS(AH17) -> 0.018384694 | AJ17: =AA17*COS($AI17) - AB17*SIN($AI17) -> -0.0034625677 | AK17: =AA17*SIN($AI17) + AB17*COS($AI17) -> 0.0013335707 | AL17: =AC17*COS($AI17) - AD17*SIN($AI17) -> 0.0037656792 | AM17: =AC17*SIN($AI17) + AD17*COS($AI17) -> 0.0029060514 | AN17: =AE17*COS($AI17) - AF17*SIN($AI17) -> 0.0031769437 | AO17: =AE17*SIN($AI17) + AF17*COS($AI17) -> 0.0022262467 | AR17: =G17 -> 247.56934 | AS17: {=W17 * _xlfn.IFS( $AT$4="P", $U17, $AT$4="A", $V17)} -> 547257.66 | AT17: {=X17 * _xlfn.IFS( $AT$4="P", $U17, $AT$4="A", $V17)} -> 484354.48 | AU17: =Q17 + (E17*AK17^2)*$AW$2 -> 2.2608395e-05 | AV17: =R17 + (E17*AJ17^2)*$AW$2 -> 0.0014875492 | AW17: =S17 + (E17*AJ17*AK17)*$AW$2 -> -2.125085e-05 | AX17: =N17 + (F17*AO17^2)*$AW$2 -> 407.09683 | AY17: =O17 + (F17*AN17^2)*$AW$2 -> 7720.0475 | AZ17: =P17 + (F17*AN17*AO17)*$AW$2 -> 157.99091 | BA17: =$F17*AO17 -> 44364.718 | BB17: =$F17*AN17 -> 63310.238 | BC17: =AS17*AM17 -> 1590.3589 | BD17: =AT17*AL17 -> 1823.9236 | BF17: =IF($BF$3=1, -A17, 0) -> -1.0533654 | BG17: =RADIANS(BF17) -> -0.018384694 | BH17: 12 | BI17: =SQRT( (BJ17-BJ16)^2 + (BK17-BK16)^2 + (BL17-BL16)^2 ) + BI16 -> 1.0529316 | BJ17: =D17 -> 1.0529316 | BK17: =C17 -> 0 | BL17: 0 | BM17: =E17 -> 1.3904427 | BN17: =AJ17 -> -0.0034625677 | BO17: =AK17 -> 0.0013335707 | BP17: =0.5*($AU17+$AV17)+0.5*($AU17-$AV17)*COS(2*$BG17) + $AW17*SIN(2*$BG17) -> 2.3884689e-05 | BQ17: =0.5*($AU17+$AV17)-0.5*($AU17-$AV17)*COS(2*$BG17)-$AW17*SIN(2*$BG17) -> 0.0014862729 | BR17: =- 0.5*($AU17-$AV17)*SIN(2*$BG17) + $AW17*COS(2*$BG17) -> -4.8162906e-05 | BS17: =F17 -> 19928033 | BT17: =$BA17*COS($BG17) + $BB17*SIN($BG17) -> 43193.347 | BU17: =- $BA17*SIN($BG17) + $BB17*COS($BG17) -> 64115.124 | BV17: =0.5*($AX17+$AY17)+0.5*($AX17-$AY17)*COS(2*$BG17) + $AZ17*SIN(2*$BG17) -> 403.76038 | BW17: =0.5*($AX17+$AY17)-0.5*($AX17-$AY17)*COS(2*$BG17)-$AZ17*SIN(2*$BG17) -> 7723.3839 | BX17: =- 0.5*($AX17-$AY17)*SIN(2*$BG17) + $AZ17*COS(2*$BG17) -> 23.468052 | BY17: =AR17 -> 247.56934 | BZ17: =0.5*($AS17+$AT17)+0.5*($AS17-$AT17)*COS(2*$BG17) -> 547236.4 | CA17: =0.5*($AS17+$AT17)-0.5*($AS17-$AT17)*COS(2*$BG17) -> 484375.74 | CB17: =$BC17*COS($BG17) + $BD17*SIN($BG17) -> 1556.5597 | CC17: =- $BC17*SIN($BG17) + $BD17*COS($BG17) -> 1852.852 | CD17: =BJ17 -> 1.0529316 | CF17: =$BS17*AF17 -> 43193.347 | CG17: =$BS17*AE17 -> 64115.124 | CH17: =BZ17*AD17 -> 1552.1448 | CI17: =CA17*AC17 -> 1849.5726 | CK17: =_xlfn.XLOOKUP(CO17,$BJ$6:$BJ$195,$BH$6:$BH$195, ,-1) -> 11 | CL17: =CK17+1 -> 12 | CN17: 12 | CO17: 1.0081 | CP17: =_xlfn.LET( _xlpm.r, $CO17, _xlpm.rp, _xlfn.XLOOKUP($CK17,$BH$6:$BH$195, $BJ$6:$BJ$195, , -1), _xlpm.rn, _xlfn.XLOOKUP($CL17,$BH$6:$BH$195, $BJ$6:$BJ$195, , -1), _xlpm.xp, _xlfn.XLOOKUP($CK17,$BH$6:$BH$195, BK$6:BK$195, , -1), _xlpm.xn, _xlfn.XLOOKUP($CL17,$BH$6:$BH$195, BK$6:BK$195, , -1), (_xlpm.r - _xlpm.rp)/(_xlpm.rn - _xlpm.rp)*(_xlpm.xn - _xlpm.xp) + _xlpm.xp ) -> 0 | CQ17: =_xlfn.LET( _xlpm.r, $CO17, _xlpm.rp, _xlfn.XLOOKUP($CK17,$BH$6:$BH$195, $BJ$6:$BJ$195, , -1), _xlpm.rn, _xlfn.XLOOKUP($CL17,$BH$6:$BH$195, $BJ$6:$BJ$195, , -1), _xlpm.xp, _xlfn.XLOOKUP($CK17,$BH$6:$BH$195, BL$6:BL$195, , -1), _xlpm.xn, _xlfn.XLOOKUP($CL17,$BH$6:$BH$195, BL$6:BL$195, , -1), (_xlpm.r - _xlpm.rp)/(_xlpm.rn - _xlpm.rp)*(_xlpm.xn - _xlpm.xp) + _xlpm.xp ) -> 0 | CR17: =_xlfn.LET( _xlpm.r, $CO17, _xlpm.rp, _xlfn.XLOOKUP($CK17,$BH$6:$BH$195, $BJ$6:$BJ$195, , -1), _xlpm.rn, _xlfn.XLOOKUP($CL17,$BH$6:$BH$195, $BJ$6:$BJ$195, , -1), _xlpm.xp, _xlfn.XLOOKUP($CK17,$BH$6:$BH$195, BM$6:BM$195, , -1), _xlpm.xn, _xlfn.XLOOKUP($CL17,$BH$6:$BH$195, BM$6:BM$195, , -1), (_xlpm.r - _xlpm.rp)/(_xlpm.rn - _xlpm.rp)*(_xlpm.xn - _xlpm.xp) + _xlpm.xp ) -> 1.5070595 | CS17: =_xlfn.LET( _xlpm.r, $CO17, _xlpm.rp, _xlfn.XLOOKUP($CK17,$BH$6:$BH$195, $BJ$6:$BJ$195, , -1), _xlpm.rn, _xlfn.XLOOKUP($CL17,$BH$6:$BH$195, $BJ$6:$BJ$195, , -1), _xlpm.xp, _xlfn.XLOOKUP($CK17,$BH$6:$BH$195, BN$6:BN$195, , -1), _xlpm.xn, _xlfn.XLOOKUP($CL17,$BH$6:$BH$195, BN$6:BN$195, , -1), (_xlpm.r - _xlpm.rp)/(_xlpm.rn - _xlpm.rp)*(_xlpm.xn - _xlpm.xp) + _xlpm.xp ) -> -0.0044376929 | CT17: =_xlfn.LET( _xlpm.r, $CO17, _xlpm.rp, _xlfn.XLOOKUP($CK17,$BH$6:$BH$195, $BJ$6:$BJ$195, , -1), _xlpm.rn, _xlfn.XLOOKUP($CL17,$BH$6:$BH$195, $BJ$6:$BJ$195, , -1), _xlpm.xp, _xlfn.XLOOKUP($CK17,$BH$6:$BH$195, BO$6:BO$195, , -1), _xlpm.xn, _xlfn.XLOOKUP($CL17,$BH$6:$BH$195, BO$6:BO$195, , -1), (_xlpm.r - _xlpm.rp)/(_xlpm.rn - _xlpm.rp)*(_xlpm.xn - _xlpm.xp) + _xlpm.xp ) -> 0.0012473332 | CU17: =_xlfn.LET( _xlpm.r, $CO17, _xlpm.rp, _xlfn.XLOOKUP($CK17,$BH$6:$BH$195, $BJ$6:$BJ$195, , -1), _xlpm.rn, _xlfn.XLOOKUP($CL17,$BH$6:$BH$195, $BJ$6:$BJ$195, , -1), _xlpm.xp, _xlfn.XLOOKUP($CK17,$BH$6:$BH$195, BP$6:BP$195, , -1), _xlpm.xn, _xlfn.XLOOKUP($CL17,$BH$6:$BH$195, BP$6:BP$195, , -1), (_xlpm.r - _xlpm.rp)/(_xlpm.rn - _xlpm.rp)*(_xlpm.xn - _xlpm.xp) + _xlpm.xp ) -> 2.8079966e-05 | CV17: =_xlfn.LET( _xlpm.r, $CO17, _xlpm.rp, _xlfn.XLOOKUP($CK17,$BH$6:$BH$195, $BJ$6:$BJ$195, , -1), _xlpm.rn, _xlfn.XLOOKUP($CL17,$BH$6:$BH$195, $BJ$6:$BJ$195, , -1), _xlpm.xp, _xlfn.XLOOKUP($CK17,$BH$6:$BH$195, BQ$6:BQ$195, , -1), _xlpm.xn, _xlfn.XLOOKUP($CL17,$BH$6:$BH$195, BQ$6:BQ$195, , -1), (_xlpm.r - _xlpm.rp)/(_xlpm.rn - _xlpm.rp)*(_xlpm.xn - _xlpm.xp) + _xlpm.xp ) -> 0.001611559 | CW17: =_xlfn.LET( _xlpm.r, $CO17, _xlpm.rp, _xlfn.XLOOKUP($CK17,$BH$6:$BH$195, $BJ$6:$BJ$195, , -1), _xlpm.rn, _xlfn.XLOOKUP($CL17,$BH$6:$BH$195, $BJ$6:$BJ$195, , -1), _xlpm.xp, _xlfn.XLOOKUP($CK17,$BH$6:$BH$195, BR$6:BR$195, , -1), _xlpm.xn, _xlfn.XLOOKUP($CL17,$BH$6:$BH$195, BR$6:BR$195, , -1), (_xlpm.r - _xlpm.rp)/(_xlpm.rn - _xlpm.rp)*(_xlpm.xn - _xlpm.xp) + _xlpm.xp ) -> -7.1384069e-05 | ... DI17: =_xlfn.LET( _xlpm.r, $CO17, _xlpm.rp, _xlfn.XLOOKUP($CK17,$BH$6:$BH$195, $BJ$6:$BJ$195, , -1), _xlpm.rn, _xlfn.XLOOKUP($CL17,$BH$6:$BH$195, $BJ$6:$BJ$195, , -1), _xlpm.xp, _xlfn.XLOOKUP($CK17,$BH$6:$BH$195, CD$6:CD$195, , -1), _xlpm.xn, _xlfn.XLOOKUP($CL17,$BH$6:$BH$195, CD$6:CD$195, , -1), (_xlpm.r - _xlpm.rp)/(_xlpm.rn - _xlpm.rp)*(_xlpm.xn - _xlpm.xp) + _xlpm.xp ) -> 1.0081
A18: =NASA!BI19 -> 0.70280449 | B18: =NASA!BJ19 -> 0.13843 | C18: =NASA!BK19 -> 0 | D18: =NASA!BL19 -> 1.0951591 | E18: =NASA!BM19 -> 1.42032 | F18: =NASA!BN19 -> 18860460 | G18: =NASA!BO19 -> 185.67701 | H18: =NASA!BP19 -> 0.0070866 | ... T18: =NASA!CB19 -> 13 | U18: =F18/ (2*(1+$U$3)) -> 7254022.9 | V18: 489681.41 | W18: 0.87 | X18: 0.77 | Z18: =C18 -> 0 | AA18: =J18 -> -0.0067056 | AB18: =K18 -> 0.0011938 | AC18: =H18 -> 0.0070866 | AD18: =I18 -> 0.0027432 | AE18: =L18 -> 0.004445 | AF18: =M18 -> 0.0022098 | AH18: =IF($AH$3=1, A18, 0) -> 0.70280449 | AI18: =RADIANS(AH18) -> 0.012266252 | AJ18: =AA18*COS($AI18) - AB18*SIN($AI18) -> -0.0067197386 | AK18: =AA18*SIN($AI18) + AB18*COS($AI18) -> 0.0011114597 | AL18: =AC18*COS($AI18) - AD18*SIN($AI18) -> 0.0070524189 | AM18: =AC18*SIN($AI18) + AD18*COS($AI18) -> 0.0028299175 | AN18: =AE18*COS($AI18) - AF18*SIN($AI18) -> 0.0044175603 | AO18: =AE18*SIN($AI18) + AF18*COS($AI18) -> 0.0022641559 | AR18: =G18 -> 185.67701 | AS18: {=W18 * _xlfn.IFS( $AT$4="P", $U18, $AT$4="A", $V18)} -> 426022.83 | AT18: {=X18 * _xlfn.IFS( $AT$4="P", $U18, $AT$4="A", $V18)} -> 377054.69 | AU18: =Q18 + (E18*AK18^2)*$AW$2 -> 1.7456804e-05 | AV18: =R18 + (E18*AJ18^2)*$AW$2 -> 0.0015098064 | AW18: =S18 + (E18*AJ18*AK18)*$AW$2 -> -2.8578786e-05 | AX18: =N18 + (F18*AO18^2)*$AW$2 -> 309.71264 | AY18: =O18 + (F18*AN18^2)*$AW$2 -> 7169.5196 | AZ18: =P18 + (F18*AN18*AO18)*$AW$2 -> 222.22 | BA18: =$F18*AO18 -> 42703.021 | BB18: =$F18*AN18 -> 83317.218 | BC18: =AS18*AM18 -> 1205.6094 | BD18: =AT18*AL18 -> 2659.1476 | BF18: =IF($BF$3=1, -A18, 0) -> -0.70280449 | BG18: =RADIANS(BF18) -> -0.012266252 | BH18: 13 | BI18: =SQRT( (BJ18-BJ17)^2 + (BK18-BK17)^2 + (BL18-BL17)^2 ) + BI17 -> 1.0951591 | BJ18: =D18 -> 1.0951591 | BK18: =C18 -> 0 | BL18: 0 | BM18: =E18 -> 1.42032 | BN18: =AJ18 -> -0.0067197386 | BO18: =AK18 -> 0.0011114597 | BP18: =0.5*($AU18+$AV18)+0.5*($AU18-$AV18)*COS(2*$BG18) + $AW18*SIN(2*$BG18) -> 1.8382372e-05 | BQ18: =0.5*($AU18+$AV18)-0.5*($AU18-$AV18)*COS(2*$BG18)-$AW18*SIN(2*$BG18) -> 0.0015088808 | BR18: =- 0.5*($AU18-$AV18)*SIN(2*$BG18) + $AW18*COS(2*$BG18) -> -4.6873887e-05 | BS18: =F18 -> 18860460 | BT18: =$BA18*COS($BG18) + $BB18*SIN($BG18) -> 41677.844 | BU18: =- $BA18*SIN($BG18) + $BB18*COS($BG18) -> 83834.743 | BV18: =0.5*($AX18+$AY18)+0.5*($AX18-$AY18)*COS(2*$BG18) + $AZ18*SIN(2*$BG18) -> 305.29365 | BW18: =0.5*($AX18+$AY18)-0.5*($AX18-$AY18)*COS(2*$BG18)-$AZ18*SIN(2*$BG18) -> 7173.9386 | BX18: =- 0.5*($AX18-$AY18)*SIN(2*$BG18) + $AZ18*COS(2*$BG18) -> 138.01745 | BY18: =AR18 -> 185.67701 | BZ18: =0.5*($AS18+$AT18)+0.5*($AS18-$AT18)*COS(2*$BG18) -> 426015.46 | CA18: =0.5*($AS18+$AT18)-0.5*($AS18-$AT18)*COS(2*$BG18) -> 377062.05 | CB18: =$BC18*COS($BG18) + $BD18*SIN($BG18) -> 1172.9018 | CC18: =- $BC18*SIN($BG18) + $BD18*COS($BG18) -> 2673.7355 | CD18: =BJ18 -> 1.0951591 | CF18: =$BS18*AF18 -> 41677.844 | CG18: =$BS18*AE18 -> 83834.743 | CH18: =BZ18*AD18 -> 1168.6456 | CI18: =CA18*AC18 -> 2672.0879 | CK18: =_xlfn.XLOOKUP(CO18,$BJ$6:$BJ$195,$BH$6:$BH$195, ,-1) -> 12 | CL18: =CK18+1 -> 13 | CN18: 13 | CO18: 1.092 | CP18: =_xlfn.LET( _xlpm.r, $CO18, _xlpm.rp, _xlfn.XLOOKUP($CK18,$BH$6:$BH$195, $BJ$6:$BJ$195, , -1), _xlpm.rn, _xlfn.XLOOKUP($CL18,$BH$6:$BH$195, $BJ$6:$BJ$195, , -1), _xlpm.xp, _xlfn.XLOOKUP($CK18,$BH$6:$BH$195, BK$6:BK$195, , -1), _xlpm.xn, _xlfn.XLOOKUP($CL18,$BH$6:$BH$195, BK$6:BK$195, , -1), (_xlpm.r - _xlpm.rp)/(_xlpm.rn - _xlpm.rp)*(_xlpm.xn - _xlpm.xp) + _xlpm.xp ) -> 0 | CQ18: =_xlfn.LET( _xlpm.r, $CO18, _xlpm.rp, _xlfn.XLOOKUP($CK18,$BH$6:$BH$195, $BJ$6:$BJ$195, , -1), _xlpm.rn, _xlfn.XLOOKUP($CL18,$BH$6:$BH$195, $BJ$6:$BJ$195, , -1), _xlpm.xp, _xlfn.XLOOKUP($CK18,$BH$6:$BH$195, BL$6:BL$195, , -1), _xlpm.xn, _xlfn.XLOOKUP($CL18,$BH$6:$BH$195, BL$6:BL$195, , -1), (_xlpm.r - _xlpm.rp)/(_xlpm.rn - _xlpm.rp)*(_xlpm.xn - _xlpm.xp) + _xlpm.xp ) -> 0 | CR18: =_xlfn.LET( _xlpm.r, $CO18, _xlpm.rp, _xlfn.XLOOKUP($CK18,$BH$6:$BH$195, $BJ$6:$BJ$195, , -1), _xlpm.rn, _xlfn.XLOOKUP($CL18,$BH$6:$BH$195, $BJ$6:$BJ$195, , -1), _xlpm.xp, _xlfn.XLOOKUP($CK18,$BH$6:$BH$195, BM$6:BM$195, , -1), _xlpm.xn, _xlfn.XLOOKUP($CL18,$BH$6:$BH$195, BM$6:BM$195, , -1), (_xlpm.r - _xlpm.rp)/(_xlpm.rn - _xlpm.rp)*(_xlpm.xn - _xlpm.xp) + _xlpm.xp ) -> 1.4180848 | CS18: =_xlfn.LET( _xlpm.r, $CO18, _xlpm.rp, _xlfn.XLOOKUP($CK18,$BH$6:$BH$195, $BJ$6:$BJ$195, , -1), _xlpm.rn, _xlfn.XLOOKUP($CL18,$BH$6:$BH$195, $BJ$6:$BJ$195, , -1), _xlpm.xp, _xlfn.XLOOKUP($CK18,$BH$6:$BH$195, BN$6:BN$195, , -1), _xlpm.xn, _xlfn.XLOOKUP($CL18,$BH$6:$BH$195, BN$6:BN$195, , -1), (_xlpm.r - _xlpm.rp)/(_xlpm.rn - _xlpm.rp)*(_xlpm.xn - _xlpm.xp) + _xlpm.xp ) -> -0.006476065 | CT18: =_xlfn.LET( _xlpm.r, $CO18, _xlpm.rp, _xlfn.XLOOKUP($CK18,$BH$6:$BH$195, $BJ$6:$BJ$195, , -1), _xlpm.rn, _xlfn.XLOOKUP($CL18,$BH$6:$BH$195, $BJ$6:$BJ$195, , -1), _xlpm.xp, _xlfn.XLOOKUP($CK18,$BH$6:$BH$195, BO$6:BO$195, , -1), _xlpm.xn, _xlfn.XLOOKUP($CL18,$BH$6:$BH$195, BO$6:BO$195, , -1), (_xlpm.r - _xlpm.rp)/(_xlpm.rn - _xlpm.rp)*(_xlpm.xn - _xlpm.xp) + _xlpm.xp ) -> 0.0011280761 | CU18: =_xlfn.LET( _xlpm.r, $CO18, _xlpm.rp, _xlfn.XLOOKUP($CK18,$BH$6:$BH$195, $BJ$6:$BJ$195, , -1), _xlpm.rn, _xlfn.XLOOKUP($CL18,$BH$6:$BH$195, $BJ$6:$BJ$195, , -1), _xlpm.xp, _xlfn.XLOOKUP($CK18,$BH$6:$BH$195, BP$6:BP$195, , -1), _xlpm.xn, _xlfn.XLOOKUP($CL18,$BH$6:$BH$195, BP$6:BP$195, , -1), (_xlpm.r - _xlpm.rp)/(_xlpm.rn - _xlpm.rp)*(_xlpm.xn - _xlpm.xp) + _xlpm.xp ) -> 1.8794008e-05 | CV18: =_xlfn.LET( _xlpm.r, $CO18, _xlpm.rp, _xlfn.XLOOKUP($CK18,$BH$6:$BH$195, $BJ$6:$BJ$195, , -1), _xlpm.rn, _xlfn.XLOOKUP($CL18,$BH$6:$BH$195, $BJ$6:$BJ$195, , -1), _xlpm.xp, _xlfn.XLOOKUP($CK18,$BH$6:$BH$195, BQ$6:BQ$195, , -1), _xlpm.xn, _xlfn.XLOOKUP($CL18,$BH$6:$BH$195, BQ$6:BQ$195, , -1), (_xlpm.r - _xlpm.rp)/(_xlpm.rn - _xlpm.rp)*(_xlpm.xn - _xlpm.xp) + _xlpm.xp ) -> 0.0015071895 | CW18: =_xlfn.LET( _xlpm.r, $CO18, _xlpm.rp, _xlfn.XLOOKUP($CK18,$BH$6:$BH$195, $BJ$6:$BJ$195, , -1), _xlpm.rn, _xlfn.XLOOKUP($CL18,$BH$6:$BH$195, $BJ$6:$BJ$195, , -1), _xlpm.xp, _xlfn.XLOOKUP($CK18,$BH$6:$BH$195, BR$6:BR$195, , -1), _xlpm.xn, _xlfn.XLOOKUP($CL18,$BH$6:$BH$195, BR$6:BR$195, , -1), (_xlpm.r - _xlpm.rp)/(_xlpm.rn - _xlpm.rp)*(_xlpm.xn - _xlpm.xp) + _xlpm.xp ) -> -4.697032e-05 | ... DI18: =_xlfn.LET( _xlpm.r, $CO18, _xlpm.rp, _xlfn.XLOOKUP($CK18,$BH$6:$BH$195, $BJ$6:$BJ$195, , -1), _xlpm.rn, _xlfn.XLOOKUP($CL18,$BH$6:$BH$195, $BJ$6:$BJ$195, , -1), _xlpm.xp, _xlfn.XLOOKUP($CK18,$BH$6:$BH$195, CD$6:CD$195, , -1), _xlpm.xn, _xlfn.XLOOKUP($CL18,$BH$6:$BH$195, CD$6:CD$195, , -1), (_xlpm.r - _xlpm.rp)/(_xlpm.rn - _xlpm.rp)*(_xlpm.xn - _xlpm.xp) + _xlpm.xp ) -> 1.092
A19: =NASA!BI20 -> 0.084028127 | B19: =NASA!BJ20 -> 0.13843 | C19: =NASA!BK20 -> 0 | D19: =NASA!BL20 -> 1.1694795 | E19: =NASA!BM20 -> 1.2341616 | F19: =NASA!BN20 -> 18860460 | G19: =NASA!BO20 -> 185.67701 | H19: =NASA!BP20 -> 0.0071374 | ... T19: =NASA!CB20 -> 14 | U19: =F19/ (2*(1+$U$3)) -> 7254022.9 | V19: 487533.41 | W19: 0.87 | X19: 0.77 | Z19: =C19 -> 0 | AA19: =J19 -> -0.000889 | AB19: =K19 -> 0.001651 | AC19: =H19 -> 0.0071374 | AD19: =I19 -> 0.0027432 | AE19: =L19 -> 0.0044704 | AF19: =M19 -> 0.0022098 | AH19: =IF($AH$3=1, A19, 0) -> 0.084028127 | AI19: =RADIANS(AH19) -> 0.0014665675 | AJ19: =AA19*COS($AI19) - AB19*SIN($AI19) -> -0.00089142035 | AK19: =AA19*SIN($AI19) + AB19*COS($AI19) -> 0.0016496944 | AL19: =AC19*COS($AI19) - AD19*SIN($AI19) -> 0.0071333692 | AM19: =AC19*SIN($AI19) + AD19*COS($AI19) -> 0.0027536645 | AN19: =AE19*COS($AI19) - AF19*SIN($AI19) -> 0.0044671544 | AO19: =AE19*SIN($AI19) + AF19*COS($AI19) -> 0.0022163538 | AR19: =G19 -> 185.67701 | AS19: {=W19 * _xlfn.IFS( $AT$4="P", $U19, $AT$4="A", $V19)} -> 424154.06 | AT19: {=X19 * _xlfn.IFS( $AT$4="P", $U19, $AT$4="A", $V19)} -> 375400.72 | AU19: =Q19 + (E19*AK19^2)*$AW$2 -> 1.7148248e-05 | AV19: =R19 + (E19*AJ19^2)*$AW$2 -> 0.0013621365 | AW19: =S19 + (E19*AJ19*AK19)*$AW$2 -> 1.1920754e-06 | AX19: =N19 + (F19*AO19^2)*$AW$2 -> 305.98021 | AY19: =O19 + (F19*AN19^2)*$AW$2 -> 7206.5282 | AZ19: =P19 + (F19*AN19*AO19)*$AW$2 -> 222.31924 | BA19: =$F19*AO19 -> 41801.451 | BB19: =$F19*AN19 -> 84252.585 | BC19: =AS19*AM19 -> 1167.978 | BD19: =AT19*AL19 -> 2677.872 | BF19: =IF($BF$3=1, -A19, 0) -> -0.084028127 | BG19: =RADIANS(BF19) -> -0.0014665675 | BH19: 14 | BI19: =SQRT( (BJ19-BJ18)^2 + (BK19-BK18)^2 + (BL19-BL18)^2 ) + BI18 -> 1.1694795 | BJ19: =D19 -> 1.1694795 | BK19: =C19 -> 0 | BL19: 0 | BM19: =E19 -> 1.2341616 | BN19: =AJ19 -> -0.00089142035 | BO19: =AK19 -> 0.0016496944 | BP19: =0.5*($AU19+$AV19)+0.5*($AU19-$AV19)*COS(2*$BG19) + $AW19*SIN(2*$BG19) -> 1.7147644e-05 | BQ19: =0.5*($AU19+$AV19)-0.5*($AU19-$AV19)*COS(2*$BG19)-$AW19*SIN(2*$BG19) -> 0.0013621371 | BR19: =- 0.5*($AU19-$AV19)*SIN(2*$BG19) + $AW19*COS(2*$BG19) -> -7.8044297e-07 | BS19: =F19 -> 18860460 | BT19: =$BA19*COS($BG19) + $BB19*SIN($BG19) -> 41677.844 | BU19: =- $BA19*SIN($BG19) + $BB19*COS($BG19) -> 84313.799 | BV19: =0.5*($AX19+$AY19)+0.5*($AX19-$AY19)*COS(2*$BG19) + $AZ19*SIN(2*$BG19) -> 305.34297 | BW19: =0.5*($AX19+$AY19)-0.5*($AX19-$AY19)*COS(2*$BG19)-$AZ19*SIN(2*$BG19) -> 7207.1654 | BX19: =- 0.5*($AX19-$AY19)*SIN(2*$BG19) + $AZ19*COS(2*$BG19) -> 212.19817 | BY19: =AR19 -> 185.67701 | BZ19: =0.5*($AS19+$AT19)+0.5*($AS19-$AT19)*COS(2*$BG19) -> 424153.96 | CA19: =0.5*($AS19+$AT19)-0.5*($AS19-$AT19)*COS(2*$BG19) -> 375400.83 | CB19: =$BC19*COS($BG19) + $BD19*SIN($BG19) -> 1164.0495 | CC19: =- $BC19*SIN($BG19) + $BD19*COS($BG19) -> 2679.582 | CD19: =BJ19 -> 1.1694795 | CF19: =$BS19*AF19 -> 41677.844 | CG19: =$BS19*AE19 -> 84313.799 | CH19: =BZ19*AD19 -> 1163.5391 | CI19: =CA19*AC19 -> 2679.3859 | CK19: =_xlfn.XLOOKUP(CO19,$BJ$6:$BJ$195,$BH$6:$BH$195, ,-1) -> 14 | CL19: =CK19+1 -> 15 | CN19: 14 | CO19: 1.1759 | CP19: =_xlfn.LET( _xlpm.r, $CO19, _xlpm.rp, _xlfn.XLOOKUP($CK19,$BH$6:$BH$195, $BJ$6:$BJ$195, , -1), _xlpm.rn, _xlfn.XLOOKUP($CL19,$BH$6:$BH$195, $BJ$6:$BJ$195, , -1), _xlpm.xp, _xlfn.XLOOKUP($CK19,$BH$6:$BH$195, BK$6:BK$195, , -1), _xlpm.xn, _xlfn.XLOOKUP($CL19,$BH$6:$BH$195, BK$6:BK$195, , -1), (_xlpm.r - _xlpm.rp)/(_xlpm.rn - _xlpm.rp)*(_xlpm.xn - _xlpm.xp) + _xlpm.xp ) -> 0 | CQ19: =_xlfn.LET( _xlpm.r, $CO19, _xlpm.rp, _xlfn.XLOOKUP($CK19,$BH$6:$BH$195, $BJ$6:$BJ$195, , -1), _xlpm.rn, _xlfn.XLOOKUP($CL19,$BH$6:$BH$195, $BJ$6:$BJ$195, , -1), _xlpm.xp, _xlfn.XLOOKUP($CK19,$BH$6:$BH$195, BL$6:BL$195, , -1), _xlpm.xn, _xlfn.XLOOKUP($CL19,$BH$6:$BH$195, BL$6:BL$195, , -1), (_xlpm.r - _xlpm.rp)/(_xlpm.rn - _xlpm.rp)*(_xlpm.xn - _xlpm.xp) + _xlpm.xp ) -> 0 | CR19: =_xlfn.LET( _xlpm.r, $CO19, _xlpm.rp, _xlfn.XLOOKUP($CK19,$BH$6:$BH$195, $BJ$6:$BJ$195, , -1), _xlpm.rn, _xlfn.XLOOKUP($CL19,$BH$6:$BH$195, $BJ$6:$BJ$195, , -1), _xlpm.xp, _xlfn.XLOOKUP($CK19,$BH$6:$BH$195, BM$6:BM$195, , -1), _xlpm.xn, _xlfn.XLOOKUP($CL19,$BH$6:$BH$195, BM$6:BM$195, , -1), (_xlpm.r - _xlpm.rp)/(_xlpm.rn - _xlpm.rp)*(_xlpm.xn - _xlpm.xp) + _xlpm.xp ) -> 1.2236784 | CS19: =_xlfn.LET( _xlpm.r, $CO19, _xlpm.rp, _xlfn.XLOOKUP($CK19,$BH$6:$BH$195, $BJ$6:$BJ$195, , -1), _xlpm.rn, _xlfn.XLOOKUP($CL19,$BH$6:$BH$195, $BJ$6:$BJ$195, , -1), _xlpm.xp, _xlfn.XLOOKUP($CK19,$BH$6:$BH$195, BN$6:BN$195, , -1), _xlpm.xn, _xlfn.XLOOKUP($CL19,$BH$6:$BH$195, BN$6:BN$195, , -1), (_xlpm.r - _xlpm.rp)/(_xlpm.rn - _xlpm.rp)*(_xlpm.xn - _xlpm.xp) + _xlpm.xp ) -> 1.773414e-05 | CT19: =_xlfn.LET( _xlpm.r, $CO19, _xlpm.rp, _xlfn.XLOOKUP($CK19,$BH$6:$BH$195, $BJ$6:$BJ$195, , -1), _xlpm.rn, _xlfn.XLOOKUP($CL19,$BH$6:$BH$195, $BJ$6:$BJ$195, , -1), _xlpm.xp, _xlfn.XLOOKUP($CK19,$BH$6:$BH$195, BO$6:BO$195, , -1), _xlpm.xn, _xlfn.XLOOKUP($CL19,$BH$6:$BH$195, BO$6:BO$195, , -1), (_xlpm.r - _xlpm.rp)/(_xlpm.rn - _xlpm.rp)*(_xlpm.xn - _xlpm.xp) + _xlpm.xp ) -> 0.0014190251 | CU19: =_xlfn.LET( _xlpm.r, $CO19, _xlpm.rp, _xlfn.XLOOKUP($CK19,$BH$6:$BH$195, $BJ$6:$BJ$195, , -1), _xlpm.rn, _xlfn.XLOOKUP($CL19,$BH$6:$BH$195, $BJ$6:$BJ$195, , -1), _xlpm.xp, _xlfn.XLOOKUP($CK19,$BH$6:$BH$195, BP$6:BP$195, , -1), _xlpm.xn, _xlfn.XLOOKUP($CL19,$BH$6:$BH$195, BP$6:BP$195, , -1), (_xlpm.r - _xlpm.rp)/(_xlpm.rn - _xlpm.rp)*(_xlpm.xn - _xlpm.xp) + _xlpm.xp ) -> 1.8245418e-05 | CV19: =_xlfn.LET( _xlpm.r, $CO19, _xlpm.rp, _xlfn.XLOOKUP($CK19,$BH$6:$BH$195, $BJ$6:$BJ$195, , -1), _xlpm.rn, _xlfn.XLOOKUP($CL19,$BH$6:$BH$195, $BJ$6:$BJ$195, , -1), _xlpm.xp, _xlfn.XLOOKUP($CK19,$BH$6:$BH$195, BQ$6:BQ$195, , -1), _xlpm.xn, _xlfn.XLOOKUP($CL19,$BH$6:$BH$195, BQ$6:BQ$195, , -1), (_xlpm.r - _xlpm.rp)/(_xlpm.rn - _xlpm.rp)*(_xlpm.xn - _xlpm.xp) + _xlpm.xp ) -> 0.0013411793 | CW19: =_xlfn.LET( _xlpm.r, $CO19, _xlpm.rp, _xlfn.XLOOKUP($CK19,$BH$6:$BH$195, $BJ$6:$BJ$195, , -1), _xlpm.rn, _xlfn.XLOOKUP($CL19,$BH$6:$BH$195, $BJ$6:$BJ$195, , -1), _xlpm.xp, _xlfn.XLOOKUP($CK19,$BH$6:$BH$195, BR$6:BR$195, , -1), _xlpm.xn, _xlfn.XLOOKUP($CL19,$BH$6:$BH$195, BR$6:BR$195, , -1), (_xlpm.r - _xlpm.rp)/(_xlpm.rn - _xlpm.rp)*(_xlpm.xn - _xlpm.xp) + _xlpm.xp ) -> -1.6717835e-05 | ... DI19: =_xlfn.LET( _xlpm.r, $CO19, _xlpm.rp, _xlfn.XLOOKUP($CK19,$BH$6:$BH$195, $BJ$6:$BJ$195, , -1), _xlpm.rn, _xlfn.XLOOKUP($CL19,$BH$6:$BH$195, $BJ$6:$BJ$195, , -1), _xlpm.xp, _xlfn.XLOOKUP($CK19,$BH$6:$BH$195, CD$6:CD$195, , -1), _xlpm.xn, _xlfn.XLOOKUP($CL19,$BH$6:$BH$195, CD$6:CD$195, , -1), (_xlpm.r - _xlpm.rp)/(_xlpm.rn - _xlpm.rp)*(_xlpm.xn - _xlpm.xp) + _xlpm.xp ) -> 1.1759
... A23: =NASA!BI24 -> -2.4457172 | B23: =NASA!BJ24 -> 0.13843 | C23: =NASA!BK24 -> 0 | D23: =NASA!BL24 -> 1.4735175 | E23: =NASA!BM24 -> 1.1790035 | F23: =NASA!BN24 -> 13833969 | G23: =NASA!BO24 -> 78.34594 | H23: =NASA!BP24 -> 0.0080518 | ... T23: =NASA!CB24 -> 18 | U23: =F23/ (2*(1+$U$3)) -> 5320757.4 | V23: 195085.91 | W23: 0.87 | X23: 0.77 | Z23: =C23 -> 0 | AA23: =J23 -> -0.0023876 | AB23: =K23 -> 0.0009652 | AC23: =H23 -> 0.0080518 | AD23: =I23 -> 0.001524 | AE23: =L23 -> 0.0066294 | AF23: =M23 -> 0.000889 | AH23: =IF($AH$3=1, A23, 0) -> -2.4457172 | AI23: =RADIANS(AH23) -> -0.042685817 | AJ23: =AA23*COS($AI23) - AB23*SIN($AI23) -> -0.0023442373 | AK23: =AA23*SIN($AI23) + AB23*COS($AI23) -> 0.0010662065 | AL23: =AC23*COS($AI23) - AD23*SIN($AI23) -> 0.008109499 | AM23: =AC23*SIN($AI23) + AD23*COS($AI23) -> 0.0011790185 | AN23: =AE23*COS($AI23) - AF23*SIN($AI23) -> 0.0066612974 | AO23: =AE23*SIN($AI23) + AF23*COS($AI23) -> 0.00060529478 | AR23: =G23 -> 78.34594 | AS23: {=W23 * _xlfn.IFS( $AT$4="P", $U23, $AT$4="A", $V23)} -> 169724.74 | AT23: {=X23 * _xlfn.IFS( $AT$4="P", $U23, $AT$4="A", $V23)} -> 150216.15 | AU23: =Q23 + (E23*AK23^2)*$AW$2 -> 7.6567615e-06 | AV23: =R23 + (E23*AJ23^2)*$AW$2 -> 0.0012519812 | AW23: =S23 + (E23*AJ23*AK23)*$AW$2 -> 9.5971352e-06 | AX23: =N23 + (F23*AO23^2)*$AW$2 -> 74.512289 | AY23: =O23 + (F23*AN23^2)*$AW$2 -> 6066.501 | AZ23: =P23 + (F23*AN23*AO23)*$AW$2 -> 78.221187 | BA23: =$F23*AO23 -> 8373.6294 | BB23: =$F23*AN23 -> 92152.184 | BC23: =AS23*AM23 -> 200.10861 | BD23: =AT23*AL23 -> 1218.1777 | BF23: =IF($BF$3=1, -A23, 0) -> 2.4457172 | BG23: =RADIANS(BF23) -> 0.042685817 | BH23: 18 | BI23: =SQRT( (BJ23-BJ22)^2 + (BK23-BK22)^2 + (BL23-BL22)^2 ) + BI22 -> 1.4735175 | BJ23: =D23 -> 1.4735175 | BK23: =C23 -> 0 | BL23: 0 | BM23: =E23 -> 1.1790035 | BN23: =AJ23 -> -0.0023442373 | BO23: =AK23 -> 0.0010662065 | BP23: =0.5*($AU23+$AV23)+0.5*($AU23-$AV23)*COS(2*$BG23) + $AW23*SIN(2*$BG23) -> 1.074097e-05 | BQ23: =0.5*($AU23+$AV23)-0.5*($AU23-$AV23)*COS(2*$BG23)-$AW23*SIN(2*$BG23) -> 0.001248897 | BR23: =- 0.5*($AU23-$AV23)*SIN(2*$BG23) + $AW23*COS(2*$BG23) -> 6.2612692e-05 | BS23: =F23 -> 13833969 | BT23: =$BA23*COS($BG23) + $BB23*SIN($BG23) -> 12298.399 | BU23: =- $BA23*SIN($BG23) + $BB23*COS($BG23) -> 91710.916 | BV23: =0.5*($AX23+$AY23)+0.5*($AX23-$AY23)*COS(2*$BG23) + $AZ23*SIN(2*$BG23) -> 92.093298 | BW23: =0.5*($AX23+$AY23)-0.5*($AX23-$AY23)*COS(2*$BG23)-$AZ23*SIN(2*$BG23) -> 6048.9199 | BX23: =- 0.5*($AX23-$AY23)*SIN(2*$BG23) + $AZ23*COS(2*$BG23) -> 333.39866 | BY23: =AR23 -> 78.34594 | BZ23: =0.5*($AS23+$AT23)+0.5*($AS23-$AT23)*COS(2*$BG23) -> 169689.21 | CA23: =0.5*($AS23+$AT23)-0.5*($AS23-$AT23)*COS(2*$BG23) -> 150251.67 | CB23: =$BC23*COS($BG23) + $BD23*SIN($BG23) -> 251.90945 | CC23: =- $BC23*SIN($BG23) + $BD23*COS($BG23) -> 1208.5289 | CD23: =BJ23 -> 1.4735175 | CF23: =$BS23*AF23 -> 12298.399 | CG23: =$BS23*AE23 -> 91710.916 | CH23: =BZ23*AD23 -> 258.60636 | CI23: =CA23*AC23 -> 1209.7964 | CK23: =_xlfn.XLOOKUP(CO23,$BJ$6:$BJ$195,$BH$6:$BH$195, ,-1) -> 20 | CL23: =CK23+1 -> 21 | CN23: 18 | CO23: 1.482 | CP23: =_xlfn.LET( _xlpm.r, $CO23, _xlpm.rp, _xlfn.XLOOKUP($CK23,$BH$6:$BH$195, $BJ$6:$BJ$195, , -1), _xlpm.rn, _xlfn.XLOOKUP($CL23,$BH$6:$BH$195, $BJ$6:$BJ$195, , -1), _xlpm.xp, _xlfn.XLOOKUP($CK23,$BH$6:$BH$195, BK$6:BK$195, , -1), _xlpm.xn, _xlfn.XLOOKUP($CL23,$BH$6:$BH$195, BK$6:BK$195, , -1), (_xlpm.r - _xlpm.rp)/(_xlpm.rn - _xlpm.rp)*(_xlpm.xn - _xlpm.xp) + _xlpm.xp ) -> 0 | CQ23: =_xlfn.LET( _xlpm.r, $CO23, _xlpm.rp, _xlfn.XLOOKUP($CK23,$BH$6:$BH$195, $BJ$6:$BJ$195, , -1), _xlpm.rn, _xlfn.XLOOKUP($CL23,$BH$6:$BH$195, $BJ$6:$BJ$195, , -1), _xlpm.xp, _xlfn.XLOOKUP($CK23,$BH$6:$BH$195, BL$6:BL$195, , -1), _xlpm.xn, _xlfn.XLOOKUP($CL23,$BH$6:$BH$195, BL$6:BL$195, , -1), (_xlpm.r - _xlpm.rp)/(_xlpm.rn - _xlpm.rp)*(_xlpm.xn - _xlpm.xp) + _xlpm.xp ) -> 0 | CR23: =_xlfn.LET( _xlpm.r, $CO23, _xlpm.rp, _xlfn.XLOOKUP($CK23,$BH$6:$BH$195, $BJ$6:$BJ$195, , -1), _xlpm.rn, _xlfn.XLOOKUP($CL23,$BH$6:$BH$195, $BJ$6:$BJ$195, , -1), _xlpm.xp, _xlfn.XLOOKUP($CK23,$BH$6:$BH$195, BM$6:BM$195, , -1), _xlpm.xn, _xlfn.XLOOKUP($CL23,$BH$6:$BH$195, BM$6:BM$195, , -1), (_xlpm.r - _xlpm.rp)/(_xlpm.rn - _xlpm.rp)*(_xlpm.xn - _xlpm.xp) + _xlpm.xp ) -> 1.2000402 | CS23: =_xlfn.LET( _xlpm.r, $CO23, _xlpm.rp, _xlfn.XLOOKUP($CK23,$BH$6:$BH$195, $BJ$6:$BJ$195, , -1), _xlpm.rn, _xlfn.XLOOKUP($CL23,$BH$6:$BH$195, $BJ$6:$BJ$195, , -1), _xlpm.xp, _xlfn.XLOOKUP($CK23,$BH$6:$BH$195, BN$6:BN$195, , -1), _xlpm.xn, _xlfn.XLOOKUP($CL23,$BH$6:$BH$195, BN$6:BN$195, , -1), (_xlpm.r - _xlpm.rp)/(_xlpm.rn - _xlpm.rp)*(_xlpm.xn - _xlpm.xp) + _xlpm.xp ) -> -0.0017425581 | CT23: =_xlfn.LET( _xlpm.r, $CO23, _xlpm.rp, _xlfn.XLOOKUP($CK23,$BH$6:$BH$195, $BJ$6:$BJ$195, , -1), _xlpm.rn, _xlfn.XLOOKUP($CL23,$BH$6:$BH$195, $BJ$6:$BJ$195, , -1), _xlpm.xp, _xlfn.XLOOKUP($CK23,$BH$6:$BH$195, BO$6:BO$195, , -1), _xlpm.xn, _xlfn.XLOOKUP($CL23,$BH$6:$BH$195, BO$6:BO$195, , -1), (_xlpm.r - _xlpm.rp)/(_xlpm.rn - _xlpm.rp)*(_xlpm.xn - _xlpm.xp) + _xlpm.xp ) -> 0.00053503309 | CU23: =_xlfn.LET( _xlpm.r, $CO23, _xlpm.rp, _xlfn.XLOOKUP($CK23,$BH$6:$BH$195, $BJ$6:$BJ$195, , -1), _xlpm.rn, _xlfn.XLOOKUP($CL23,$BH$6:$BH$195, $BJ$6:$BJ$195, , -1), _xlpm.xp, _xlfn.XLOOKUP($CK23,$BH$6:$BH$195, BP$6:BP$195, , -1), _xlpm.xn, _xlfn.XLOOKUP($CL23,$BH$6:$BH$195, BP$6:BP$195, , -1), (_xlpm.r - _xlpm.rp)/(_xlpm.rn - _xlpm.rp)*(_xlpm.xn - _xlpm.xp) + _xlpm.xp ) -> 8.7090801e-06 | CV23: =_xlfn.LET( _xlpm.r, $CO23, _xlpm.rp, _xlfn.XLOOKUP($CK23,$BH$6:$BH$195, $BJ$6:$BJ$195, , -1), _xlpm.rn, _xlfn.XLOOKUP($CL23,$BH$6:$BH$195, $BJ$6:$BJ$195, , -1), _xlpm.xp, _xlfn.XLOOKUP($CK23,$BH$6:$BH$195, BQ$6:BQ$195, , -1), _xlpm.xn, _xlfn.XLOOKUP($CL23,$BH$6:$BH$195, BQ$6:BQ$195, , -1), (_xlpm.r - _xlpm.rp)/(_xlpm.rn - _xlpm.rp)*(_xlpm.xn - _xlpm.xp) + _xlpm.xp ) -> 0.0012623429 | CW23: =_xlfn.LET( _xlpm.r, $CO23, _xlpm.rp, _xlfn.XLOOKUP($CK23,$BH$6:$BH$195, $BJ$6:$BJ$195, , -1), _xlpm.rn, _xlfn.XLOOKUP($CL23,$BH$6:$BH$195, $BJ$6:$BJ$195, , -1), _xlpm.xp, _xlfn.XLOOKUP($CK23,$BH$6:$BH$195, BR$6:BR$195, , -1), _xlpm.xn, _xlfn.XLOOKUP($CL23,$BH$6:$BH$195, BR$6:BR$195, , -1), (_xlpm.r - _xlpm.rp)/(_xlpm.rn - _xlpm.rp)*(_xlpm.xn - _xlpm.xp) + _xlpm.xp ) -> 4.1223938e-05 | ... DI23: =_xlfn.LET( _xlpm.r, $CO23, _xlpm.rp, _xlfn.XLOOKUP($CK23,$BH$6:$BH$195, $BJ$6:$BJ$195, , -1), _xlpm.rn, _xlfn.XLOOKUP($CL23,$BH$6:$BH$195, $BJ$6:$BJ$195, , -1), _xlpm.xp, _xlfn.XLOOKUP($CK23,$BH$6:$BH$195, CD$6:CD$195, , -1), _xlpm.xn, _xlfn.XLOOKUP($CL23,$BH$6:$BH$195, CD$6:CD$195, , -1), (_xlpm.r - _xlpm.rp)/(_xlpm.rn - _xlpm.rp)*(_xlpm.xn - _xlpm.xp) + _xlpm.xp ) -> 1.482
A24: =NASA!BI25 -> -2.3755065 | B24: =NASA!BJ25 -> 0.13843 | C24: =NASA!BK25 -> 0 | D24: =NASA!BL25 -> 1.465072 | E24: =NASA!BM25 -> 1.2686353 | F24: =NASA!BN25 -> 13922934 | G24: =NASA!BO25 -> 78.919903 | H24: =NASA!BP25 -> 0.0082042 | ... T24: =NASA!CB25 -> 19 | U24: =F24/ (2*(1+$U$3)) -> 5354974.5 | V24: 194789.16 | W24: 0.87 | X24: 0.77 | Z24: =C24 -> 0 | AA24: =J24 -> 0.000635 | AB24: =K24 -> 0.0007366 | AC24: =H24 -> 0.0082042 | AD24: =I24 -> 0.001397 | AE24: =L24 -> 0.0067818 | AF24: =M24 -> 0.0008636 | AH24: =IF($AH$3=1, A24, 0) -> -2.3755065 | AI24: =RADIANS(AH24) -> -0.04146041 | AJ24: =AA24*COS($AI24) - AB24*SIN($AI24) -> 0.0006649853 | AK24: =AA24*SIN($AI24) + AB24*COS($AI24) -> 0.00070964718 | AL24: =AC24*COS($AI24) - AD24*SIN($AI24) -> 0.0082550532 | AM24: =AC24*SIN($AI24) + AD24*COS($AI24) -> 0.0010557474 | AN24: =AE24*COS($AI24) - AF24*SIN($AI24) -> 0.0068117669 | AO24: =AE24*SIN($AI24) + AF24*COS($AI24) -> 0.0005817622 | AR24: =G24 -> 78.919903 | AS24: {=W24 * _xlfn.IFS( $AT$4="P", $U24, $AT$4="A", $V24)} -> 169466.57 | AT24: {=X24 * _xlfn.IFS( $AT$4="P", $U24, $AT$4="A", $V24)} -> 149987.65 | AU24: =Q24 + (E24*AK24^2)*$AW$2 -> 7.9784493e-06 | AV24: =R24 + (E24*AJ24^2)*$AW$2 -> 0.0014328884 | AW24: =S24 + (E24*AJ24*AK24)*$AW$2 -> 2.4129768e-05 | AX24: =N24 + (F24*AO24^2)*$AW$2 -> 74.813141 | AY24: =O24 + (F24*AN24^2)*$AW$2 -> 6184.7688 | AZ24: =P24 + (F24*AN24*AO24)*$AW$2 -> 83.212287 | BA24: =$F24*AO24 -> 8099.8365 | BB24: =$F24*AN24 -> 94839.779 | BC24: =AS24*AM24 -> 178.91389 | BD24: =AT24*AL24 -> 1238.1561 | BF24: =IF($BF$3=1, -A24, 0) -> 2.3755065 | BG24: =RADIANS(BF24) -> 0.04146041 | BH24: 19 | BI24: =SQRT( (BJ24-BJ23)^2 + (BK24-BK23)^2 + (BL24-BL23)^2 ) + BI23 -> 1.481963 | BJ24: =D24 -> 1.465072 | BK24: =C24 -> 0 | BL24: 0 | BM24: =E24 -> 1.2686353 | BN24: =AJ24 -> 0.0006649853 | BO24: =AK24 -> 0.00070964718 | BP24: =0.5*($AU24+$AV24)+0.5*($AU24-$AV24)*COS(2*$BG24) + $AW24*SIN(2*$BG24) -> 1.2424985e-05 | BQ24: =0.5*($AU24+$AV24)-0.5*($AU24-$AV24)*COS(2*$BG24)-$AW24*SIN(2*$BG24) -> 0.0014284418 | BR24: =- 0.5*($AU24-$AV24)*SIN(2*$BG24) + $AW24*COS(2*$BG24) -> 8.305653e-05 | BS24: =F24 -> 13922934 | BT24: =$BA24*COS($BG24) + $BB24*SIN($BG24) -> 12023.846 | BU24: =- $BA24*SIN($BG24) + $BB24*COS($BG24) -> 94422.551 | BV24: =0.5*($AX24+$AY24)+0.5*($AX24-$AY24)*COS(2*$BG24) + $AZ24*SIN(2*$BG24) -> 92.202055 | BW24: =0.5*($AX24+$AY24)-0.5*($AX24-$AY24)*COS(2*$BG24)-$AZ24*SIN(2*$BG24) -> 6167.3798 | BX24: =- 0.5*($AX24-$AY24)*SIN(2*$BG24) + $AZ24*COS(2*$BG24) -> 335.95744 | BY24: =AR24 -> 78.919903 | BZ24: =0.5*($AS24+$AT24)+0.5*($AS24-$AT24)*COS(2*$BG24) -> 169433.1 | CA24: =0.5*($AS24+$AT24)-0.5*($AS24-$AT24)*COS(2*$BG24) -> 150021.12 | CB24: =$BC24*COS($BG24) + $BD24*SIN($BG24) -> 230.07989 | CC24: =- $BC24*SIN($BG24) + $BD24*COS($BG24) -> 1229.6763 | CD24: =BJ24 -> 1.465072 | CF24: =$BS24*AF24 -> 12023.846 | CG24: =$BS24*AE24 -> 94422.551 | CH24: =BZ24*AD24 -> 236.69805 | CI24: =CA24*AC24 -> 1230.8032 | CK24: =_xlfn.XLOOKUP(CO24,$BJ$6:$BJ$195,$BH$6:$BH$195, ,-1) -> 21 | CL24: =CK24+1 -> 22 | CN24: 19 | CO24: 1.5161 | CP24: 0 | CQ24: =_xlfn.LET( _xlpm.r, $CO24, _xlpm.rp, _xlfn.XLOOKUP($CK24,$BH$6:$BH$195, $BJ$6:$BJ$195, , -1), _xlpm.rn, _xlfn.XLOOKUP($CL24,$BH$6:$BH$195, $BJ$6:$BJ$195, , -1), _xlpm.xp, _xlfn.XLOOKUP($CK24,$BH$6:$BH$195, BL$6:BL$195, , -1), _xlpm.xn, _xlfn.XLOOKUP($CL24,$BH$6:$BH$195, BL$6:BL$195, , -1), (_xlpm.r - _xlpm.rp)/(_xlpm.rn - _xlpm.rp)*(_xlpm.xn - _xlpm.xp) + _xlpm.xp ) -> 0 | CR24: =_xlfn.LET( _xlpm.r, $CO24, _xlpm.rp, _xlfn.XLOOKUP($CK24,$BH$6:$BH$195, $BJ$6:$BJ$195, , -1), _xlpm.rn, _xlfn.XLOOKUP($CL24,$BH$6:$BH$195, $BJ$6:$BJ$195, , -1), _xlpm.xp, _xlfn.XLOOKUP($CK24,$BH$6:$BH$195, BM$6:BM$195, , -1), _xlpm.xn, _xlfn.XLOOKUP($CL24,$BH$6:$BH$195, BM$6:BM$195, , -1), (_xlpm.r - _xlpm.rp)/(_xlpm.rn - _xlpm.rp)*(_xlpm.xn - _xlpm.xp) + _xlpm.xp ) -> 1.0598027 | CS24: =_xlfn.LET( _xlpm.r, $CO24, _xlpm.rp, _xlfn.XLOOKUP($CK24,$BH$6:$BH$195, $BJ$6:$BJ$195, , -1), _xlpm.rn, _xlfn.XLOOKUP($CL24,$BH$6:$BH$195, $BJ$6:$BJ$195, , -1), _xlpm.xp, _xlfn.XLOOKUP($CK24,$BH$6:$BH$195, BN$6:BN$195, , -1), _xlpm.xn, _xlfn.XLOOKUP($CL24,$BH$6:$BH$195, BN$6:BN$195, , -1), (_xlpm.r - _xlpm.rp)/(_xlpm.rn - _xlpm.rp)*(_xlpm.xn - _xlpm.xp) + _xlpm.xp ) -> 0.0039091938 | CT24: =_xlfn.LET( _xlpm.r, $CO24, _xlpm.rp, _xlfn.XLOOKUP($CK24,$BH$6:$BH$195, $BJ$6:$BJ$195, , -1), _xlpm.rn, _xlfn.XLOOKUP($CL24,$BH$6:$BH$195, $BJ$6:$BJ$195, , -1), _xlpm.xp, _xlfn.XLOOKUP($CK24,$BH$6:$BH$195, BO$6:BO$195, , -1), _xlpm.xn, _xlfn.XLOOKUP($CL24,$BH$6:$BH$195, BO$6:BO$195, , -1), (_xlpm.r - _xlpm.rp)/(_xlpm.rn - _xlpm.rp)*(_xlpm.xn - _xlpm.xp) + _xlpm.xp ) -> 0.00043307636 | CU24: =_xlfn.LET( _xlpm.r, $CO24, _xlpm.rp, _xlfn.XLOOKUP($CK24,$BH$6:$BH$195, $BJ$6:$BJ$195, , -1), _xlpm.rn, _xlfn.XLOOKUP($CL24,$BH$6:$BH$195, $BJ$6:$BJ$195, , -1), _xlpm.xp, _xlfn.XLOOKUP($CK24,$BH$6:$BH$195, BP$6:BP$195, , -1), _xlpm.xn, _xlfn.XLOOKUP($CL24,$BH$6:$BH$195, BP$6:BP$195, , -1), (_xlpm.r - _xlpm.rp)/(_xlpm.rn - _xlpm.rp)*(_xlpm.xn - _xlpm.xp) + _xlpm.xp ) -> 7.925436e-06 | CV24: =_xlfn.LET( _xlpm.r, $CO24, _xlpm.rp, _xlfn.XLOOKUP($CK24,$BH$6:$BH$195, $BJ$6:$BJ$195, , -1), _xlpm.rn, _xlfn.XLOOKUP($CL24,$BH$6:$BH$195, $BJ$6:$BJ$195, , -1), _xlpm.xp, _xlfn.XLOOKUP($CK24,$BH$6:$BH$195, BQ$6:BQ$195, , -1), _xlpm.xn, _xlfn.XLOOKUP($CL24,$BH$6:$BH$195, BQ$6:BQ$195, , -1), (_xlpm.r - _xlpm.rp)/(_xlpm.rn - _xlpm.rp)*(_xlpm.xn - _xlpm.xp) + _xlpm.xp ) -> 0.0012016793 | CW24: =_xlfn.LET( _xlpm.r, $CO24, _xlpm.rp, _xlfn.XLOOKUP($CK24,$BH$6:$BH$195, $BJ$6:$BJ$195, , -1), _xlpm.rn, _xlfn.XLOOKUP($CL24,$BH$6:$BH$195, $BJ$6:$BJ$195, , -1), _xlpm.xp, _xlfn.XLOOKUP($CK24,$BH$6:$BH$195, BR$6:BR$195, , -1), _xlpm.xn, _xlfn.XLOOKUP($CL24,$BH$6:$BH$195, BR$6:BR$195, , -1), (_xlpm.r - _xlpm.rp)/(_xlpm.rn - _xlpm.rp)*(_xlpm.xn - _xlpm.xp) + _xlpm.xp ) -> 3.9656575e-05 | CX24: =_xlfn.LET( _xlpm.r, $CO24, _xlpm.rp, _xlfn.XLOOKUP($CK24,$BH$6:$BH$195, $BJ$6:$BJ$195, , -1), _xlpm.rn, _xlfn.XLOOKUP($CL24,$BH$6:$BH$195, $BJ$6:$BJ$195, , -1), _xlpm.xp, _xlfn.XLOOKUP($CK24,$BH$6:$BH$195, BS$6:BS$195, , -1), _xlpm.xn, _xlfn.XLOOKUP($CL24,$BH$6:$BH$195, BS$6:BS$195, , -1), (_xlpm.r - _xlpm.rp)/(_xlpm.rn - _xlpm.rp)*(_xlpm.xn - _xlpm.xp) + _xlpm.xp ) -> 11769112 | ... DI24: =_xlfn.LET( _xlpm.r, $CO24, _xlpm.rp, _xlfn.XLOOKUP($CK24,$BH$6:$BH$195, $BJ$6:$BJ$195, , -1), _xlpm.rn, _xlfn.XLOOKUP($CL24,$BH$6:$BH$195, $BJ$6:$BJ$195, , -1), _xlpm.xp, _xlfn.XLOOKUP($CK24,$BH$6:$BH$195, CD$6:CD$195, , -1), _xlpm.xn, _xlfn.XLOOKUP($CL24,$BH$6:$BH$195, CD$6:CD$195, , -1), (_xlpm.r - _xlpm.rp)/(_xlpm.rn - _xlpm.rp)*(_xlpm.xn - _xlpm.xp) + _xlpm.xp ) -> 1.5161
A25: =NASA!BI26 -> -2.5159278 | B25: =NASA!BJ26 -> 0.13843 | C25: =NASA!BK26 -> 0 | D25: =NASA!BL26 -> 1.481963 | E25: =NASA!BM26 -> 1.1996878 | F25: =NASA!BN26 -> 13878451 | G25: =NASA!BO26 -> 79.206885 | H25: =NASA!BP26 -> 0.0083312 | ... T25: =NASA!CB26 -> 20 | U25: =F25/ (2*(1+$U$3)) -> 5337865.9 | V25: 197404.42 | W25: 0.87 | X25: 0.77 | Z25: =C25 -> 0 | AA25: =J25 -> -0.001778 | AB25: =K25 -> 0.0004572 | AC25: =H25 -> 0.0083312 | AD25: =I25 -> 0.0015494 | AE25: =L25 -> 0.0066294 | AF25: =M25 -> 0.000889 | AH25: =IF($AH$3=1, A25, 0) -> -2.5159278 | AI25: =RADIANS(AH25) -> -0.043911224 | AJ25: =AA25*COS($AI25) - AB25*SIN($AI25) -> -0.0017562163 | AK25: =AA25*SIN($AI25) + AB25*COS($AI25) -> 0.00053480835 | AL25: =AC25*COS($AI25) - AD25*SIN($AI25) -> 0.0083911834 | AM25: =AC25*SIN($AI25) + AD25*COS($AI25) -> 0.0011821908 | AN25: =AE25*COS($AI25) - AF25*SIN($AI25) -> 0.0066620342 | AO25: =AE25*SIN($AI25) + AF25*COS($AI25) -> 0.00059713153 | AR25: =G25 -> 79.206885 | AS25: {=W25 * _xlfn.IFS( $AT$4="P", $U25, $AT$4="A", $V25)} -> 171741.85 | AT25: {=X25 * _xlfn.IFS( $AT$4="P", $U25, $AT$4="A", $V25)} -> 152001.4 | AU25: =Q25 + (E25*AK25^2)*$AW$2 -> 7.5047715e-06 | AV25: =R25 + (E25*AJ25^2)*$AW$2 -> 0.0012625469 | AW25: =S25 + (E25*AJ25*AK25)*$AW$2 -> -1.389319e-05 | AX25: =N25 + (F25*AO25^2)*$AW$2 -> 74.664992 | AY25: =O25 + (F25*AN25^2)*$AW$2 -> 6068.611 | AZ25: =P25 + (F25*AN25*AO25)*$AW$2 -> 76.417946 | BA25: =$F25*AO25 -> 8287.261 | BB25: =$F25*AN25 -> 92458.718 | BC25: =AS25*AM25 -> 203.03164 | BD25: =AT25*AL25 -> 1275.4717 | BF25: =IF($BF$3=1, -A25, 0) -> 2.5159278 | BG25: =RADIANS(BF25) -> 0.043911224 | BH25: 20 | BI25: =SQRT( (BJ25-BJ24)^2 + (BK25-BK24)^2 + (BL25-BL24)^2 ) + BI24 -> 1.498854 | BJ25: =D25 -> 1.481963 | BK25: =C25 -> 0 | BL25: 0 | BM25: =E25 -> 1.1996878 | BN25: =AJ25 -> -0.0017562163 | BO25: =AK25 -> 0.00053480835 | BP25: =0.5*($AU25+$AV25)+0.5*($AU25-$AV25)*COS(2*$BG25) + $AW25*SIN(2*$BG25) -> 8.7046171e-06 | BQ25: =0.5*($AU25+$AV25)-0.5*($AU25-$AV25)*COS(2*$BG25)-$AW25*SIN(2*$BG25) -> 0.0012613471 | BR25: =- 0.5*($AU25-$AV25)*SIN(2*$BG25) + $AW25*COS(2*$BG25) -> 4.1199974e-05 | BS25: =F25 -> 13878451 | BT25: =$BA25*COS($BG25) + $BB25*SIN($BG25) -> 12337.943 | BU25: =- $BA25*SIN($BG25) + $BB25*COS($BG25) -> 92005.806 | BV25: =0.5*($AX25+$AY25)+0.5*($AX25-$AY25)*COS(2*$BG25) + $AZ25*SIN(2*$BG25) -> 92.917653 | BW25: =0.5*($AX25+$AY25)-0.5*($AX25-$AY25)*COS(2*$BG25)-$AZ25*SIN(2*$BG25) -> 6050.3583 | BX25: =- 0.5*($AX25-$AY25)*SIN(2*$BG25) + $AZ25*COS(2*$BG25) -> 338.98673 | BY25: =AR25 -> 79.206885 | BZ25: =0.5*($AS25+$AT25)+0.5*($AS25-$AT25)*COS(2*$BG25) -> 171703.81 | CA25: =0.5*($AS25+$AT25)-0.5*($AS25-$AT25)*COS(2*$BG25) -> 152039.44 | CB25: =$BC25*COS($BG25) + $BD25*SIN($BG25) -> 258.82545 | CC25: =- $BC25*SIN($BG25) + $BD25*COS($BG25) -> 1265.3297 | CD25: =BJ25 -> 1.481963 | CF25: =$BS25*AF25 -> 12337.943 | CG25: =$BS25*AE25 -> 92005.806 | CH25: =BZ25*AD25 -> 266.03788 | CI25: =CA25*AC25 -> 1266.671 | CK25: =_xlfn.XLOOKUP(CO25,$BJ$6:$BJ$195,$BH$6:$BH$195, ,-1) -> 21 | CL25: =CK25+1 -> 22 | CN25: 20 | CO25: 1.5491 | CP25: 0.0191 | CQ25: =_xlfn.LET( _xlpm.r, $CO25, _xlpm.rp, _xlfn.XLOOKUP($CK25,$BH$6:$BH$195, $BJ$6:$BJ$195, , -1), _xlpm.rn, _xlfn.XLOOKUP($CL25,$BH$6:$BH$195, $BJ$6:$BJ$195, , -1), _xlpm.xp, _xlfn.XLOOKUP($CK25,$BH$6:$BH$195, BL$6:BL$195, , -1), _xlpm.xn, _xlfn.XLOOKUP($CL25,$BH$6:$BH$195, BL$6:BL$195, , -1), (_xlpm.r - _xlpm.rp)/(_xlpm.rn - _xlpm.rp)*(_xlpm.xn - _xlpm.xp) + _xlpm.xp ) -> 0 | CR25: =_xlfn.LET( _xlpm.r, $CO25, _xlpm.rp, _xlfn.XLOOKUP($CK25,$BH$6:$BH$195, $BJ$6:$BJ$195, , -1), _xlpm.rn, _xlfn.XLOOKUP($CL25,$BH$6:$BH$195, $BJ$6:$BJ$195, , -1), _xlpm.xp, _xlfn.XLOOKUP($CK25,$BH$6:$BH$195, BM$6:BM$195, , -1), _xlpm.xn, _xlfn.XLOOKUP($CL25,$BH$6:$BH$195, BM$6:BM$195, , -1), (_xlpm.r - _xlpm.rp)/(_xlpm.rn - _xlpm.rp)*(_xlpm.xn - _xlpm.xp) + _xlpm.xp ) -> 0.73476911 | CS25: =_xlfn.LET( _xlpm.r, $CO25, _xlpm.rp, _xlfn.XLOOKUP($CK25,$BH$6:$BH$195, $BJ$6:$BJ$195, , -1), _xlpm.rn, _xlfn.XLOOKUP($CL25,$BH$6:$BH$195, $BJ$6:$BJ$195, , -1), _xlpm.xp, _xlfn.XLOOKUP($CK25,$BH$6:$BH$195, BN$6:BN$195, , -1), _xlpm.xn, _xlfn.XLOOKUP($CL25,$BH$6:$BH$195, BN$6:BN$195, , -1), (_xlpm.r - _xlpm.rp)/(_xlpm.rn - _xlpm.rp)*(_xlpm.xn - _xlpm.xp) + _xlpm.xp ) -> 0.0065548353 | CT25: =_xlfn.LET( _xlpm.r, $CO25, _xlpm.rp, _xlfn.XLOOKUP($CK25,$BH$6:$BH$195, $BJ$6:$BJ$195, , -1), _xlpm.rn, _xlfn.XLOOKUP($CL25,$BH$6:$BH$195, $BJ$6:$BJ$195, , -1), _xlpm.xp, _xlfn.XLOOKUP($CK25,$BH$6:$BH$195, BO$6:BO$195, , -1), _xlpm.xn, _xlfn.XLOOKUP($CL25,$BH$6:$BH$195, BO$6:BO$195, , -1), (_xlpm.r - _xlpm.rp)/(_xlpm.rn - _xlpm.rp)*(_xlpm.xn - _xlpm.xp) + _xlpm.xp ) -> 0.00020857442 | CU25: =_xlfn.LET( _xlpm.r, $CO25, _xlpm.rp, _xlfn.XLOOKUP($CK25,$BH$6:$BH$195, $BJ$6:$BJ$195, , -1), _xlpm.rn, _xlfn.XLOOKUP($CL25,$BH$6:$BH$195, $BJ$6:$BJ$195, , -1), _xlpm.xp, _xlfn.XLOOKUP($CK25,$BH$6:$BH$195, BP$6:BP$195, , -1), _xlpm.xn, _xlfn.XLOOKUP($CL25,$BH$6:$BH$195, BP$6:BP$195, , -1), (_xlpm.r - _xlpm.rp)/(_xlpm.rn - _xlpm.rp)*(_xlpm.xn - _xlpm.xp) + _xlpm.xp ) -> 5.1734508e-06 | CV25: =_xlfn.LET( _xlpm.r, $CO25, _xlpm.rp, _xlfn.XLOOKUP($CK25,$BH$6:$BH$195, $BJ$6:$BJ$195, , -1), _xlpm.rn, _xlfn.XLOOKUP($CL25,$BH$6:$BH$195, $BJ$6:$BJ$195, , -1), _xlpm.xp, _xlfn.XLOOKUP($CK25,$BH$6:$BH$195, BQ$6:BQ$195, , -1), _xlpm.xn, _xlfn.XLOOKUP($CL25,$BH$6:$BH$195, BQ$6:BQ$195, , -1), (_xlpm.r - _xlpm.rp)/(_xlpm.rn - _xlpm.rp)*(_xlpm.xn - _xlpm.xp) + _xlpm.xp ) -> 0.00074464293 | CW25: =_xlfn.LET( _xlpm.r, $CO25, _xlpm.rp, _xlfn.XLOOKUP($CK25,$BH$6:$BH$195, $BJ$6:$BJ$195, , -1), _xlpm.rn, _xlfn.XLOOKUP($CL25,$BH$6:$BH$195, $BJ$6:$BJ$195, , -1), _xlpm.xp, _xlfn.XLOOKUP($CK25,$BH$6:$BH$195, BR$6:BR$195, , -1), _xlpm.xn, _xlfn.XLOOKUP($CL25,$BH$6:$BH$195, BR$6:BR$195, , -1), (_xlpm.r - _xlpm.rp)/(_xlpm.rn - _xlpm.rp)*(_xlpm.xn - _xlpm.xp) + _xlpm.xp ) -> 2.851005e-05 | CX25: =_xlfn.LET( _xlpm.r, $CO25, _xlpm.rp, _xlfn.XLOOKUP($CK25,$BH$6:$BH$195, $BJ$6:$BJ$195, , -1), _xlpm.rn, _xlfn.XLOOKUP($CL25,$BH$6:$BH$195, $BJ$6:$BJ$195, , -1), _xlpm.xp, _xlfn.XLOOKUP($CK25,$BH$6:$BH$195, BS$6:BS$195, , -1), _xlpm.xn, _xlfn.XLOOKUP($CL25,$BH$6:$BH$195, BS$6:BS$195, , -1), (_xlpm.r - _xlpm.rp)/(_xlpm.rn - _xlpm.rp)*(_xlpm.xn - _xlpm.xp) + _xlpm.xp ) -> 8807902.8 | ... DI25: =_xlfn.LET( _xlpm.r, $CO25, _xlpm.rp, _xlfn.XLOOKUP($CK25,$BH$6:$BH$195, $BJ$6:$BJ$195, , -1), _xlpm.rn, _xlfn.XLOOKUP($CL25,$BH$6:$BH$195, $BJ$6:$BJ$195, , -1), _xlpm.xp, _xlfn.XLOOKUP($CK25,$BH$6:$BH$195, CD$6:CD$195, , -1), _xlpm.xn, _xlfn.XLOOKUP($CL25,$BH$6:$BH$195, CD$6:CD$195, , -1), (_xlpm.r - _xlpm.rp)/(_xlpm.rn - _xlpm.rp)*(_xlpm.xn - _xlpm.xp) + _xlpm.xp ) -> 1.5491
A26: =NASA!BI27 -> -2.6001805 | B26: =NASA!BJ27 -> 0.13843 | C26: =NASA!BK27 -> 0 | D26: =NASA!BL27 -> 1.4920976 | E26: =NASA!BM27 -> 1.2962144 | F26: =NASA!BN27 -> 13922934 | G26: =NASA!BO27 -> 80.067829 | H26: =NASA!BP27 -> 0.0087376 | ... T26: =NASA!CB27 -> 21 | U26: =F26/ (2*(1+$U$3)) -> 5354974.5 | V26: 194672.71 | W26: 0.87 | X26: 0.77 | Z26: =C26 -> 0 | AA26: =J26 -> 0.0019558 | AB26: =K26 -> 0.0006858 | AC26: =H26 -> 0.0087376 | AD26: =I26 -> 0.0016764 | AE26: =L26 -> 0.0068072 | AF26: =M26 -> 0.0009144 | AH26: =IF($AH$3=1, A26, 0) -> -2.6001805 | AI26: =RADIANS(AH26) -> -0.045381712 | AJ26: =AA26*COS($AI26) - AB26*SIN($AI26) -> 0.0019848985 | AK26: =AA26*SIN($AI26) + AB26*COS($AI26) -> 0.00059636683 | AL26: =AC26*COS($AI26) - AD26*SIN($AI26) -> 0.0088046558 | AM26: =AC26*SIN($AI26) + AD26*COS($AI26) -> 0.0012782829 | AN26: =AE26*COS($AI26) - AF26*SIN($AI26) -> 0.0068416743 | AO26: =AE26*SIN($AI26) + AF26*COS($AI26) -> 0.0006046422 | AR26: =G26 -> 80.067829 | AS26: {=W26 * _xlfn.IFS( $AT$4="P", $U26, $AT$4="A", $V26)} -> 169365.26 | AT26: {=X26 * _xlfn.IFS( $AT$4="P", $U26, $AT$4="A", $V26)} -> 149897.98 | AU26: =Q26 + (E26*AK26^2)*$AW$2 -> 8.7346952e-06 | AV26: =R26 + (E26*AJ26^2)*$AW$2 -> 0.0015352951 | AW26: =S26 + (E26*AJ26*AK26)*$AW$2 -> -2.1507423e-05 | AX26: =N26 + (F26*AO26^2)*$AW$2 -> 75.377616 | AY26: =O26 + (F26*AN26^2)*$AW$2 -> 6247.8503 | AZ26: =P26 + (F26*AN26*AO26)*$AW$2 -> 74.355622 | BA26: =$F26*AO26 -> 8418.3932 | BB26: =$F26*AN26 -> 95256.177 | BC26: =AS26*AM26 -> 216.49671 | BD26: =AT26*AL26 -> 1319.8002 | BF26: =IF($BF$3=1, -A26, 0) -> 2.6001805 | BG26: =RADIANS(BF26) -> 0.045381712 | BH26: 21 | BI26: =SQRT( (BJ26-BJ25)^2 + (BK26-BK25)^2 + (BL26-BL25)^2 ) + BI25 -> 1.5089886 | BJ26: =D26 -> 1.4920976 | BK26: =C26 -> 0 | BL26: 0 | BM26: =E26 -> 1.2962144 | BN26: =AJ26 -> 0.0019848985 | BO26: =AK26 -> 0.00059636683 | BP26: =0.5*($AU26+$AV26)+0.5*($AU26-$AV26)*COS(2*$BG26) + $AW26*SIN(2*$BG26) -> 9.92708e-06 | BQ26: =0.5*($AU26+$AV26)-0.5*($AU26-$AV26)*COS(2*$BG26)-$AW26*SIN(2*$BG26) -> 0.0015341027 | BR26: =- 0.5*($AU26-$AV26)*SIN(2*$BG26) + $AW26*COS(2*$BG26) -> 4.7763949e-05 | BS26: =F26 -> 13922934 | BT26: =$BA26*COS($BG26) + $BB26*SIN($BG26) -> 12731.131 | BU26: =- $BA26*SIN($BG26) + $BB26*COS($BG26) -> 94776.194 | BV26: =0.5*($AX26+$AY26)+0.5*($AX26-$AY26)*COS(2*$BG26) + $AZ26*SIN(2*$BG26) -> 94.820606 | BW26: =0.5*($AX26+$AY26)-0.5*($AX26-$AY26)*COS(2*$BG26)-$AZ26*SIN(2*$BG26) -> 6228.4073 | BX26: =- 0.5*($AX26-$AY26)*SIN(2*$BG26) + $AZ26*COS(2*$BG26) -> 353.78249 | BY26: =AR26 -> 80.067829 | BZ26: =0.5*($AS26+$AT26)+0.5*($AS26-$AT26)*COS(2*$BG26) -> 169325.19 | CA26: =0.5*($AS26+$AT26)-0.5*($AS26-$AT26)*COS(2*$BG26) -> 149938.05 | CB26: =$BC26*COS($BG26) + $BD26*SIN($BG26) -> 276.14804 | CC26: =- $BC26*SIN($BG26) + $BD26*COS($BG26) -> 1308.6197 | CD26: =BJ26 -> 1.4920976 | CF26: =$BS26*AF26 -> 12731.131 | CG26: =$BS26*AE26 -> 94776.194 | CH26: =BZ26*AD26 -> 283.85675 | CI26: =CA26*AC26 -> 1310.0987 | CK26: =_xlfn.XLOOKUP(CO26,$BJ$6:$BJ$195,$BH$6:$BH$195, ,-1) -> 21 | CL26: =CK26+1 -> 22 | CN26: 21 | CO26: 1.5824 | CP26: 0.0382 | CQ26: =_xlfn.LET( _xlpm.r, $CO26, _xlpm.rp, _xlfn.XLOOKUP($CK26,$BH$6:$BH$195, $BJ$6:$BJ$195, , -1), _xlpm.rn, _xlfn.XLOOKUP($CL26,$BH$6:$BH$195, $BJ$6:$BJ$195, , -1), _xlpm.xp, _xlfn.XLOOKUP($CK26,$BH$6:$BH$195, BL$6:BL$195, , -1), _xlpm.xn, _xlfn.XLOOKUP($CL26,$BH$6:$BH$195, BL$6:BL$195, , -1), (_xlpm.r - _xlpm.rp)/(_xlpm.rn - _xlpm.rp)*(_xlpm.xn - _xlpm.xp) + _xlpm.xp ) -> 0 | CR26: =_xlfn.LET( _xlpm.r, $CO26, _xlpm.rp, _xlfn.XLOOKUP($CK26,$BH$6:$BH$195, $BJ$6:$BJ$195, , -1), _xlpm.rn, _xlfn.XLOOKUP($CL26,$BH$6:$BH$195, $BJ$6:$BJ$195, , -1), _xlpm.xp, _xlfn.XLOOKUP($CK26,$BH$6:$BH$195, BM$6:BM$195, , -1), _xlpm.xn, _xlfn.XLOOKUP($CL26,$BH$6:$BH$195, BM$6:BM$195, , -1), (_xlpm.r - _xlpm.rp)/(_xlpm.rn - _xlpm.rp)*(_xlpm.xn - _xlpm.xp) + _xlpm.xp ) -> 0.40678069 | CS26: =_xlfn.LET( _xlpm.r, $CO26, _xlpm.rp, _xlfn.XLOOKUP($CK26,$BH$6:$BH$195, $BJ$6:$BJ$195, , -1), _xlpm.rn, _xlfn.XLOOKUP($CL26,$BH$6:$BH$195, $BJ$6:$BJ$195, , -1), _xlpm.xp, _xlfn.XLOOKUP($CK26,$BH$6:$BH$195, BN$6:BN$195, , -1), _xlpm.xn, _xlfn.XLOOKUP($CL26,$BH$6:$BH$195, BN$6:BN$195, , -1), (_xlpm.r - _xlpm.rp)/(_xlpm.rn - _xlpm.rp)*(_xlpm.xn - _xlpm.xp) + _xlpm.xp ) -> 0.0092245281 | CT26: =_xlfn.LET( _xlpm.r, $CO26, _xlpm.rp, _xlfn.XLOOKUP($CK26,$BH$6:$BH$195, $BJ$6:$BJ$195, , -1), _xlpm.rn, _xlfn.XLOOKUP($CL26,$BH$6:$BH$195, $BJ$6:$BJ$195, , -1), _xlpm.xp, _xlfn.XLOOKUP($CK26,$BH$6:$BH$195, BO$6:BO$195, , -1), _xlpm.xn, _xlfn.XLOOKUP($CL26,$BH$6:$BH$195, BO$6:BO$195, , -1), (_xlpm.r - _xlpm.rp)/(_xlpm.rn - _xlpm.rp)*(_xlpm.xn - _xlpm.xp) + _xlpm.xp ) -> -1.7968455e-05 | CU26: =_xlfn.LET( _xlpm.r, $CO26, _xlpm.rp, _xlfn.XLOOKUP($CK26,$BH$6:$BH$195, $BJ$6:$BJ$195, , -1), _xlpm.rn, _xlfn.XLOOKUP($CL26,$BH$6:$BH$195, $BJ$6:$BJ$195, , -1), _xlpm.xp, _xlfn.XLOOKUP($CK26,$BH$6:$BH$195, BP$6:BP$195, , -1), _xlpm.xn, _xlfn.XLOOKUP($CL26,$BH$6:$BH$195, BP$6:BP$195, , -1), (_xlpm.r - _xlpm.rp)/(_xlpm.rn - _xlpm.rp)*(_xlpm.xn - _xlpm.xp) + _xlpm.xp ) -> 2.3964475e-06 | CV26: =_xlfn.LET( _xlpm.r, $CO26, _xlpm.rp, _xlfn.XLOOKUP($CK26,$BH$6:$BH$195, $BJ$6:$BJ$195, , -1), _xlpm.rn, _xlfn.XLOOKUP($CL26,$BH$6:$BH$195, $BJ$6:$BJ$195, , -1), _xlpm.xp, _xlfn.XLOOKUP($CK26,$BH$6:$BH$195, BQ$6:BQ$195, , -1), _xlpm.xn, _xlfn.XLOOKUP($CL26,$BH$6:$BH$195, BQ$6:BQ$195, , -1), (_xlpm.r - _xlpm.rp)/(_xlpm.rn - _xlpm.rp)*(_xlpm.xn - _xlpm.xp) + _xlpm.xp ) -> 0.00028345164 | CW26: =_xlfn.LET( _xlpm.r, $CO26, _xlpm.rp, _xlfn.XLOOKUP($CK26,$BH$6:$BH$195, $BJ$6:$BJ$195, , -1), _xlpm.rn, _xlfn.XLOOKUP($CL26,$BH$6:$BH$195, $BJ$6:$BJ$195, , -1), _xlpm.xp, _xlfn.XLOOKUP($CK26,$BH$6:$BH$195, BR$6:BR$195, , -1), _xlpm.xn, _xlfn.XLOOKUP($CL26,$BH$6:$BH$195, BR$6:BR$195, , -1), (_xlpm.r - _xlpm.rp)/(_xlpm.rn - _xlpm.rp)*(_xlpm.xn - _xlpm.xp) + _xlpm.xp ) -> 1.7262193e-05 | CX26: =_xlfn.LET( _xlpm.r, $CO26, _xlpm.rp, _xlfn.XLOOKUP($CK26,$BH$6:$BH$195, $BJ$6:$BJ$195, , -1), _xlpm.rn, _xlfn.XLOOKUP($CL26,$BH$6:$BH$195, $BJ$6:$BJ$195, , -1), _xlpm.xp, _xlfn.XLOOKUP($CK26,$BH$6:$BH$195, BS$6:BS$195, , -1), _xlpm.xn, _xlfn.XLOOKUP($CL26,$BH$6:$BH$195, BS$6:BS$195, , -1), (_xlpm.r - _xlpm.rp)/(_xlpm.rn - _xlpm.rp)*(_xlpm.xn - _xlpm.xp) + _xlpm.xp ) -> 5819773.7 | ... DI26: =_xlfn.LET( _xlpm.r, $CO26, _xlpm.rp, _xlfn.XLOOKUP($CK26,$BH$6:$BH$195, $BJ$6:$BJ$195, , -1), _xlpm.rn, _xlfn.XLOOKUP($CL26,$BH$6:$BH$195, $BJ$6:$BJ$195, , -1), _xlpm.xp, _xlfn.XLOOKUP($CK26,$BH$6:$BH$195, CD$6:CD$195, , -1), _xlpm.xn, _xlfn.XLOOKUP($CL26,$BH$6:$BH$195, CD$6:CD$195, , -1), (_xlpm.r - _xlpm.rp)/(_xlpm.rn - _xlpm.rp)*(_xlpm.xn - _xlpm.xp) + _xlpm.xp ) -> 1.5824
